date,home_team,away_team,home_score,away_score,tournament,city,country,neutral,year,home_rank,away_rank,rank_difference,home_avg_age,home_market_value,away_avg_age,away_market_value,age_difference,value_difference,result,home_form,away_form,form_difference
2022-01-01,Thailand,Indonesia,2.0,2.0,AFF Championship,Kallang,Singapore,True,2022,111,151,-40,28.5,6550000.0,25.7,19550000.0,2.8000000000000007,-13000000.0,0,0,0,0
2022-01-09,Cameroon,Burkina Faso,2.0,1.0,African Cup of Nations,Yaoundé,Cameroon,False,2022,33,50,-17,23.7,198700000.0,25.0,110500000.0,-1.3000000000000007,88200000.0,1,0,0,0
2022-01-09,Ethiopia,Cabo Verde,0.0,1.0,African Cup of Nations,Yaoundé,Cameroon,True,2022,138,72,66,27.6,2900000.0,29.7,54500000.0,-2.099999999999998,-51600000.0,2,0,0,0
2022-01-10,Senegal,Zimbabwe,1.0,0.0,African Cup of Nations,Bafoussam,Cameroon,True,2022,19,125,-106,27.1,478100000.0,26.0,25330000.0,1.1000000000000014,452770000.0,1,0,0,0
2022-01-10,Guinea,Malawi,1.0,0.0,African Cup of Nations,Bafoussam,Cameroon,True,2022,83,124,-41,24.6,74130000.0,26.4,1950000.0,-1.7999999999999972,72180000.0,1,0,0,0
2022-01-10,Morocco,Ghana,1.0,0.0,African Cup of Nations,Yaoundé,Cameroon,True,2022,11,58,-47,26.6,447700000.0,26.8,234600000.0,-0.1999999999999993,213100000.0,1,0,0,0
2022-01-10,Comoros,Gabon,0.0,1.0,African Cup of Nations,Yaoundé,Cameroon,True,2022,129,79,50,23.7,3800000.0,27.6,35280000.0,-3.900000000000002,-31480000.0,2,0,0,0
2022-01-11,Nigeria,Egypt,1.0,0.0,African Cup of Nations,Garoua,Cameroon,True,2022,35,39,-4,26.6,172050000.0,29.1,116480000.0,-2.5,55570000.0,1,0,0,0
2022-01-11,Sudan,Guinea-Bissau,0.0,0.0,African Cup of Nations,Garoua,Cameroon,True,2022,128,118,10,29.2,3280000.0,26.6,39450000.0,2.599999999999998,-36170000.0,0,0,0,0
2022-01-11,Algeria,Sierra Leone,0.0,0.0,African Cup of Nations,Douala,Cameroon,True,2022,40,116,-76,26.9,256899999.99999997,24.3,13330000.0,2.599999999999998,243569999.99999997,0,0,0,0
2022-01-12,Equatorial Guinea,Côte d'Ivoire,0.0,1.0,African Cup of Nations,Douala,Cameroon,True,2022,98,47,51,26.2,4200000.0,25.9,522100000.0,0.3000000000000007,-517900000.0,2,0,0,0
2022-01-12,Tunisia,Mali,0.0,1.0,African Cup of Nations,Limbé,Cameroon,True,2022,30,45,-15,26.7,69950000.0,25.6,116550000.0,1.0999999999999979,-46600000.0,2,0,0,0
2022-01-12,Mauritania,The Gambia,0.0,1.0,African Cup of Nations,Limbé,Cameroon,True,2022,103,126,-23,26.9,25350000.0,25.2,78780000.0,1.6999999999999993,-53430000.0,2,0,0,0
2022-01-13,Cameroon,Ethiopia,4.0,1.0,African Cup of Nations,Yaoundé,Cameroon,False,2022,33,138,-105,23.7,198700000.0,27.6,2900000.0,-3.900000000000002,195800000.0,1,3,0,3
2022-01-13,Cabo Verde,Burkina Faso,0.0,1.0,African Cup of Nations,Yaoundé,Cameroon,True,2022,72,50,22,29.7,54500000.0,25.0,110500000.0,4.699999999999999,-56000000.0,2,3,0,3
2022-01-14,Senegal,Guinea,0.0,0.0,African Cup of Nations,Bafoussam,Cameroon,True,2022,19,83,-64,27.1,478100000.0,24.6,74130000.0,2.5,403970000.0,0,3,3,0
2022-01-14,Malawi,Zimbabwe,2.0,1.0,African Cup of Nations,Bafoussam,Cameroon,True,2022,124,125,-1,26.4,1950000.0,26.0,25330000.0,0.3999999999999986,-23380000.0,1,0,0,0
2022-01-14,Morocco,Comoros,2.0,0.0,African Cup of Nations,Yaoundé,Cameroon,True,2022,11,129,-118,26.6,447700000.0,23.7,3800000.0,2.900000000000002,443900000.0,1,3,0,3
2022-01-14,Gabon,Ghana,1.0,1.0,African Cup of Nations,Yaoundé,Cameroon,True,2022,79,58,21,27.6,35280000.0,26.8,234600000.0,0.8000000000000007,-199320000.0,0,3,0,3
2022-01-15,Nigeria,Sudan,3.0,1.0,African Cup of Nations,Garoua,Cameroon,True,2022,35,128,-93,26.6,172050000.0,29.2,3280000.0,-2.599999999999998,168770000.0,1,3,1,2
2022-01-15,Guinea-Bissau,Egypt,0.0,1.0,African Cup of Nations,Garoua,Cameroon,True,2022,118,39,79,26.6,39450000.0,29.1,116480000.0,-2.5,-77030000.0,2,1,0,1
2022-01-16,Côte d'Ivoire,Sierra Leone,2.0,2.0,African Cup of Nations,Douala,Cameroon,True,2022,47,116,-69,25.9,522100000.0,24.3,13330000.0,1.5999999999999979,508770000.0,0,3,1,2
2022-01-16,Algeria,Equatorial Guinea,0.0,1.0,African Cup of Nations,Douala,Cameroon,True,2022,40,98,-58,26.9,256899999.99999997,26.2,4200000.0,0.6999999999999993,252699999.99999997,2,1,0,1
2022-01-16,The Gambia,Mali,1.0,1.0,African Cup of Nations,Limbé,Cameroon,True,2022,126,45,81,25.2,78780000.0,25.6,116550000.0,-0.40000000000000213,-37770000.0,0,3,3,0
2022-01-16,Tunisia,Mauritania,4.0,0.0,African Cup of Nations,Limbé,Cameroon,True,2022,30,103,-73,26.7,69950000.0,26.9,25350000.0,-0.1999999999999993,44600000.0,1,0,0,0
2022-01-17,Burkina Faso,Ethiopia,1.0,1.0,African Cup of Nations,Bafoussam,Cameroon,True,2022,50,138,-88,25.0,110500000.0,27.6,2900000.0,-2.6000000000000014,107600000.0,0,3,0,3
2022-01-17,Cameroon,Cabo Verde,1.0,1.0,African Cup of Nations,Yaoundé,Cameroon,False,2022,33,72,-39,23.7,198700000.0,29.7,54500000.0,-6.0,144200000.0,0,6,3,3
2022-01-18,Malawi,Senegal,0.0,0.0,African Cup of Nations,Bafoussam,Cameroon,True,2022,124,19,105,26.4,1950000.0,27.1,478100000.0,-0.7000000000000028,-476150000.0,0,3,4,-1
2022-01-18,Zimbabwe,Guinea,2.0,1.0,African Cup of Nations,Yaoundé,Cameroon,True,2022,125,83,42,26.0,25330000.0,24.6,74130000.0,1.3999999999999986,-48800000.0,1,0,4,-4
2022-01-18,Gabon,Morocco,2.0,2.0,African Cup of Nations,Yaoundé,Cameroon,True,2022,79,11,68,27.6,35280000.0,26.6,447700000.0,1.0,-412420000.0,0,4,6,-2
2022-01-18,Ghana,Comoros,2.0,3.0,African Cup of Nations,Garoua,Cameroon,True,2022,58,129,-71,26.8,234600000.0,23.7,3800000.0,3.1000000000000014,230800000.0,2,1,0,1
2022-01-19,Egypt,Sudan,1.0,0.0,African Cup of Nations,Yaoundé,Cameroon,True,2022,39,128,-89,29.1,116480000.0,29.2,3280000.0,-0.09999999999999787,113200000.0,1,3,1,2
2022-01-19,Guinea-Bissau,Nigeria,0.0,2.0,African Cup of Nations,Garoua,Cameroon,True,2022,118,35,83,26.6,39450000.0,26.6,172050000.0,0.0,-132600000.0,2,1,6,-5
2022-01-20,Côte d'Ivoire,Algeria,3.0,1.0,African Cup of Nations,Douala,Cameroon,True,2022,47,40,7,25.9,522100000.0,26.9,256899999.99999997,-1.0,265200000.00000003,1,4,1,3
2022-01-20,Sierra Leone,Equatorial Guinea,0.0,1.0,African Cup of Nations,Limbé,Cameroon,True,2022,116,98,18,24.3,13330000.0,26.2,4200000.0,-1.8999999999999986,9130000.0,2,2,3,-1
2022-01-20,The Gambia,Tunisia,1.0,0.0,African Cup of Nations,Limbé,Cameroon,True,2022,126,30,96,25.2,78780000.0,26.7,69950000.0,-1.5,8830000.0,1,4,3,1
2022-01-20,Mali,Mauritania,2.0,0.0,African Cup of Nations,Douala,Cameroon,True,2022,45,103,-58,25.6,116550000.0,26.9,25350000.0,-1.2999999999999972,91200000.0,1,4,0,4
2022-01-23,Burkina Faso,Gabon,1.0,1.0,African Cup of Nations,Limbé,Cameroon,True,2022,50,79,-29,25.0,110500000.0,27.6,35280000.0,-2.6000000000000014,75220000.0,0,4,5,-1
2022-01-23,Nigeria,Tunisia,0.0,1.0,African Cup of Nations,Garoua,Cameroon,True,2022,35,30,5,26.6,172050000.0,26.7,69950000.0,-0.09999999999999787,102100000.0,2,9,3,6
2022-01-24,Cameroon,Comoros,2.0,1.0,African Cup of Nations,Yaoundé,Cameroon,False,2022,33,129,-96,23.7,198700000.0,23.7,3800000.0,0.0,194900000.0,1,7,3,4
2022-01-24,Guinea,The Gambia,0.0,1.0,African Cup of Nations,Bafoussam,Cameroon,True,2022,83,126,-43,24.6,74130000.0,25.2,78780000.0,-0.5999999999999979,-4650000.0,2,4,7,-3
2022-01-25,Morocco,Malawi,2.0,1.0,African Cup of Nations,Yaoundé,Cameroon,True,2022,11,124,-113,26.6,447700000.0,26.4,1950000.0,0.20000000000000284,445750000.0,1,7,4,3
2022-01-25,Senegal,Cabo Verde,2.0,0.0,African Cup of Nations,Bafoussam,Cameroon,True,2022,19,72,-53,27.1,478100000.0,29.7,54500000.0,-2.599999999999998,423600000.0,1,5,4,1
2022-01-26,Côte d'Ivoire,Egypt,0.0,0.0,African Cup of Nations,Douala,Cameroon,True,2022,47,39,8,25.9,522100000.0,29.1,116480000.0,-3.200000000000003,405620000.0,0,7,6,1
2022-01-26,Mali,Equatorial Guinea,0.0,0.0,African Cup of Nations,Limbé,Cameroon,True,2022,45,98,-53,25.6,116550000.0,26.2,4200000.0,-0.5999999999999979,112350000.0,0,7,6,1
2022-01-27,Jamaica,Mexico,1.0,2.0,FIFA World Cup qualification,Kingston,Jamaica,False,2022,64,15,49,23.1,9050000.0,27.9,191850000.0,-4.799999999999997,-182800000.0,2,0,0,0
2022-01-27,USA,El Salvador,1.0,0.0,FIFA World Cup qualification,Columbus,USA,False,2022,13,74,-61,26.9,385650000.0,26.8,7130000.0,0.09999999999999787,378520000.0,1,0,0,0
2022-01-27,Honduras,Canada,0.0,2.0,FIFA World Cup qualification,San Pedro Sula,Honduras,False,2022,81,53,28,25.4,20930000.0,27.0,198650000.0,-1.6000000000000014,-177720000.0,2,0,0,0
2022-01-27,Costa Rica,Panama,1.0,0.0,FIFA World Cup qualification,San José,Costa Rica,False,2022,32,61,-29,24.8,28200000.0,30.5,34550000.0,-5.699999999999999,-6350000.0,1,0,0,0
2022-01-27,Lebanon,Korea Republic,0.0,1.0,FIFA World Cup qualification,Sidon,Lebanon,False,2022,100,25,75,28.9,5550000.0,28.1,139050000.0,0.7999999999999972,-133500000.0,2,0,0,0
2022-01-27,IR Iran,Iraq,1.0,0.0,FIFA World Cup qualification,Tehran,IR Iran,False,2022,24,68,-44,30.4,32049999.999999996,26.9,21200000.0,3.5,10849999.999999996,1,0,0,0
2022-01-27,United Arab Emirates,Syria,2.0,0.0,FIFA World Cup qualification,Dubai,United Arab Emirates,False,2022,70,90,-20,26.7,29050000.0,28.0,7930000.0,-1.3000000000000007,21120000.0,1,0,0,0
2022-01-27,Japan,China,2.0,0.0,FIFA World Cup qualification,Saitama,Japan,False,2022,20,80,-60,27.8,270850000.0,27.9,14330000.0,-0.09999999999999787,256520000.0,1,0,0,0
2022-01-27,Australia,Vietnam,4.0,0.0,FIFA World Cup qualification,Melbourne,Australia,False,2022,27,96,-69,27.4,77450000.0,28.1,6380000.0,-0.7000000000000028,71070000.0,1,0,0,0
2022-01-27,Saudi Arabia,Oman,1.0,0.0,FIFA World Cup qualification,Jeddah,Saudi Arabia,False,2022,49,75,-26,28.5,40680000.0,28.7,8330000.0,-0.1999999999999993,32350000.0,1,0,0,0
2022-01-27,Ecuador,Brazil,1.0,1.0,FIFA World Cup qualification,Quito,Ecuador,False,2022,41,1,40,26.1,368700000.0,29.4,928200000.0,-3.299999999999997,-559500000.0,0,0,0,0
2022-01-27,Paraguay,Uruguay,0.0,1.0,FIFA World Cup qualification,Asunción,Paraguay,False,2022,46,16,30,29.1,153650000.0,28.8,359300000.0,0.3000000000000007,-205650000.0,2,0,0,0
2022-01-27,Chile,Argentina,1.0,2.0,FIFA World Cup qualification,Calama,Chile,False,2022,31,2,29,25.9,66800000.0,29.1,807500000.0,-3.200000000000003,-740700000.0,2,0,0,0
2022-01-28,Colombia,Peru,0.0,1.0,FIFA World Cup qualification,Barranquilla,Colombia,False,2022,17,21,-4,30.1,302350000.0,27.1,30580000.0,3.0,271770000.0,2,0,0,0
2022-01-28,Venezuela,Bolivia,4.0,1.0,FIFA World Cup qualification,Barinas,Venezuela,False,2022,55,82,-27,25.6,79000000.0,23.8,18050000.0,1.8000000000000007,60950000.0,1,0,0,0
2022-01-29,Burkina Faso,Tunisia,1.0,0.0,African Cup of Nations,Garoua,Cameroon,True,2022,50,30,20,25.0,110500000.0,26.7,69950000.0,-1.6999999999999993,40550000.0,1,5,6,-1
2022-01-29,Cameroon,The Gambia,2.0,0.0,African Cup of Nations,Douala,Cameroon,False,2022,33,126,-93,23.7,198700000.0,25.2,78780000.0,-1.5,119920000.0,1,10,10,0
2022-01-30,Egypt,Morocco,2.0,1.0,African Cup of Nations,Yaoundé,Cameroon,True,2022,39,11,28,29.1,116480000.0,26.6,447700000.0,2.5,-331220000.0,1,7,10,-3
2022-01-30,Senegal,Equatorial Guinea,3.0,1.0,African Cup of Nations,Yaoundé,Cameroon,True,2022,19,98,-79,27.1,478100000.0,26.2,4200000.0,0.9000000000000021,473900000.0,1,8,7,1
2022-01-30,Canada,USA,2.0,0.0,FIFA World Cup qualification,Hamilton,Canada,False,2022,53,13,40,27.0,198650000.0,26.9,385650000.0,0.10000000000000142,-187000000.0,1,3,3,0
2022-01-30,Mexico,Costa Rica,0.0,0.0,FIFA World Cup qualification,Mexico City,Mexico,False,2022,15,32,-17,27.9,191850000.0,24.8,28200000.0,3.099999999999998,163650000.0,0,3,3,0
2022-01-30,Panama,Jamaica,3.0,2.0,FIFA World Cup qualification,Panama City,Panama,False,2022,61,64,-3,30.5,34550000.0,23.1,9050000.0,7.399999999999999,25500000.0,1,0,0,0
2022-01-30,Honduras,El Salvador,0.0,2.0,FIFA World Cup qualification,San Pedro Sula,Honduras,False,2022,81,74,7,25.4,20930000.0,26.8,7130000.0,-1.4000000000000021,13800000.0,2,0,0,0
2022-02-01,Lebanon,Iraq,1.0,1.0,FIFA World Cup qualification,Sidon,Lebanon,False,2022,100,68,32,28.9,5550000.0,26.9,21200000.0,2.0,-15650000.0,0,0,0,0
2022-02-01,IR Iran,United Arab Emirates,1.0,0.0,FIFA World Cup qualification,Tehran,IR Iran,False,2022,24,70,-46,30.4,32049999.999999996,26.7,29050000.0,3.6999999999999993,2999999.9999999963,1,3,3,0
2022-02-01,Syria,Korea Republic,0.0,2.0,FIFA World Cup qualification,Dubai,United Arab Emirates,True,2022,90,25,65,28.0,7930000.0,28.1,139050000.0,-0.10000000000000142,-131120000.0,2,0,3,-3
2022-02-01,Vietnam,China,3.0,1.0,FIFA World Cup qualification,Hanoi,Vietnam,False,2022,96,80,16,28.1,6380000.0,27.9,14330000.0,0.20000000000000284,-7950000.0,1,0,0,0
2022-02-01,Japan,Saudi Arabia,2.0,0.0,FIFA World Cup qualification,Saitama,Japan,False,2022,20,49,-29,27.8,270850000.0,28.5,40680000.0,-0.6999999999999993,230170000.0,1,3,3,0
2022-02-01,Oman,Australia,2.0,2.0,FIFA World Cup qualification,Muscat,Oman,False,2022,75,27,48,28.7,8330000.0,27.4,77450000.0,1.3000000000000007,-69120000.0,0,0,3,-3
2022-02-01,Bolivia,Chile,2.0,3.0,FIFA World Cup qualification,La Paz,Bolivia,False,2022,82,31,51,23.8,18050000.0,25.9,66800000.0,-2.099999999999998,-48750000.0,2,0,0,0
2022-02-01,Uruguay,Venezuela,4.0,1.0,FIFA World Cup qualification,Montevideo,Uruguay,False,2022,16,55,-39,28.8,359300000.0,25.6,79000000.0,3.1999999999999993,280300000.0,1,3,3,0
2022-02-01,Argentina,Colombia,1.0,0.0,FIFA World Cup qualification,Córdoba,Argentina,False,2022,2,17,-15,29.1,807500000.0,30.1,302350000.0,-1.0,505150000.0,1,3,0,3
2022-02-01,Peru,Ecuador,1.0,1.0,FIFA World Cup qualification,Lima,Peru,False,2022,21,41,-20,27.1,30580000.0,26.1,368700000.0,1.0,-338120000.0,0,3,1,2
2022-02-01,Brazil,Paraguay,4.0,0.0,FIFA World Cup qualification,Belo Horizonte,Brazil,False,2022,1,46,-45,29.4,928200000.0,29.1,153650000.0,0.29999999999999716,774550000.0,1,1,0,1
2022-02-02,Burkina Faso,Senegal,1.0,3.0,African Cup of Nations,Yaoundé,Cameroon,True,2022,50,19,31,25.0,110500000.0,27.1,478100000.0,-2.1000000000000014,-367600000.0,2,8,11,-3
2022-02-02,USA,Honduras,3.0,0.0,FIFA World Cup qualification,Saint Paul,USA,False,2022,13,81,-68,26.9,385650000.0,25.4,20930000.0,1.5,364720000.0,1,3,0,3
2022-02-02,Jamaica,Costa Rica,0.0,1.0,FIFA World Cup qualification,Kingston,Jamaica,False,2022,64,32,32,23.1,9050000.0,24.8,28200000.0,-1.6999999999999993,-19150000.0,2,0,4,-4
2022-02-02,El Salvador,Canada,0.0,2.0,FIFA World Cup qualification,San Salvador,El Salvador,False,2022,74,53,21,26.8,7130000.0,27.0,198650000.0,-0.1999999999999993,-191520000.0,2,3,6,-3
2022-02-02,Mexico,Panama,1.0,0.0,FIFA World Cup qualification,Mexico City,Mexico,False,2022,15,61,-46,27.9,191850000.0,30.5,34550000.0,-2.6000000000000014,157300000.0,1,4,3,1
2022-02-03,Cameroon,Egypt,0.0,0.0,African Cup of Nations,Yaoundé,Cameroon,False,2022,33,39,-6,23.7,198700000.0,29.1,116480000.0,-5.400000000000002,82220000.0,0,13,10,3
2022-02-05,Cameroon,Burkina Faso,3.0,3.0,African Cup of Nations,Yaoundé,Cameroon,False,2022,33,50,-17,23.7,198700000.0,25.0,110500000.0,-1.3000000000000007,88200000.0,0,11,8,3
2022-02-06,Senegal,Egypt,0.0,0.0,African Cup of Nations,Yaoundé,Cameroon,True,2022,19,39,-20,27.1,478100000.0,29.1,116480000.0,-2.0,361620000.0,0,11,11,0
2022-03-17,Cook Islands,Solomon Islands,0.0,2.0,FIFA World Cup qualification,Doha,Qatar,True,2022,189,136,53,29.0,110000.0,25.6,450000.0,3.3999999999999986,-340000.0,2,0,0,0
2022-03-18,Papua New Guinea,New Zealand,0.0,1.0,FIFA World Cup qualification,Doha,Qatar,True,2022,158,105,53,29.6,,28.1,34350000.0,1.5,,2,0,0,0
2022-03-18,New Caledonia,Fiji,1.0,2.0,FIFA World Cup qualification,Doha,Qatar,True,2022,161,163,-2,28.8,5200000.0,28.3,2450000.0,0.5,2750000.0,2,0,0,0
2022-03-21,Papua New Guinea,New Caledonia,1.0,0.0,FIFA World Cup qualification,Doha,Qatar,True,2022,158,161,-3,29.6,,28.8,5200000.0,0.8000000000000007,,1,0,0,0
2022-03-21,New Zealand,Fiji,4.0,0.0,FIFA World Cup qualification,Doha,Qatar,True,2022,105,163,-58,28.1,34350000.0,28.3,2450000.0,-0.1999999999999993,31900000.0,1,3,3,0
2022-03-23,Chad,The Gambia,0.0,1.0,African Cup of Nations qualification,Yaoundé,Cameroon,True,2022,181,126,55,24.3,8550000.0,25.2,78780000.0,-0.8999999999999986,-70230000.0,2,0,10,-10
2022-03-23,Djibouti,South Sudan,2.0,4.0,African Cup of Nations qualification,Alexandria,Egypt,True,2022,193,165,28,26.3,575000.0,25.3,1600000.0,1.0,-1025000.0,2,0,0,0
2022-03-23,Seychelles,Lesotho,0.0,0.0,African Cup of Nations qualification,Saint Pierre,Mauritius,True,2022,199,147,52,24.5,1030000.0,28.3,575000.0,-3.8000000000000007,455000.0,0,0,0,0
2022-03-23,Somalia,Eswatini,0.0,3.0,African Cup of Nations qualification,Dar es Salaam,Tanzania,True,2022,204,143,61,25.9,760000.0,26.5,1080000.0,-0.6000000000000014,-320000.0,2,0,0,0
2022-03-24,Jamaica,El Salvador,1.0,1.0,FIFA World Cup qualification,Kingston,Jamaica,False,2022,64,74,-10,23.1,9050000.0,26.8,7130000.0,-3.6999999999999993,1920000.0,0,0,3,-3
2022-03-24,Mexico,USA,0.0,0.0,FIFA World Cup qualification,Mexico City,Mexico,False,2022,15,13,2,27.9,191850000.0,26.9,385650000.0,1.0,-193800000.0,0,7,6,1
2022-03-24,Panama,Honduras,1.0,1.0,FIFA World Cup qualification,Panama City,Panama,False,2022,61,81,-20,30.5,34550000.0,25.4,20930000.0,5.100000000000001,13620000.0,0,3,0,3
2022-03-24,Costa Rica,Canada,1.0,0.0,FIFA World Cup qualification,San José,Costa Rica,False,2022,32,53,-21,24.8,28200000.0,27.0,198650000.0,-2.1999999999999993,-170450000.0,1,7,9,-2
2022-03-24,Lebanon,Syria,0.0,3.0,FIFA World Cup qualification,Sidon,Lebanon,False,2022,100,90,10,28.9,5550000.0,28.0,7930000.0,0.8999999999999986,-2380000.0,2,1,0,1
2022-03-24,Iraq,United Arab Emirates,1.0,0.0,FIFA World Cup qualification,Riyadh,Saudi Arabia,True,2022,68,70,-2,26.9,21200000.0,26.7,29050000.0,0.1999999999999993,-7850000.0,1,1,3,-2
2022-03-24,Korea Republic,IR Iran,2.0,0.0,FIFA World Cup qualification,Seoul,Korea Republic,False,2022,25,24,1,28.1,139050000.0,30.4,32049999.999999996,-2.299999999999997,107000000.0,1,6,6,0
2022-03-24,China,Saudi Arabia,1.0,1.0,FIFA World Cup qualification,Sharjah,United Arab Emirates,True,2022,80,49,31,27.9,14330000.0,28.5,40680000.0,-0.6000000000000014,-26350000.0,0,0,3,-3
2022-03-24,Vietnam,Oman,0.0,1.0,FIFA World Cup qualification,Hanoi,Vietnam,False,2022,96,75,21,28.1,6380000.0,28.7,8330000.0,-0.5999999999999979,-1950000.0,2,3,1,2
2022-03-24,Australia,Japan,0.0,2.0,FIFA World Cup qualification,Sydney,Australia,False,2022,27,20,7,27.4,77450000.0,27.8,270850000.0,-0.40000000000000213,-193400000.0,2,4,6,-2
2022-03-24,Solomon Islands,Tahiti,3.0,1.0,FIFA World Cup qualification,Doha,Qatar,True,2022,136,162,-26,25.6,450000.0,29.1,60000.0,-3.5,390000.0,1,3,0,3
2022-03-24,Fiji,Papua New Guinea,1.0,2.0,FIFA World Cup qualification,Doha,Qatar,True,2022,163,158,5,28.3,2450000.0,29.6,,-1.3000000000000007,,2,3,3,0
2022-03-24,New Zealand,New Caledonia,7.0,1.0,FIFA World Cup qualification,Doha,Qatar,True,2022,105,161,-56,28.1,34350000.0,28.8,5200000.0,-0.6999999999999993,29150000.0,1,6,0,6
2022-03-24,Colombia,Bolivia,3.0,0.0,FIFA World Cup qualification,Barranquilla,Colombia,False,2022,17,82,-65,30.1,302350000.0,23.8,18050000.0,6.300000000000001,284300000.0,1,0,0,0
2022-03-24,Brazil,Chile,4.0,0.0,FIFA World Cup qualification,Rio de Janeiro,Brazil,False,2022,1,31,-30,29.4,928200000.0,25.9,66800000.0,3.5,861400000.0,1,4,3,1
2022-03-24,Paraguay,Ecuador,3.0,1.0,FIFA World Cup qualification,Ciudad del Este,Paraguay,False,2022,46,41,5,29.1,153650000.0,26.1,368700000.0,3.0,-215050000.0,1,0,2,-2
2022-03-24,Uruguay,Peru,1.0,0.0,FIFA World Cup qualification,Montevideo,Uruguay,False,2022,16,21,-5,28.8,359300000.0,27.1,30580000.0,1.6999999999999993,328720000.0,1,6,4,2
2022-03-24,Italy,North Macedonia,0.0,1.0,FIFA World Cup qualification,Palermo,Italy,False,2022,8,65,-57,21.0,315700000.0,27.8,34450000.0,-6.800000000000001,281250000.0,2,0,0,0
2022-03-24,Portugal,Turkey,3.0,1.0,FIFA World Cup qualification,Porto,Portugal,False,2022,9,44,-35,28.1,1010000000.0,27.7,473700000.0,0.40000000000000213,536300000.0,1,0,0,0
2022-03-24,Sweden,Czechia,1.0,0.0,FIFA World Cup qualification,Stockholm,Sweden,False,2022,23,38,-15,27.6,406080000.0,27.6,188180000.0,0.0,217900000.0,1,0,0,0
2022-03-24,Wales,Austria,2.0,1.0,FIFA World Cup qualification,Cardiff,Wales,False,2022,28,34,-6,26.6,180650000.0,28.6,245200000.0,-2.0,-64550000.0,1,0,0,0
2022-03-24,Estonia,Cyprus,0.0,0.0,UEFA Nations League,Tallinn,Estonia,False,2022,109,110,-1,25.5,13930000.0,26.8,19900000.0,-1.3000000000000007,-5970000.0,0,0,0,0
2022-03-24,Moldova,Kazakhstan,1.0,2.0,UEFA Nations League,Chișinău,Moldova,False,2022,174,115,59,25.1,9700000.0,26.0,16300000.0,-0.8999999999999986,-6600000.0,2,0,0,0
2022-03-24,Mauritius,São Tomé and Príncipe,3.0,0.0,African Cup of Nations qualification,Saint Pierre,Mauritius,False,2022,180,186,-6,28.3,800000.0,25.8,1430000.0,2.5,-630000.0,1,0,0,0
2022-03-25,Cameroon,Algeria,0.0,1.0,FIFA World Cup qualification,Douala,Cameroon,False,2022,33,40,-7,23.7,198700000.0,26.9,256899999.99999997,-3.1999999999999993,-58199999.99999997,2,9,1,8
2022-03-25,Congo DR,Morocco,1.0,1.0,FIFA World Cup qualification,Kinshasa,Congo DR,False,2022,73,11,62,29.1,143900000.0,26.6,447700000.0,2.5,-303800000.0,0,0,10,-10
2022-03-25,Egypt,Senegal,1.0,0.0,FIFA World Cup qualification,Cairo,Egypt,False,2022,39,19,20,29.1,116480000.0,27.1,478100000.0,2.0,-361620000.0,1,9,11,-2
2022-03-25,Ghana,Nigeria,0.0,0.0,FIFA World Cup qualification,Kumasi,Ghana,False,2022,58,35,23,26.8,234600000.0,26.6,172050000.0,0.1999999999999993,62550000.0,0,1,9,-8
2022-03-25,Mali,Tunisia,0.0,1.0,FIFA World Cup qualification,Bamako,Mali,False,2022,45,30,15,25.6,116550000.0,26.7,69950000.0,-1.0999999999999979,46600000.0,2,8,6,2
2022-03-25,Argentina,Venezuela,3.0,0.0,FIFA World Cup qualification,Buenos Aires,Argentina,False,2022,2,55,-53,29.1,807500000.0,25.6,79000000.0,3.5,728500000.0,1,6,3,3
2022-03-25,Tajikistan,Uganda,1.0,1.0,Navruz Cup,Namangan,Uzbekistan,True,2022,108,89,19,26.0,7780000.0,28.0,8630000.0,-2.0,-850000.0,0,0,0,0
2022-03-25,Uzbekistan,Kyrgyz Republic,3.0,1.0,Navruz Cup,Namangan,Uzbekistan,False,2022,77,94,-17,28.5,85330000.0,26.1,7050000.0,2.3999999999999986,78280000.0,1,0,0,0
2022-03-27,El Salvador,Costa Rica,1.0,2.0,FIFA World Cup qualification,San Salvador,El Salvador,False,2022,74,32,42,26.8,7130000.0,24.8,28200000.0,2.0,-21070000.0,2,4,10,-6
2022-03-27,Canada,Jamaica,4.0,0.0,FIFA World Cup qualification,Toronto,Canada,False,2022,53,64,-11,27.0,198650000.0,23.1,9050000.0,3.8999999999999986,189600000.0,1,9,1,8
2022-03-27,Honduras,Mexico,0.0,1.0,FIFA World Cup qualification,San Pedro Sula,Honduras,False,2022,81,15,66,25.4,20930000.0,27.9,191850000.0,-2.5,-170920000.0,2,1,8,-7
2022-03-27,USA,Panama,5.0,1.0,FIFA World Cup qualification,Orlando,USA,False,2022,13,61,-48,26.9,385650000.0,30.5,34550000.0,-3.6000000000000014,351100000.0,1,7,4,3
2022-03-27,New Zealand,Tahiti,1.0,0.0,FIFA World Cup qualification,Doha,Qatar,True,2022,105,162,-57,28.1,34350000.0,29.1,60000.0,-1.0,34290000.0,1,9,0,9
2022-03-27,Solomon Islands,Papua New Guinea,3.0,2.0,FIFA World Cup qualification,Doha,Qatar,True,2022,136,158,-22,25.6,450000.0,29.6,,-4.0,,1,6,6,0
2022-03-27,South Sudan,Djibouti,1.0,0.0,African Cup of Nations qualification,Entebbe,Uganda,True,2022,165,193,-28,25.3,1600000.0,26.3,575000.0,-1.0,1025000.0,1,3,0,3
2022-03-27,Lesotho,Seychelles,3.0,1.0,African Cup of Nations qualification,Soweto,South Africa,True,2022,147,199,-52,28.3,575000.0,24.5,1030000.0,3.8000000000000007,-455000.0,1,1,1,0
2022-03-27,Eswatini,Somalia,2.0,1.0,African Cup of Nations qualification,Mbombela,South Africa,True,2022,143,204,-61,26.5,1080000.0,25.9,760000.0,0.6000000000000014,320000.0,1,3,0,3
2022-03-27,Mauritius,São Tomé and Príncipe,3.0,3.0,African Cup of Nations qualification,Belle Vue Harel,Mauritius,False,2022,180,186,-6,28.3,800000.0,25.8,1430000.0,2.5,-630000.0,0,3,0,3
2022-03-29,Algeria,Cameroon,1.0,2.0,FIFA World Cup qualification,Blida,Algeria,False,2022,40,33,7,26.9,256899999.99999997,23.7,198700000.0,3.1999999999999993,58199999.99999997,2,4,8,-4
2022-03-29,Morocco,Congo DR,4.0,1.0,FIFA World Cup qualification,Casablanca,Morocco,False,2022,11,73,-62,26.6,447700000.0,29.1,143900000.0,-2.5,303800000.0,1,8,1,7
2022-03-29,Nigeria,Ghana,1.0,1.0,FIFA World Cup qualification,Abuja,Nigeria,False,2022,35,58,-23,26.6,172050000.0,26.8,234600000.0,-0.1999999999999993,-62550000.0,0,10,2,8
2022-03-29,Senegal,Egypt,1.0,0.0,FIFA World Cup qualification,Diamniadio,Senegal,False,2022,19,39,-20,27.1,478100000.0,29.1,116480000.0,-2.0,361620000.0,1,10,9,1
2022-03-29,Tunisia,Mali,0.0,0.0,FIFA World Cup qualification,Tunis,Tunisia,False,2022,30,45,-15,26.7,69950000.0,25.6,116550000.0,1.0999999999999979,-46600000.0,0,9,8,1
2022-03-29,IR Iran,Lebanon,2.0,0.0,FIFA World Cup qualification,Mashhad,IR Iran,False,2022,24,100,-76,30.4,32049999.999999996,28.9,5550000.0,1.5,26499999.999999996,1,6,1,5
2022-03-29,Syria,Iraq,1.0,1.0,FIFA World Cup qualification,Dubai,United Arab Emirates,True,2022,90,68,22,28.0,7930000.0,26.9,21200000.0,1.1000000000000014,-13270000.0,0,3,4,-1
2022-03-29,United Arab Emirates,Korea Republic,1.0,0.0,FIFA World Cup qualification,Dubai,United Arab Emirates,False,2022,70,25,45,26.7,29050000.0,28.1,139050000.0,-1.4000000000000021,-110000000.0,1,3,9,-6
2022-03-29,Japan,Vietnam,1.0,1.0,FIFA World Cup qualification,Saitama,Japan,False,2022,20,96,-76,27.8,270850000.0,28.1,6380000.0,-0.3000000000000007,264470000.0,0,9,3,6
2022-03-29,Oman,China,2.0,0.0,FIFA World Cup qualification,Muscat,Oman,False,2022,75,80,-5,28.7,8330000.0,27.9,14330000.0,0.8000000000000007,-6000000.0,1,4,1,3
2022-03-29,Saudi Arabia,Australia,1.0,0.0,FIFA World Cup qualification,Jeddah,Saudi Arabia,False,2022,49,27,22,28.5,40680000.0,27.4,77450000.0,1.1000000000000014,-36770000.0,1,4,4,0
2022-03-29,Ecuador,Argentina,1.0,1.0,FIFA World Cup qualification,Guayaquil,Ecuador,False,2022,41,2,39,26.1,368700000.0,29.1,807500000.0,-3.0,-438800000.0,0,2,9,-7
2022-03-29,Peru,Paraguay,2.0,0.0,FIFA World Cup qualification,Lima,Peru,False,2022,21,46,-25,27.1,30580000.0,29.1,153650000.0,-2.0,-123070000.0,1,4,3,1
2022-03-29,Bolivia,Brazil,0.0,4.0,FIFA World Cup qualification,La Paz,Bolivia,False,2022,82,1,81,23.8,18050000.0,29.4,928200000.0,-5.599999999999998,-910150000.0,2,0,7,-7
2022-03-29,Venezuela,Colombia,0.0,1.0,FIFA World Cup qualification,Guayana,Venezuela,False,2022,55,17,38,25.6,79000000.0,30.1,302350000.0,-4.5,-223350000.0,2,3,3,0
2022-03-29,Chile,Uruguay,0.0,2.0,FIFA World Cup qualification,Santiago,Chile,False,2022,31,16,15,25.9,66800000.0,28.8,359300000.0,-2.900000000000002,-292500000.0,2,3,9,-6
2022-03-29,Poland,Sweden,2.0,0.0,FIFA World Cup qualification,Chorzów,Poland,False,2022,22,23,-1,26.3,231600000.0,27.6,406080000.0,-1.3000000000000007,-174480000.0,1,0,3,-3
2022-03-29,Portugal,North Macedonia,2.0,0.0,FIFA World Cup qualification,Porto,Portugal,False,2022,9,65,-56,28.1,1010000000.0,27.8,34450000.0,0.3000000000000007,975550000.0,1,3,3,0
2022-03-29,Tajikistan,Kyrgyz Republic,1.0,0.0,Navruz Cup,Namangan,Uzbekistan,True,2022,108,94,14,26.0,7780000.0,26.1,7050000.0,-0.10000000000000142,730000.0,1,1,0,1
2022-03-29,Uzbekistan,Uganda,4.0,2.0,Navruz Cup,Namangan,Uzbekistan,False,2022,77,89,-12,28.5,85330000.0,28.0,8630000.0,0.5,76700000.0,1,3,1,2
2022-03-29,Cyprus,Estonia,2.0,0.0,UEFA Nations League,Larnaca,Cyprus,False,2022,110,109,1,26.8,19900000.0,25.5,13930000.0,1.3000000000000007,5970000.0,1,1,1,0
2022-03-29,Kazakhstan,Moldova,0.0,1.0,UEFA Nations League,Nur-Sultan,Kazakhstan,False,2022,115,174,-59,26.0,16300000.0,25.1,9700000.0,0.8999999999999986,6600000.0,2,3,0,3
2022-03-29,The Gambia,Chad,2.0,2.0,African Cup of Nations qualification,Agadir,Morocco,True,2022,126,181,-55,25.2,78780000.0,24.3,8550000.0,0.8999999999999986,70230000.0,0,10,0,10
2022-03-30,Mexico,El Salvador,2.0,0.0,FIFA World Cup qualification,Mexico City,Mexico,False,2022,15,74,-59,27.9,191850000.0,26.8,7130000.0,1.0999999999999979,184720000.0,1,11,4,7
2022-03-30,Costa Rica,USA,2.0,0.0,FIFA World Cup qualification,San José,Costa Rica,False,2022,32,13,19,24.8,28200000.0,26.9,385650000.0,-2.099999999999998,-357450000.0,1,13,10,3
2022-03-30,Panama,Canada,1.0,0.0,FIFA World Cup qualification,Panama City,Panama,False,2022,61,53,8,30.5,34550000.0,27.0,198650000.0,3.5,-164100000.0,1,4,12,-8
2022-03-30,Jamaica,Honduras,2.0,1.0,FIFA World Cup qualification,Kingston,Jamaica,False,2022,64,81,-17,23.1,9050000.0,25.4,20930000.0,-2.299999999999997,-11880000.0,1,1,1,0
2022-03-30,Solomon Islands,New Zealand,0.0,5.0,FIFA World Cup qualification,Doha,Qatar,True,2022,136,105,31,25.6,450000.0,28.1,34350000.0,-2.5,-33900000.0,2,9,12,-3
2022-06-01,Italy,Argentina,0.0,3.0,CONMEBOL–UEFA Cup of Champions,Paris,France,True,2022,8,2,6,21.0,315700000.0,29.1,807500000.0,-8.100000000000001,-491800000.0,2,0,10,-10
2022-06-01,Scotland,Ukraine,1.0,3.0,FIFA World Cup qualification,Glasgow,Scotland,False,2022,42,26,16,29.2,170250000.0,26.6,247000000.0,2.599999999999998,-76750000.0,2,0,0,0
2022-06-01,Angola,Central African Republic,2.0,1.0,African Cup of Nations qualification,Luanda,Angola,False,2022,117,132,-15,29.4,46550000.0,25.8,8199999.999999999,3.599999999999998,38350000.0,1,0,0,0
2022-06-01,Ghana,Madagascar,3.0,0.0,African Cup of Nations qualification,Cape Coast,Ghana,False,2022,58,102,-44,26.8,234600000.0,28.0,6800000.0,-1.1999999999999993,227800000.0,1,3,0,3
2022-06-01,Libya,Botswana,1.0,0.0,African Cup of Nations qualification,Benghazi,Libya,False,2022,120,149,-29,26.6,10130000.0,30.1,3050000.0,-3.5,7080000.0,1,0,0,0
2022-06-01,Poland,Wales,2.0,1.0,UEFA Nations League,Wrocław,Poland,False,2022,22,28,-6,26.3,231600000.0,26.6,180650000.0,-0.3000000000000007,50950000.0,1,3,3,0
2022-06-02,Tunisia,Equatorial Guinea,4.0,0.0,African Cup of Nations qualification,Radès,Tunisia,False,2022,30,98,-68,26.7,69950000.0,26.2,4200000.0,0.5,65750000.0,1,7,7,0
2022-06-02,Mozambique,Rwanda,1.0,1.0,African Cup of Nations qualification,Johannesburg,South Africa,True,2022,114,137,-23,27.5,1480000.0,27.1,6950000.0,0.3999999999999986,-5470000.0,0,0,0,0
2022-06-02,Panama,Costa Rica,2.0,0.0,CONCACAF Nations League,Panama City,Panama,False,2022,61,32,29,30.5,34550000.0,24.8,28200000.0,5.699999999999999,6350000.0,1,7,13,-6
2022-06-02,Barbados,Antigua and Barbuda,0.0,1.0,CONCACAF Nations League,Gros Islet,St Lucia,True,2022,166,131,35,24.6,200000.0,23.2,650000.0,1.4000000000000021,-450000.0,2,0,0,0
2022-06-02,Belize,Dominican Republic,0.0,2.0,CONCACAF Nations League,Belmopan,Belize,False,2022,176,152,24,27.0,350000.0,25.5,12830000.0,1.5,-12480000.0,2,0,0,0
2022-06-02,Anguilla,Dominica,0.0,0.0,CONCACAF Nations League,The Valley,Anguilla,False,2022,210,184,26,25.4,,25.8,,-0.40000000000000213,,0,0,0,0
2022-06-02,Czechia,Switzerland,2.0,1.0,UEFA Nations League,Prague,Czechia,False,2022,38,12,26,27.6,188180000.0,28.3,332500000.0,-0.6999999999999993,-144320000.0,1,0,0,0
2022-06-02,Spain,Portugal,1.0,1.0,UEFA Nations League,Seville,Spain,False,2022,10,9,1,26.8,1220000000.0,28.1,1010000000.0,-1.3000000000000007,210000000.0,0,0,6,-6
2022-06-02,Israel,Iceland,2.0,2.0,UEFA Nations League,Haifa,Israel,False,2022,76,63,13,25.4,68100000.0,27.7,89100000.0,-2.3000000000000007,-21000000.0,0,0,0,0
2022-06-02,Serbia,Norway,0.0,1.0,UEFA Nations League,Belgrade,Serbia,False,2022,29,43,-14,23.0,209500000.0,26.8,589900000.0,-3.8000000000000007,-380400000.0,2,0,0,0
2022-06-02,Slovenia,Sweden,0.0,2.0,UEFA Nations League,Ljubljana,Slovenia,False,2022,62,23,39,26.6,100500000.0,27.6,406080000.0,-1.0,-305580000.0,2,0,3,-3
2022-06-02,Northern Ireland,Greece,0.0,1.0,UEFA Nations League,Belfast,Northern Ireland,False,2022,59,51,8,23.8,79900000.0,26.3,275600000.0,-2.5,-195700000.0,2,0,0,0
2022-06-02,Cyprus,Kosovo,0.0,2.0,UEFA Nations League,Larnaca,Cyprus,False,2022,110,107,3,26.8,19900000.0,26.5,147480000.0,0.3000000000000007,-127580000.0,2,4,0,4
2022-06-02,Georgia,Gibraltar,4.0,0.0,UEFA Nations League,Tbilisi,Georgia,False,2022,78,200,-122,26.3,260600000.00000003,23.7,1840000.0,2.6000000000000014,258760000.00000003,1,0,0,0
2022-06-02,Bulgaria,North Macedonia,1.0,1.0,UEFA Nations League,Razgrad,Bulgaria,False,2022,71,65,6,25.7,30050000.0,27.8,34450000.0,-2.1000000000000014,-4400000.0,0,0,3,-3
2022-06-02,Estonia,San Marino,2.0,0.0,UEFA Nations League,Tallinn,Estonia,False,2022,109,211,-102,25.5,13930000.0,23.8,1150000.0,1.6999999999999993,12780000.0,1,1,0,1
2022-06-03,Togo,Eswatini,2.0,2.0,African Cup of Nations qualification,Lomé,Togo,False,2022,127,143,-16,25.7,27800000.0,26.5,1080000.0,-0.8000000000000007,26720000.0,0,0,6,-6
2022-06-03,Burkina Faso,Cabo Verde,2.0,0.0,African Cup of Nations qualification,Marrakech,Morocco,True,2022,50,72,-22,25.0,110500000.0,29.7,54500000.0,-4.699999999999999,56000000.0,1,6,4,2
2022-06-03,Comoros,Lesotho,2.0,0.0,African Cup of Nations qualification,Moroni,Comoros,False,2022,129,147,-18,23.7,3800000.0,28.3,575000.0,-4.600000000000001,3225000.0,1,3,4,-1
2022-06-03,Côte d'Ivoire,Zambia,3.0,1.0,African Cup of Nations qualification,Yamoussoukro,Côte d'Ivoire,False,2022,47,88,-41,25.9,522100000.0,26.3,14130000.0,-0.40000000000000213,507970000.0,1,8,0,8
2022-06-03,Curaçao,Honduras,0.0,1.0,CONCACAF Nations League,Willemstad,Curaçao,False,2022,86,81,5,28.0,25780000.0,25.4,20930000.0,2.6000000000000014,4850000.0,2,0,1,-1
2022-06-03,Bahamas,St Vincent and the Grenadines,1.0,0.0,CONCACAF Nations League,Nassau,Bahamas,False,2022,203,178,25,21.8,,25.3,475000.0,-3.5,,1,0,0,0
2022-06-03,Nicaragua,Trinidad and Tobago,2.0,1.0,CONCACAF Nations League,Managua,Nicaragua,False,2022,142,104,38,25.6,3780000.0,26.3,2150000.0,-0.6999999999999993,1630000.0,1,0,0,0
2022-06-03,British Virgin Islands,Cayman Islands,1.0,1.0,CONCACAF Nations League,Tortola,British Virgin Islands,False,2022,209,194,15,22.3,,25.9,,-3.599999999999998,,0,0,0,0
2022-06-03,Croatia,Austria,0.0,3.0,UEFA Nations League,Osijek,Croatia,False,2022,7,34,-27,28.4,387300000.0,28.6,245200000.0,-0.20000000000000284,142100000.0,2,0,0,0
2022-06-03,France,Denmark,1.0,2.0,UEFA Nations League,Paris,France,False,2022,3,18,-15,27.0,1520000000.0,25.5,365000000.0,1.5,1155000000.0,2,0,0,0
2022-06-03,Belgium,Netherlands,1.0,4.0,UEFA Nations League,Brussels,Belgium,False,2022,4,6,-2,27.6,547500000.0,27.8,754200000.0,-0.1999999999999993,-206700000.0,2,0,0,0
2022-06-03,Kazakhstan,Azerbaijan,2.0,0.0,UEFA Nations League,Nur-Sultan,Kazakhstan,False,2022,115,121,-6,26.0,16300000.0,27.6,19080000.0,-1.6000000000000014,-2780000.0,1,3,0,3
2022-06-03,Belarus,Slovakia,0.0,1.0,UEFA Nations League,Novi Sad,Serbia,True,2022,97,54,43,26.3,15380000.0,26.9,59850000.0,-0.5999999999999979,-44470000.0,2,0,0,0
2022-06-03,Liechtenstein,Moldova,0.0,2.0,UEFA Nations League,Vaduz,Liechtenstein,False,2022,198,174,24,26.4,625000.0,25.1,9700000.0,1.2999999999999972,-9075000.0,2,0,3,-3
2022-06-03,Latvia,Andorra,3.0,0.0,UEFA Nations League,Riga,Latvia,False,2022,133,153,-20,27.0,8230000.0,29.1,3710000.0,-2.1000000000000014,4520000.0,1,0,0,0
2022-06-04,Namibia,Burundi,1.0,1.0,African Cup of Nations qualification,Johannesburg,South Africa,True,2022,113,141,-28,27.3,2080000.0,26.6,10930000.0,0.6999999999999993,-8850000.0,0,0,0,0
2022-06-04,Niger,Tanzania,1.0,1.0,African Cup of Nations qualification,Cotonou,Benin,True,2022,122,130,-8,26.4,10700000.0,26.3,9030000.0,0.09999999999999787,1670000.0,0,0,0,0
2022-06-04,Algeria,Uganda,2.0,0.0,African Cup of Nations qualification,Algiers,Algeria,False,2022,40,89,-49,26.9,256899999.99999997,28.0,8630000.0,-1.1000000000000014,248269999.99999997,1,4,1,3
2022-06-04,The Gambia,South Sudan,1.0,0.0,African Cup of Nations qualification,Thiès,Senegal,True,2022,126,165,-39,25.2,78780000.0,25.3,1600000.0,-0.10000000000000142,77180000.0,1,10,6,4
2022-06-04,Mali,Congo,4.0,0.0,African Cup of Nations qualification,Bamako,Mali,False,2022,45,99,-54,25.6,116550000.0,24.6,2550000.0,1.0,114000000.0,1,6,0,6
2022-06-04,Mauritania,Sudan,3.0,0.0,African Cup of Nations qualification,Nouakchott,Mauritania,False,2022,103,128,-25,26.9,25350000.0,29.2,3280000.0,-2.3000000000000007,22070000.0,1,0,1,-1
2022-06-04,Congo DR,Gabon,0.0,1.0,African Cup of Nations qualification,Kinshasa,Congo DR,False,2022,73,79,-6,29.1,143900000.0,27.6,35280000.0,1.5,108620000.0,2,1,6,-5
2022-06-04,Senegal,Benin,3.0,1.0,African Cup of Nations qualification,Diamniadio,Senegal,False,2022,19,91,-72,27.1,478100000.0,26.2,18080000.0,0.9000000000000021,460020000.0,1,10,0,10
2022-06-04,Suriname,Jamaica,1.0,1.0,CONCACAF Nations League,Paramaribo,Suriname,False,2022,139,64,75,29.1,35930000.0,23.1,9050000.0,6.0,26880000.0,0,0,4,-4
2022-06-04,El Salvador,Grenada,3.0,1.0,CONCACAF Nations League,San Salvador,El Salvador,False,2022,74,173,-99,26.8,7130000.0,25.4,1750000.0,1.4000000000000021,5380000.0,1,4,0,4
2022-06-04,Bermuda,Haiti,0.0,0.0,CONCACAF Nations League,Devonshire Parish,Bermuda,False,2022,169,87,82,27.4,375000.0,27.6,55900000.0,-0.20000000000000284,-55525000.0,0,0,0,0
2022-06-04,Montserrat,Guyana,1.0,2.0,CONCACAF Nations League,Santo Domingo,Dominican Republic,True,2022,179,171,8,24.3,375000.0,26.3,1500000.0,-2.0,-1125000.0,2,0,0,0
2022-06-04,Hungary,England,1.0,0.0,UEFA Nations League,Budapest,Hungary,False,2022,36,5,31,25.7,209200000.0,27.2,1360000000.0,-1.5,-1150800000.0,1,0,0,0
2022-06-04,Italy,Germany,1.0,1.0,UEFA Nations League,Bologna,Italy,False,2022,8,14,-6,21.0,315700000.0,28.1,947000000.0,-7.100000000000001,-631300000.0,0,0,0,0
2022-06-04,Armenia,Republic of Ireland,1.0,0.0,UEFA Nations League,Yerevan,Armenia,False,2022,95,48,47,26.0,42230000.0,24.9,146850000.0,1.1000000000000014,-104620000.0,1,0,0,0
2022-06-04,Finland,Bosnia and Herzegovina,1.0,1.0,UEFA Nations League,Helsinki,Finland,False,2022,56,57,-1,26.1,41850000.0,26.4,151600000.0,-0.29999999999999716,-109750000.0,0,0,0,0
2022-06-04,Montenegro,Romania,2.0,0.0,UEFA Nations League,Podgorica,Montenegro,False,2022,69,52,17,27.9,68550000.0,26.0,56950000.0,1.8999999999999986,11600000.0,1,0,0,0
2022-06-04,Lithuania,Luxembourg,0.0,2.0,UEFA Nations League,Vilnius,Lithuania,False,2022,144,92,52,26.3,16180000.0,26.2,14700000.0,0.10000000000000142,1480000.0,2,0,0,0
2022-06-04,Turkey,Faroe Islands,4.0,0.0,UEFA Nations League,Istanbul,Turkey,False,2022,44,123,-79,27.7,473700000.0,27.5,5100000.0,0.1999999999999993,468600000.0,1,0,0,0
2022-06-05,Wales,Ukraine,1.0,0.0,FIFA World Cup qualification,Cardiff,Wales,False,2022,28,26,2,26.6,180650000.0,26.6,247000000.0,0.0,-66350000.0,1,3,3,0
2022-06-05,Malawi,Ethiopia,2.0,1.0,African Cup of Nations qualification,Lilongwe,Malawi,False,2022,124,138,-14,26.4,1950000.0,27.6,2900000.0,-1.2000000000000028,-950000.0,1,4,1,3
2022-06-05,Egypt,Guinea,1.0,0.0,African Cup of Nations qualification,Cairo,Egypt,False,2022,39,83,-44,29.1,116480000.0,24.6,74130000.0,4.5,42350000.0,1,8,4,4
2022-06-05,Central African Republic,Ghana,1.0,1.0,African Cup of Nations qualification,Luanda,Angola,True,2022,132,58,74,25.8,8199999.999999999,26.8,234600000.0,-1.0,-226400000.0,0,0,6,-6
2022-06-05,Madagascar,Angola,1.0,1.0,African Cup of Nations qualification,Antananarivo,Madagascar,False,2022,102,117,-15,28.0,6800000.0,29.4,46550000.0,-1.3999999999999986,-39750000.0,0,0,3,-3
2022-06-05,Botswana,Tunisia,0.0,0.0,African Cup of Nations qualification,Francistown,Botswana,False,2022,149,30,119,30.1,3050000.0,26.7,69950000.0,3.400000000000002,-66900000.0,0,0,10,-10
2022-06-05,Cuba,Barbados,3.0,0.0,CONCACAF Nations League,Santiago,Cuba,False,2022,168,166,2,24.0,2600000.0,24.6,200000.0,-0.6000000000000014,2400000.0,1,0,0,0
2022-06-05,Guatemala,Belize,2.0,0.0,CONCACAF Nations League,Guatemala City,Guatemala,False,2022,119,176,-57,25.8,7780000.0,27.0,350000.0,-1.1999999999999993,7430000.0,1,0,0,0
2022-06-05,Dominica,Anguilla,1.0,1.0,CONCACAF Nations League,Basseterre,St Kitts and Nevis,True,2022,184,210,-26,25.8,,25.4,,0.40000000000000213,,0,1,1,0
2022-06-05,Portugal,Switzerland,4.0,0.0,UEFA Nations League,Lisbon,Portugal,False,2022,9,12,-3,28.1,1010000000.0,28.3,332500000.0,-0.1999999999999993,677500000.0,1,7,0,7
2022-06-05,Czechia,Spain,2.0,2.0,UEFA Nations League,Prague,Czechia,False,2022,38,10,28,27.6,188180000.0,26.8,1220000000.0,0.8000000000000007,-1031820000.0,0,3,1,2
2022-06-05,Serbia,Slovenia,4.0,1.0,UEFA Nations League,Belgrade,Serbia,False,2022,29,62,-33,23.0,209500000.0,26.6,100500000.0,-3.6000000000000014,109000000.0,1,0,0,0
2022-06-05,Sweden,Norway,1.0,2.0,UEFA Nations League,Stockholm,Sweden,False,2022,23,43,-20,27.6,406080000.0,26.8,589900000.0,0.8000000000000007,-183820000.0,2,6,3,3
2022-06-05,Cyprus,Northern Ireland,0.0,0.0,UEFA Nations League,Larnaca,Cyprus,False,2022,110,59,51,26.8,19900000.0,23.8,79900000.0,3.0,-60000000.0,0,4,0,4
2022-06-05,Kosovo,Greece,0.0,1.0,UEFA Nations League,Pristina,Kosovo,False,2022,107,51,56,26.5,147480000.0,26.3,275600000.0,0.1999999999999993,-128120000.0,2,3,3,0
2022-06-05,Gibraltar,North Macedonia,0.0,2.0,UEFA Nations League,Gibraltar,Gibraltar,False,2022,200,65,135,23.7,1840000.0,27.8,34450000.0,-4.100000000000001,-32610000.0,2,0,4,-4
2022-06-05,Bulgaria,Georgia,2.0,5.0,UEFA Nations League,Razgrad,Bulgaria,False,2022,71,78,-7,25.7,30050000.0,26.3,260600000.00000003,-0.6000000000000014,-230550000.00000003,2,1,3,-2
2022-06-05,San Marino,Malta,0.0,2.0,UEFA Nations League,Serravalle,San Marino,False,2022,211,167,44,23.8,1150000.0,27.1,14950000.0,-3.3000000000000007,-13800000.0,2,0,0,0
2022-06-06,Equatorial Guinea,Libya,2.0,0.0,African Cup of Nations qualification,Malabo,Equatorial Guinea,False,2022,98,120,-22,26.2,4200000.0,26.6,10130000.0,-0.40000000000000213,-5930000.0,1,7,3,4
2022-06-06,Honduras,Curaçao,1.0,2.0,CONCACAF Nations League,San Pedro Sula,Honduras,False,2022,81,86,-5,25.4,20930000.0,28.0,25780000.0,-2.6000000000000014,-4850000.0,2,4,0,4
2022-06-06,St Vincent and the Grenadines,Nicaragua,2.0,2.0,CONCACAF Nations League,Kingstown,St Vincent and the Grenadines,False,2022,178,142,36,25.3,475000.0,25.6,3780000.0,-0.3000000000000007,-3305000.0,0,0,3,-3
2022-06-06,Trinidad and Tobago,Bahamas,1.0,0.0,CONCACAF Nations League,Port of Spain,Trinidad and Tobago,False,2022,104,203,-99,26.3,2150000.0,21.8,,4.5,,1,0,3,-3
2022-06-06,US Virgin Islands,Turks and Caicos Islands,3.0,2.0,CONCACAF Nations League,Saint Croix,US Virgin Islands,False,2022,208,206,2,24.7,125000.0,21.9,50000.0,2.8000000000000007,75000.0,1,0,0,0
2022-06-06,Cayman Islands,British Virgin Islands,1.0,1.0,CONCACAF Nations League,George Town,Cayman Islands,False,2022,194,209,-15,25.9,,22.3,,3.599999999999998,,0,1,1,0
2022-06-06,Austria,Denmark,1.0,2.0,UEFA Nations League,Vienna,Austria,False,2022,34,18,16,28.6,245200000.0,25.5,365000000.0,3.1000000000000014,-119800000.0,2,3,3,0
2022-06-06,Croatia,France,1.0,1.0,UEFA Nations League,Split,Croatia,False,2022,7,3,4,28.4,387300000.0,27.0,1520000000.0,1.3999999999999986,-1132700000.0,0,0,0,0
2022-06-06,Iceland,Albania,1.0,1.0,UEFA Nations League,Reykjavík,Iceland,False,2022,63,66,-3,27.7,89100000.0,27.4,88800000.0,0.3000000000000007,300000.0,0,1,0,1
2022-06-06,Belarus,Azerbaijan,0.0,0.0,UEFA Nations League,Novi Sad,Serbia,True,2022,97,121,-24,26.3,15380000.0,27.6,19080000.0,-1.3000000000000007,-3700000.0,0,0,0,0
2022-06-06,Slovakia,Kazakhstan,0.0,1.0,UEFA Nations League,Trnava,Slovakia,False,2022,54,115,-61,26.9,59850000.0,26.0,16300000.0,0.8999999999999986,43550000.0,2,3,6,-3
2022-06-06,Latvia,Liechtenstein,1.0,0.0,UEFA Nations League,Riga,Latvia,False,2022,133,198,-65,27.0,8230000.0,26.4,625000.0,0.6000000000000014,7605000.0,1,3,0,3
2022-06-06,Andorra,Moldova,0.0,0.0,UEFA Nations League,Andorra la Vella,Andorra,False,2022,153,174,-21,29.1,3710000.0,25.1,9700000.0,4.0,-5990000.0,0,0,6,-6
2022-06-07,Eswatini,Burkina Faso,1.0,3.0,African Cup of Nations qualification,Johannesburg,South Africa,True,2022,143,50,93,26.5,1080000.0,25.0,110500000.0,1.5,-109420000.0,2,7,8,-1
2022-06-07,Cabo Verde,Togo,2.0,0.0,African Cup of Nations qualification,Marrakech,Morocco,True,2022,72,127,-55,29.7,54500000.0,25.7,27800000.0,4.0,26700000.0,1,4,1,3
2022-06-07,Zambia,Comoros,2.0,1.0,African Cup of Nations qualification,Lusaka,Zambia,False,2022,88,129,-41,26.3,14130000.0,23.7,3800000.0,2.6000000000000014,10330000.0,1,0,6,-6
2022-06-07,Senegal,Rwanda,1.0,0.0,African Cup of Nations qualification,Diamniadio,Senegal,False,2022,19,137,-118,27.1,478100000.0,27.1,6950000.0,0.0,471150000.0,1,10,1,9
2022-06-07,Jamaica,Suriname,3.0,1.0,CONCACAF Nations League,Kingston,Jamaica,False,2022,64,139,-75,23.1,9050000.0,29.1,35930000.0,-6.0,-26880000.0,1,5,1,4
2022-06-07,Grenada,El Salvador,2.0,2.0,CONCACAF Nations League,St. George's,Grenada,False,2022,173,74,99,25.4,1750000.0,26.8,7130000.0,-1.4000000000000021,-5380000.0,0,0,4,-4
2022-06-07,Guyana,Bermuda,2.0,1.0,CONCACAF Nations League,Leonora,Guyana,False,2022,171,169,2,26.3,1500000.0,27.4,375000.0,-1.0999999999999979,1125000.0,1,3,1,2
2022-06-07,Haiti,Montserrat,3.0,2.0,CONCACAF Nations League,Santo Domingo,Dominican Republic,True,2022,87,179,-92,27.6,55900000.0,24.3,375000.0,3.3000000000000007,55525000.0,1,1,0,1
2022-06-07,Germany,England,1.0,1.0,UEFA Nations League,Munich,Germany,False,2022,14,5,9,28.1,947000000.0,27.2,1360000000.0,0.9000000000000021,-413000000.0,0,1,0,1
2022-06-07,Italy,Hungary,2.0,1.0,UEFA Nations League,Cesena,Italy,False,2022,8,36,-28,21.0,315700000.0,25.7,209200000.0,-4.699999999999999,106500000.0,1,1,3,-2
2022-06-07,Finland,Montenegro,2.0,0.0,UEFA Nations League,Helsinki,Finland,False,2022,56,69,-13,26.1,41850000.0,27.9,68550000.0,-1.7999999999999972,-26700000.0,1,1,3,-2
2022-06-07,Bosnia and Herzegovina,Romania,1.0,0.0,UEFA Nations League,Zenica,Bosnia and Herzegovina,False,2022,57,52,5,26.4,151600000.0,26.0,56950000.0,0.3999999999999986,94650000.0,1,1,0,1
2022-06-07,Faroe Islands,Luxembourg,0.0,1.0,UEFA Nations League,Tórshavn,Faroe Islands,False,2022,123,92,31,27.5,5100000.0,26.2,14700000.0,1.3000000000000007,-9600000.0,2,0,3,-3
2022-06-07,Lithuania,Turkey,0.0,6.0,UEFA Nations League,Vilnius,Lithuania,False,2022,144,44,100,26.3,16180000.0,27.7,473700000.0,-1.3999999999999986,-457520000.0,2,0,3,-3
2022-06-07,United Arab Emirates,Australia,1.0,2.0,FIFA World Cup qualification,Al Rayyan,Qatar,True,2022,70,27,43,26.7,29050000.0,27.4,77450000.0,-0.6999999999999993,-48400000.0,2,6,4,2
2022-06-08,Kuwait,Indonesia,1.0,2.0,AFC Asian Cup qualification,Kuwait City,Kuwait,False,2022,148,151,-3,28.4,4230000.0,25.7,19550000.0,2.6999999999999993,-15320000.0,2,0,1,-1
2022-06-08,Jordan,Nepal,2.0,0.0,AFC Asian Cup qualification,Kuwait City,Kuwait,True,2022,84,175,-91,28.5,20300000.0,27.5,1350000.0,1.0,18950000.0,1,0,0,0
2022-06-08,Philippines,Yemen,0.0,0.0,AFC Asian Cup qualification,Ulaanbaatar,Mongolia,True,2022,134,154,-20,26.3,3230000.0,26.8,2200000.0,-0.5,1030000.0,0,0,0,0
2022-06-08,Mongolia,Palestine,0.0,1.0,AFC Asian Cup qualification,Ulaanbaatar,Mongolia,False,2022,183,93,90,25.7,485000.0,26.8,10280000.0,-1.1000000000000014,-9795000.0,2,0,0,0
2022-06-08,Thailand,Maldives,3.0,0.0,AFC Asian Cup qualification,Namangan,Uzbekistan,True,2022,111,156,-45,28.5,6550000.0,29.6,675000.0,-1.1000000000000014,5875000.0,1,1,0,1
2022-06-08,Uzbekistan,Sri Lanka,3.0,0.0,AFC Asian Cup qualification,Namangan,Uzbekistan,False,2022,77,207,-130,28.5,85330000.0,27.2,910000.0,1.3000000000000007,84420000.0,1,6,0,6
2022-06-08,"Hong Kong, China",Afghanistan,2.0,1.0,AFC Asian Cup qualification,Kolkota,India,True,2022,146,155,-9,27.1,3450000.0,24.8,1080000.0,2.3000000000000007,2370000.0,1,0,0,0
2022-06-08,India,Cambodia,2.0,0.0,AFC Asian Cup qualification,Kolkota,India,False,2022,106,177,-71,26.8,4000000.0,26.1,2580000.0,0.6999999999999993,1420000.0,1,0,0,0
2022-06-08,Bahrain,Bangladesh,2.0,0.0,AFC Asian Cup qualification,Kuala Lumpur,Malaysia,True,2022,85,192,-107,29.6,6150000.0,26.4,7250000.0,3.200000000000003,-1100000.0,1,0,0,0
2022-06-08,Malaysia,Turkmenistan,3.0,1.0,AFC Asian Cup qualification,Kuala Lumpur,Malaysia,False,2022,145,135,10,28.6,7600000.0,27.6,2950000.0,1.0,4650000.0,1,0,0,0
2022-06-08,Tajikistan,Myanmar,4.0,0.0,AFC Asian Cup qualification,Bishkek,Kyrgyz Republic,True,2022,108,159,-51,26.0,7780000.0,26.5,3000000.0,-0.5,4780000.0,1,4,0,4
2022-06-08,Kyrgyz Republic,Singapore,2.0,1.0,AFC Asian Cup qualification,Bishkek,Kyrgyz Republic,False,2022,94,160,-66,26.1,7050000.0,28.2,4380000.0,-2.099999999999998,2670000.0,1,0,0,0
2022-06-08,Uganda,Niger,1.0,1.0,African Cup of Nations qualification,Entebbe,Uganda,False,2022,89,122,-33,28.0,8630000.0,26.4,10700000.0,1.6000000000000014,-2070000.0,0,1,1,0
2022-06-08,Tanzania,Algeria,0.0,2.0,African Cup of Nations qualification,Dar es Salaam,Tanzania,False,2022,130,40,90,26.3,9030000.0,26.9,256899999.99999997,-0.5999999999999979,-247869999.99999997,2,1,6,-5
2022-06-08,Congo,The Gambia,1.0,0.0,African Cup of Nations qualification,Brazzaville,Congo,False,2022,99,126,-27,24.6,2550000.0,25.2,78780000.0,-0.5999999999999979,-76230000.0,1,0,10,-10
2022-06-08,Gabon,Mauritania,0.0,0.0,African Cup of Nations qualification,Franceville,Gabon,False,2022,79,103,-24,27.6,35280000.0,26.9,25350000.0,0.7000000000000028,9930000.0,0,9,3,6
2022-06-08,Sudan,Congo DR,2.0,1.0,African Cup of Nations qualification,Omdurman,Sudan,False,2022,128,73,55,29.2,3280000.0,29.1,143900000.0,0.09999999999999787,-140620000.0,1,1,1,0
2022-06-08,Benin,Mozambique,0.0,1.0,African Cup of Nations qualification,Cotonou,Benin,False,2022,91,114,-23,26.2,18080000.0,27.5,1480000.0,-1.3000000000000007,16600000.0,2,0,1,-1
2022-06-08,Wales,Netherlands,1.0,2.0,UEFA Nations League,Cardiff,Wales,False,2022,28,6,22,26.6,180650000.0,27.8,754200000.0,-1.1999999999999993,-573550000.0,2,6,3,3
2022-06-08,Belgium,Poland,6.0,1.0,UEFA Nations League,Brussels,Belgium,False,2022,4,22,-18,27.6,547500000.0,26.3,231600000.0,1.3000000000000007,315900000.0,1,0,6,-6
2022-06-08,Republic of Ireland,Ukraine,0.0,1.0,UEFA Nations League,Dublin,Republic of Ireland,False,2022,48,26,22,24.9,146850000.0,26.6,247000000.0,-1.7000000000000028,-100150000.0,2,0,3,-3
2022-06-08,Scotland,Armenia,2.0,0.0,UEFA Nations League,Glasgow,Scotland,False,2022,42,95,-53,29.2,170250000.0,26.0,42230000.0,3.1999999999999993,128020000.0,1,0,3,-3
2022-06-09,Guinea-Bissau,São Tomé and Príncipe,5.0,1.0,African Cup of Nations qualification,Agadir,Morocco,True,2022,118,186,-68,26.6,39450000.0,25.8,1430000.0,0.8000000000000007,38020000.0,1,1,1,0
2022-06-09,Nigeria,Sierra Leone,2.0,1.0,African Cup of Nations qualification,Abuja,Nigeria,False,2022,35,116,-81,26.6,172050000.0,24.3,13330000.0,2.3000000000000007,158720000.0,1,8,2,6
2022-06-09,Burundi,Cameroon,0.0,1.0,African Cup of Nations qualification,Dar es Salaam,Tanzania,True,2022,141,33,108,26.6,10930000.0,23.7,198700000.0,2.900000000000002,-187770000.0,2,1,8,-7
2022-06-09,Ethiopia,Egypt,2.0,0.0,African Cup of Nations qualification,Lilongwe,Malawi,True,2022,138,39,99,27.6,2900000.0,29.1,116480000.0,-1.5,-113580000.0,1,1,8,-7
2022-06-09,Guinea,Malawi,1.0,0.0,African Cup of Nations qualification,Conakry,Guinea,False,2022,83,124,-41,24.6,74130000.0,26.4,1950000.0,-1.7999999999999972,72180000.0,1,4,7,-3
2022-06-09,South Sudan,Mali,1.0,3.0,African Cup of Nations qualification,Entebbe,Uganda,True,2022,165,45,120,25.3,1600000.0,25.6,116550000.0,-0.3000000000000007,-114950000.0,2,6,8,-2
2022-06-09,Lesotho,Côte d'Ivoire,0.0,0.0,African Cup of Nations qualification,Soweto,South Africa,True,2022,147,47,100,28.3,575000.0,25.9,522100000.0,2.400000000000002,-521525000.0,0,4,11,-7
2022-06-09,Morocco,South Africa,2.0,1.0,African Cup of Nations qualification,Rabat,Morocco,False,2022,11,67,-56,26.6,447700000.0,26.8,49250000.0,-0.1999999999999993,398450000.0,1,8,0,8
2022-06-09,Canada,Curaçao,4.0,0.0,CONCACAF Nations League,Vancouver,Canada,False,2022,53,86,-33,27.0,198650000.0,28.0,25780000.0,-1.0,172870000.0,1,9,3,6
2022-06-09,Antigua and Barbuda,Cuba,0.0,2.0,CONCACAF Nations League,Basseterre,St Kitts and Nevis,True,2022,131,168,-37,23.2,650000.0,24.0,2600000.0,-0.8000000000000007,-1950000.0,2,3,3,0
2022-06-09,Aruba,St Kitts and Nevis,2.0,3.0,CONCACAF Nations League,Willemstad,Curaçao,True,2022,202,140,62,24.3,175000.0,27.4,575000.0,-3.099999999999998,-400000.0,2,0,0,0
2022-06-09,Dominica,St Lucia,0.0,1.0,CONCACAF Nations League,Roseau,Dominica,False,2022,184,172,12,25.8,,23.5,250000.0,2.3000000000000007,,2,2,0,2
2022-06-09,Cayman Islands,Puerto Rico,0.0,3.0,CONCACAF Nations League,George Town,Cayman Islands,False,2022,194,170,24,25.9,,23.1,825000.0,2.799999999999997,,2,2,0,2
2022-06-09,Portugal,Czechia,2.0,0.0,UEFA Nations League,Lisbon,Portugal,False,2022,9,38,-29,28.1,1010000000.0,27.6,188180000.0,0.5,821820000.0,1,10,4,6
2022-06-09,Switzerland,Spain,0.0,1.0,UEFA Nations League,Geneva,Switzerland,False,2022,12,10,2,28.3,332500000.0,26.8,1220000000.0,1.5,-887500000.0,2,0,2,-2
2022-06-09,Norway,Slovenia,0.0,0.0,UEFA Nations League,Oslo,Norway,False,2022,43,62,-19,26.8,589900000.0,26.6,100500000.0,0.1999999999999993,489400000.0,0,6,0,6
2022-06-09,Sweden,Serbia,0.0,1.0,UEFA Nations League,Stockholm,Sweden,False,2022,23,29,-6,27.6,406080000.0,23.0,209500000.0,4.600000000000001,196580000.0,2,6,3,3
2022-06-09,Kosovo,Northern Ireland,3.0,2.0,UEFA Nations League,Pristina,Kosovo,False,2022,107,59,48,26.5,147480000.0,23.8,79900000.0,2.6999999999999993,67580000.0,1,3,1,2
2022-06-09,Greece,Cyprus,3.0,0.0,UEFA Nations League,Vólos,Greece,False,2022,51,110,-59,26.3,275600000.0,26.8,19900000.0,-0.5,255700000.0,1,6,5,1
2022-06-09,Gibraltar,Bulgaria,1.0,1.0,UEFA Nations League,Gibraltar,Gibraltar,False,2022,200,71,129,23.7,1840000.0,25.7,30050000.0,-2.0,-28210000.0,0,0,1,-1
2022-06-09,North Macedonia,Georgia,0.0,3.0,UEFA Nations League,Skopje,North Macedonia,False,2022,65,78,-13,27.8,34450000.0,26.3,260600000.00000003,1.5,-226150000.00000003,2,7,6,1
2022-06-09,Malta,Estonia,1.0,2.0,UEFA Nations League,Ta' Qali,Malta,False,2022,167,109,58,27.1,14950000.0,25.5,13930000.0,1.6000000000000014,1020000.0,2,3,4,-1
2022-06-10,USA,Grenada,5.0,0.0,CONCACAF Nations League,Austin,USA,False,2022,13,173,-160,26.9,385650000.0,25.4,1750000.0,1.5,383900000.0,1,7,1,6
2022-06-10,St Vincent and the Grenadines,Trinidad and Tobago,0.0,2.0,CONCACAF Nations League,Kingstown,St Vincent and the Grenadines,False,2022,178,104,74,25.3,475000.0,26.3,2150000.0,-1.0,-1675000.0,2,1,3,-2
2022-06-10,Bahamas,Nicaragua,0.0,2.0,CONCACAF Nations League,Nassau,Bahamas,False,2022,203,142,61,21.8,,25.6,3780000.0,-3.8000000000000007,,2,3,4,-1
2022-06-10,Dominican Republic,Guatemala,1.0,1.0,CONCACAF Nations League,Santo Domingo,Dominican Republic,False,2022,152,119,33,25.5,12830000.0,25.8,7780000.0,-0.3000000000000007,5050000.0,0,3,3,0
2022-06-10,Austria,France,1.0,1.0,UEFA Nations League,Vienna,Austria,False,2022,34,3,31,28.6,245200000.0,27.0,1520000000.0,1.6000000000000014,-1274800000.0,0,3,1,2
2022-06-10,Denmark,Croatia,0.0,1.0,UEFA Nations League,Copenhagen,Denmark,False,2022,18,7,11,25.5,365000000.0,28.4,387300000.0,-2.8999999999999986,-22300000.0,2,6,1,5
2022-06-10,Albania,Israel,1.0,2.0,UEFA Nations League,Tirana,Albania,False,2022,66,76,-10,27.4,88800000.0,25.4,68100000.0,2.0,20700000.0,2,1,1,0
2022-06-10,Azerbaijan,Slovakia,0.0,1.0,UEFA Nations League,Mardakan,Azerbaijan,False,2022,121,54,67,27.6,19080000.0,26.9,59850000.0,0.7000000000000028,-40770000.0,2,1,3,-2
2022-06-10,Belarus,Kazakhstan,1.0,1.0,UEFA Nations League,Novi Sad,Serbia,True,2022,97,115,-18,26.3,15380000.0,26.0,16300000.0,0.3000000000000007,-920000.0,0,1,9,-8
2022-06-10,Moldova,Latvia,2.0,4.0,UEFA Nations League,Chișinău,Moldova,False,2022,174,133,41,25.1,9700000.0,27.0,8230000.0,-1.8999999999999986,1470000.0,2,7,6,1
2022-06-10,Andorra,Liechtenstein,2.0,1.0,UEFA Nations League,Andorra la Vella,Andorra,False,2022,153,198,-45,29.1,3710000.0,26.4,625000.0,2.700000000000003,3085000.0,1,1,0,1
2022-06-10,Chile,Tunisia,0.0,2.0,Kirin Cup,Kobe,Japan,True,2022,31,30,1,25.9,66800000.0,26.7,69950000.0,-0.8000000000000007,-3150000.0,2,3,8,-5
2022-06-10,Japan,Ghana,4.0,1.0,Kirin Cup,Kobe,Japan,False,2022,20,58,-38,27.8,270850000.0,26.8,234600000.0,1.0,36250000.0,1,10,6,4
2022-06-11,Kuwait,Nepal,4.0,1.0,AFC Asian Cup qualification,Kuwait City,Kuwait,False,2022,148,175,-27,28.4,4230000.0,27.5,1350000.0,0.8999999999999986,2880000.0,1,0,0,0
2022-06-11,Indonesia,Jordan,0.0,1.0,AFC Asian Cup qualification,Kuwait City,Kuwait,True,2022,151,84,67,25.7,19550000.0,28.5,20300000.0,-2.8000000000000007,-750000.0,2,4,3,1
2022-06-11,Mongolia,Philippines,0.0,1.0,AFC Asian Cup qualification,Ulaanbaatar,Mongolia,False,2022,183,134,49,25.7,485000.0,26.3,3230000.0,-0.6000000000000014,-2745000.0,2,0,1,-1
2022-06-11,Yemen,Palestine,0.0,5.0,AFC Asian Cup qualification,Ulaanbaatar,Mongolia,True,2022,154,93,61,26.8,2200000.0,26.8,10280000.0,0.0,-8080000.0,2,1,3,-2
2022-06-11,Sri Lanka,Thailand,0.0,2.0,AFC Asian Cup qualification,Namangan,Uzbekistan,True,2022,207,111,96,27.2,910000.0,28.5,6550000.0,-1.3000000000000007,-5640000.0,2,0,4,-4
2022-06-11,Uzbekistan,Maldives,4.0,0.0,AFC Asian Cup qualification,Namangan,Uzbekistan,False,2022,77,156,-79,28.5,85330000.0,29.6,675000.0,-1.1000000000000014,84655000.0,1,9,0,9
2022-06-11,Cambodia,"Hong Kong, China",0.0,3.0,AFC Asian Cup qualification,Kolkota,India,True,2022,177,146,31,26.1,2580000.0,27.1,3450000.0,-1.0,-870000.0,2,0,3,-3
2022-06-11,India,Afghanistan,2.0,1.0,AFC Asian Cup qualification,Kolkota,India,False,2022,106,155,-49,26.8,4000000.0,24.8,1080000.0,2.0,2920000.0,1,3,0,3
2022-06-11,Bangladesh,Turkmenistan,1.0,2.0,AFC Asian Cup qualification,Kuala Lumpur,Malaysia,True,2022,192,135,57,26.4,7250000.0,27.6,2950000.0,-1.2000000000000028,4300000.0,2,0,0,0
2022-06-11,Malaysia,Bahrain,1.0,2.0,AFC Asian Cup qualification,Kuala Lumpur,Malaysia,False,2022,145,85,60,28.6,7600000.0,29.6,6150000.0,-1.0,1450000.0,2,3,3,0
2022-06-11,Singapore,Tajikistan,0.0,1.0,AFC Asian Cup qualification,Bishkek,Kyrgyz Republic,True,2022,160,108,52,28.2,4380000.0,26.0,7780000.0,2.1999999999999993,-3400000.0,2,0,7,-7
2022-06-11,Kyrgyz Republic,Myanmar,2.0,0.0,AFC Asian Cup qualification,Bishkek,Kyrgyz Republic,False,2022,94,159,-65,26.1,7050000.0,26.5,3000000.0,-0.3999999999999986,4050000.0,1,3,0,3
2022-06-11,Mexico,Suriname,3.0,0.0,CONCACAF Nations League,Torreón,Mexico,False,2022,15,139,-124,27.9,191850000.0,29.1,35930000.0,-1.2000000000000028,155920000.0,1,11,1,10
2022-06-11,Guyana,Haiti,2.0,6.0,CONCACAF Nations League,Leonora,Guyana,False,2022,171,87,84,26.3,1500000.0,27.6,55900000.0,-1.3000000000000007,-54400000.0,2,6,4,2
2022-06-11,Montserrat,Bermuda,3.0,2.0,CONCACAF Nations League,Santo Domingo,Dominican Republic,True,2022,179,169,10,24.3,375000.0,27.4,375000.0,-3.099999999999998,0.0,1,0,1,-1
2022-06-11,England,Italy,0.0,0.0,UEFA Nations League,Wolverhampton,England,False,2022,5,8,-3,27.2,1360000000.0,21.0,315700000.0,6.199999999999999,1044300000.0,0,1,4,-3
2022-06-11,Hungary,Germany,1.0,1.0,UEFA Nations League,Budapest,Hungary,False,2022,36,14,22,25.7,209200000.0,28.1,947000000.0,-2.400000000000002,-737800000.0,0,3,2,1
2022-06-11,Wales,Belgium,1.0,1.0,UEFA Nations League,Cardiff,Wales,False,2022,28,4,24,26.6,180650000.0,27.6,547500000.0,-1.0,-366850000.0,0,6,3,3
2022-06-11,Netherlands,Poland,2.0,2.0,UEFA Nations League,Rotterdam,Netherlands,False,2022,6,22,-16,27.8,754200000.0,26.3,231600000.0,1.5,522600000.0,0,6,6,0
2022-06-11,Ukraine,Armenia,3.0,0.0,UEFA Nations League,Łódź,Poland,True,2022,26,95,-69,26.6,247000000.0,26.0,42230000.0,0.6000000000000014,204770000.0,1,6,3,3
2022-06-11,Republic of Ireland,Scotland,3.0,0.0,UEFA Nations League,Dublin,Republic of Ireland,False,2022,48,42,6,24.9,146850000.0,29.2,170250000.0,-4.300000000000001,-23400000.0,1,0,3,-3
2022-06-11,Montenegro,Bosnia and Herzegovina,1.0,1.0,UEFA Nations League,Podgorica,Montenegro,False,2022,69,57,12,27.9,68550000.0,26.4,151600000.0,1.5,-83050000.0,0,3,4,-1
2022-06-11,Romania,Finland,1.0,0.0,UEFA Nations League,Bucharest,Romania,False,2022,52,56,-4,26.0,56950000.0,26.1,41850000.0,-0.10000000000000142,15100000.0,1,0,4,-4
2022-06-11,Faroe Islands,Lithuania,2.0,1.0,UEFA Nations League,Tórshavn,Faroe Islands,False,2022,123,144,-21,27.5,5100000.0,26.3,16180000.0,1.1999999999999993,-11080000.0,1,0,0,0
2022-06-11,Luxembourg,Turkey,0.0,2.0,UEFA Nations League,Luxembourg,Luxembourg,False,2022,92,44,48,26.2,14700000.0,27.7,473700000.0,-1.5,-459000000.0,2,6,6,0
2022-06-12,Cuba,Antigua and Barbuda,3.0,1.0,CONCACAF Nations League,Santiago,Cuba,False,2022,168,131,37,24.0,2600000.0,23.2,650000.0,0.8000000000000007,1950000.0,1,6,3,3
2022-06-12,St Lucia,Anguilla,2.0,0.0,CONCACAF Nations League,Gros Islet,St Lucia,False,2022,172,210,-38,23.5,250000.0,25.4,,-1.8999999999999986,,1,3,2,1
2022-06-12,Puerto Rico,British Virgin Islands,6.0,0.0,CONCACAF Nations League,Mayagüez,Puerto Rico,False,2022,170,209,-39,23.1,825000.0,22.3,,0.8000000000000007,,1,3,2,1
2022-06-12,Spain,Czechia,2.0,0.0,UEFA Nations League,Málaga,Spain,False,2022,10,38,-28,26.8,1220000000.0,27.6,188180000.0,-0.8000000000000007,1031820000.0,1,5,4,1
2022-06-12,Switzerland,Portugal,1.0,0.0,UEFA Nations League,Geneva,Switzerland,False,2022,12,9,3,28.3,332500000.0,28.1,1010000000.0,0.1999999999999993,-677500000.0,1,0,13,-13
2022-06-12,Norway,Sweden,3.0,2.0,UEFA Nations League,Oslo,Norway,False,2022,43,23,20,26.8,589900000.0,27.6,406080000.0,-0.8000000000000007,183820000.0,1,7,6,1
2022-06-12,Slovenia,Serbia,2.0,2.0,UEFA Nations League,Ljubljana,Slovenia,False,2022,62,29,33,26.6,100500000.0,23.0,209500000.0,3.6000000000000014,-109000000.0,0,1,6,-5
2022-06-12,Northern Ireland,Cyprus,2.0,2.0,UEFA Nations League,Belfast,Northern Ireland,False,2022,59,110,-51,23.8,79900000.0,26.8,19900000.0,-3.0,60000000.0,0,1,5,-4
2022-06-12,Greece,Kosovo,2.0,0.0,UEFA Nations League,Vólos,Greece,False,2022,51,107,-56,26.3,275600000.0,26.5,147480000.0,-0.1999999999999993,128120000.0,1,9,6,3
2022-06-12,North Macedonia,Gibraltar,4.0,0.0,UEFA Nations League,Skopje,North Macedonia,False,2022,65,200,-135,27.8,34450000.0,23.7,1840000.0,4.100000000000001,32610000.0,1,7,1,6
2022-06-12,Georgia,Bulgaria,0.0,0.0,UEFA Nations League,Tbilisi,Georgia,False,2022,78,71,7,26.3,260600000.00000003,25.7,30050000.0,0.6000000000000014,230550000.00000003,0,9,2,7
2022-06-12,Malta,San Marino,1.0,0.0,UEFA Nations League,Ta' Qali,Malta,False,2022,167,211,-44,27.1,14950000.0,23.8,1150000.0,3.3000000000000007,13800000.0,1,3,0,3
2022-06-13,Australia,Peru,0.0,0.0,FIFA World Cup qualification,Al Rayyan,Qatar,True,2022,27,21,6,27.4,77450000.0,27.1,30580000.0,0.29999999999999716,46870000.0,0,7,7,0
2022-06-13,São Tomé and Príncipe,Nigeria,0.0,10.0,African Cup of Nations qualification,Agadir,Morocco,True,2022,186,35,151,25.8,1430000.0,26.6,172050000.0,-0.8000000000000007,-170620000.0,2,1,8,-7
2022-06-13,Sierra Leone,Guinea-Bissau,2.0,2.0,African Cup of Nations qualification,Conakry,Guinea,True,2022,116,118,-2,24.3,13330000.0,26.6,39450000.0,-2.3000000000000007,-26120000.0,0,2,4,-2
2022-06-13,Morocco,Liberia,2.0,0.0,African Cup of Nations qualification,Casablanca,Morocco,False,2022,11,150,-139,26.6,447700000.0,24.5,14330000.0,2.1000000000000014,433370000.0,1,10,0,10
2022-06-13,Honduras,Canada,2.0,1.0,CONCACAF Nations League,San Pedro Sula,Honduras,False,2022,81,53,28,25.4,20930000.0,27.0,198650000.0,-1.6000000000000014,-177720000.0,1,4,9,-5
2022-06-13,Nicaragua,Bahamas,4.0,0.0,CONCACAF Nations League,Managua,Nicaragua,False,2022,142,203,-61,25.6,3780000.0,21.8,,3.8000000000000007,,1,7,3,4
2022-06-13,Trinidad and Tobago,St Vincent and the Grenadines,4.0,1.0,CONCACAF Nations League,Port of Spain,Trinidad and Tobago,False,2022,104,178,-74,26.3,2150000.0,25.3,475000.0,1.0,1675000.0,1,6,1,5
2022-06-13,Guatemala,Dominican Republic,2.0,0.0,CONCACAF Nations League,Guatemala City,Guatemala,False,2022,119,152,-33,25.8,7780000.0,25.5,12830000.0,0.3000000000000007,-5050000.0,1,4,4,0
2022-06-13,Denmark,Austria,2.0,0.0,UEFA Nations League,Copenhagen,Denmark,False,2022,18,34,-16,25.5,365000000.0,28.6,245200000.0,-3.1000000000000014,119800000.0,1,6,4,2
2022-06-13,France,Croatia,0.0,1.0,UEFA Nations League,Paris,France,False,2022,3,7,-4,27.0,1520000000.0,28.4,387300000.0,-1.3999999999999986,1132700000.0,2,2,4,-2
2022-06-13,Iceland,Israel,2.0,2.0,UEFA Nations League,Reykjavík,Iceland,False,2022,63,76,-13,27.7,89100000.0,25.4,68100000.0,2.3000000000000007,21000000.0,0,2,4,-2
2022-06-13,Azerbaijan,Belarus,2.0,0.0,UEFA Nations League,Mardakan,Azerbaijan,False,2022,121,97,24,27.6,19080000.0,26.3,15380000.0,1.3000000000000007,3700000.0,1,1,2,-1
2022-06-13,Kazakhstan,Slovakia,2.0,1.0,UEFA Nations League,Nur-Sultan,Kazakhstan,False,2022,115,54,61,26.0,16300000.0,26.9,59850000.0,-0.8999999999999986,-43550000.0,1,10,6,4
2022-06-14,Costa Rica,New Zealand,1.0,0.0,FIFA World Cup qualification,Al Rayyan,Qatar,True,2022,32,105,-73,24.8,28200000.0,28.1,34350000.0,-3.3000000000000007,-6150000.0,1,12,15,-3
2022-06-14,Kuwait,Jordan,0.0,3.0,AFC Asian Cup qualification,Kuwait City,Kuwait,False,2022,148,84,64,28.4,4230000.0,28.5,20300000.0,-0.10000000000000142,-16070000.0,2,3,6,-3
2022-06-14,Indonesia,Nepal,7.0,0.0,AFC Asian Cup qualification,Kuwait City,Kuwait,True,2022,151,175,-24,25.7,19550000.0,27.5,1350000.0,-1.8000000000000007,18200000.0,1,4,0,4
2022-06-14,Palestine,Philippines,4.0,0.0,AFC Asian Cup qualification,Ulaanbaatar,Mongolia,True,2022,93,134,-41,26.8,10280000.0,26.3,3230000.0,0.5,7050000.0,1,6,4,2
2022-06-14,Mongolia,Yemen,2.0,0.0,AFC Asian Cup qualification,Ulaanbaatar,Mongolia,False,2022,183,154,29,25.7,485000.0,26.8,2200000.0,-1.1000000000000014,-1715000.0,1,0,1,-1
2022-06-14,Maldives,Sri Lanka,1.0,0.0,AFC Asian Cup qualification,Namangan,Uzbekistan,True,2022,156,207,-51,29.6,675000.0,27.2,910000.0,2.400000000000002,-235000.0,1,0,0,0
2022-06-14,Uzbekistan,Thailand,2.0,0.0,AFC Asian Cup qualification,Namangan,Uzbekistan,False,2022,77,111,-34,28.5,85330000.0,28.5,6550000.0,0.0,78780000.0,1,12,7,5
2022-06-14,Afghanistan,Cambodia,2.0,2.0,AFC Asian Cup qualification,Kolkota,India,True,2022,155,177,-22,24.8,1080000.0,26.1,2580000.0,-1.3000000000000007,-1500000.0,0,0,0,0
2022-06-14,India,"Hong Kong, China",4.0,0.0,AFC Asian Cup qualification,Kolkota,India,False,2022,106,146,-40,26.8,4000000.0,27.1,3450000.0,-0.3000000000000007,550000.0,1,6,6,0
2022-06-14,Bahrain,Turkmenistan,1.0,0.0,AFC Asian Cup qualification,Kuala Lumpur,Malaysia,True,2022,85,135,-50,29.6,6150000.0,27.6,2950000.0,2.0,3200000.0,1,6,3,3
2022-06-14,Malaysia,Bangladesh,4.0,1.0,AFC Asian Cup qualification,Kuala Lumpur,Malaysia,False,2022,145,192,-47,28.6,7600000.0,26.4,7250000.0,2.200000000000003,350000.0,1,3,0,3
2022-06-14,Myanmar,Singapore,2.0,6.0,AFC Asian Cup qualification,Bishkek,Kyrgyz Republic,True,2022,159,160,-1,26.5,3000000.0,28.2,4380000.0,-1.6999999999999993,-1380000.0,2,0,0,0
2022-06-14,Kyrgyz Republic,Tajikistan,0.0,0.0,AFC Asian Cup qualification,Bishkek,Kyrgyz Republic,False,2022,94,108,-14,26.1,7050000.0,26.0,7780000.0,0.10000000000000142,-730000.0,0,6,10,-4
2022-06-14,Jamaica,Mexico,1.0,1.0,CONCACAF Nations League,Kingston,Jamaica,False,2022,64,15,49,23.1,9050000.0,27.9,191850000.0,-4.799999999999997,-182800000.0,0,8,13,-5
2022-06-14,El Salvador,USA,1.0,1.0,CONCACAF Nations League,San Salvador,El Salvador,False,2022,74,13,61,26.8,7130000.0,26.9,385650000.0,-0.09999999999999787,-378520000.0,0,5,10,-5
2022-06-14,Haiti,Guyana,6.0,0.0,CONCACAF Nations League,Santo Domingo,Dominican Republic,True,2022,87,171,-84,27.6,55900000.0,26.3,1500000.0,1.3000000000000007,54400000.0,1,7,6,1
2022-06-14,England,Hungary,0.0,4.0,UEFA Nations League,Wolverhampton,England,False,2022,5,36,-31,27.2,1360000000.0,25.7,209200000.0,1.5,1150800000.0,2,2,4,-2
2022-06-14,Germany,Italy,5.0,2.0,UEFA Nations League,Mönchengladbach,Germany,False,2022,14,8,6,28.1,947000000.0,21.0,315700000.0,7.100000000000001,631300000.0,1,3,5,-2
2022-06-14,Netherlands,Wales,3.0,2.0,UEFA Nations League,Rotterdam,Netherlands,False,2022,6,28,-22,27.8,754200000.0,26.6,180650000.0,1.1999999999999993,573550000.0,1,7,7,0
2022-06-14,Poland,Belgium,0.0,1.0,UEFA Nations League,Warsaw,Poland,False,2022,22,4,18,26.3,231600000.0,27.6,547500000.0,-1.3000000000000007,-315900000.0,2,7,4,3
2022-06-14,Armenia,Scotland,1.0,4.0,UEFA Nations League,Yerevan,Armenia,False,2022,95,42,53,26.0,42230000.0,29.2,170250000.0,-3.1999999999999993,-128020000.0,2,3,3,0
2022-06-14,Ukraine,Republic of Ireland,1.0,1.0,UEFA Nations League,Łódź,Poland,True,2022,26,48,-22,26.6,247000000.0,24.9,146850000.0,1.7000000000000028,100150000.0,0,9,3,6
2022-06-14,Bosnia and Herzegovina,Finland,3.0,2.0,UEFA Nations League,Zenica,Bosnia and Herzegovina,False,2022,57,56,1,26.4,151600000.0,26.1,41850000.0,0.29999999999999716,109750000.0,1,5,4,1
2022-06-14,Romania,Montenegro,0.0,3.0,UEFA Nations League,Bucharest,Romania,False,2022,52,69,-17,26.0,56950000.0,27.9,68550000.0,-1.8999999999999986,-11600000.0,2,3,4,-1
2022-06-14,Luxembourg,Faroe Islands,2.0,2.0,UEFA Nations League,Luxembourg,Luxembourg,False,2022,92,123,-31,26.2,14700000.0,27.5,5100000.0,-1.3000000000000007,9600000.0,0,6,3,3
2022-06-14,Turkey,Lithuania,2.0,0.0,UEFA Nations League,İzmir,Turkey,False,2022,44,144,-100,27.7,473700000.0,26.3,16180000.0,1.3999999999999986,457520000.0,1,9,0,9
2022-06-14,Moldova,Andorra,2.0,1.0,UEFA Nations League,Chișinău,Moldova,False,2022,174,153,21,25.1,9700000.0,29.1,3710000.0,-4.0,5990000.0,1,7,4,3
2022-06-14,Liechtenstein,Latvia,0.0,2.0,UEFA Nations League,Vaduz,Liechtenstein,False,2022,198,133,65,26.4,625000.0,27.0,8230000.0,-0.6000000000000014,-7605000.0,2,0,9,-9
2022-06-14,Chile,Ghana,0.0,0.0,Kirin Cup,Suita,Japan,True,2022,31,58,-27,25.9,66800000.0,26.8,234600000.0,-0.9000000000000021,-167800000.0,0,3,6,-3
2022-06-14,Japan,Tunisia,0.0,3.0,Kirin Cup,Suita,Japan,False,2022,20,30,-10,27.8,270850000.0,26.7,69950000.0,1.1000000000000014,200900000.0,2,13,11,2
2022-07-05,Seychelles,Botswana,0.0,1.0,COSAFA Cup,Durban,South Africa,True,2022,199,149,50,24.5,1030000.0,30.1,3050000.0,-5.600000000000001,-2020000.0,2,1,1,0
2022-07-05,Angola,Comoros,3.0,1.0,COSAFA Cup,Durban,South Africa,True,2022,117,129,-12,29.4,46550000.0,23.7,3800000.0,5.699999999999999,42750000.0,1,4,6,-2
2022-07-06,Mauritius,Eswatini,0.0,3.0,COSAFA Cup,Durban,South Africa,True,2022,180,143,37,28.3,800000.0,26.5,1080000.0,1.8000000000000007,-280000.0,2,4,7,-3
2022-07-06,Lesotho,Malawi,2.0,1.0,COSAFA Cup,Durban,South Africa,True,2022,147,124,23,28.3,575000.0,26.4,1950000.0,1.9000000000000021,-1375000.0,1,5,7,-2
2022-07-07,Comoros,Botswana,0.0,1.0,COSAFA Cup,Durban,South Africa,True,2022,129,149,-20,23.7,3800000.0,30.1,3050000.0,-6.400000000000002,750000.0,2,6,4,2
2022-07-07,Angola,Seychelles,3.0,0.0,COSAFA Cup,Durban,South Africa,True,2022,117,199,-82,29.4,46550000.0,24.5,1030000.0,4.899999999999999,45520000.0,1,7,1,6
2022-07-08,Malawi,Eswatini,1.0,1.0,COSAFA Cup,Durban,South Africa,True,2022,124,143,-19,26.4,1950000.0,26.5,1080000.0,-0.10000000000000142,870000.0,0,4,10,-6
2022-07-08,Lesotho,Mauritius,2.0,1.0,COSAFA Cup,Durban,South Africa,True,2022,147,180,-33,28.3,575000.0,28.3,800000.0,0.0,-225000.0,1,8,4,4
2022-07-10,Seychelles,Comoros,1.0,2.0,COSAFA Cup,KwaMashu,South Africa,True,2022,199,129,70,24.5,1030000.0,23.7,3800000.0,0.8000000000000007,-2770000.0,2,1,3,-2
2022-07-10,Botswana,Angola,1.0,0.0,COSAFA Cup,Durban,South Africa,True,2022,149,117,32,30.1,3050000.0,29.4,46550000.0,0.7000000000000028,-43500000.0,1,7,10,-3
2022-07-10,Mauritius,Malawi,0.0,2.0,COSAFA Cup,KwaMashu,South Africa,True,2022,180,124,56,28.3,800000.0,26.4,1950000.0,1.9000000000000021,-1150000.0,2,4,4,0
2022-07-10,Eswatini,Lesotho,2.0,0.0,COSAFA Cup,Durban,South Africa,True,2022,143,147,-4,26.5,1080000.0,28.3,575000.0,-1.8000000000000007,505000.0,1,8,10,-2
2022-07-12,Madagascar,Namibia,0.0,2.0,COSAFA Cup,KwaMashu,South Africa,True,2022,102,113,-11,28.0,6800000.0,27.3,2080000.0,0.6999999999999993,4720000.0,2,1,1,0
2022-07-12,Zambia,Botswana,1.0,1.0,COSAFA Cup,KwaMashu,South Africa,True,2022,88,149,-61,26.3,14130000.0,30.1,3050000.0,-3.8000000000000007,11080000.0,0,3,10,-7
2022-07-13,South Africa,Mozambique,0.0,0.0,COSAFA Cup,KwaMashu,South Africa,False,2022,67,114,-47,26.8,49250000.0,27.5,1480000.0,-0.6999999999999993,47770000.0,0,0,4,-4
2022-07-13,Senegal,Eswatini,1.0,1.0,COSAFA Cup,KwaMashu,South Africa,True,2022,19,143,-124,27.1,478100000.0,26.5,1080000.0,0.6000000000000014,477020000.0,0,10,8,2
2022-07-15,South Africa,Madagascar,2.0,1.0,COSAFA Cup,Sugar Ray Xulu Stadium,South Africa,False,2022,67,102,-35,26.8,49250000.0,28.0,6800000.0,-1.1999999999999993,42450000.0,1,1,1,0
2022-07-15,Botswana,Eswatini,2.0,0.0,COSAFA Cup,Sugar Ray Xulu Stadium,South Africa,True,2022,149,143,6,30.1,3050000.0,26.5,1080000.0,3.6000000000000014,1970000.0,1,11,8,3
2022-07-15,Namibia,Mozambique,1.0,0.0,COSAFA Cup,Durban,South Africa,True,2022,113,114,-1,27.3,2080000.0,27.5,1480000.0,-0.1999999999999993,600000.0,1,4,5,-1
2022-07-15,Zambia,Senegal,4.0,3.0,COSAFA Cup,Durban,South Africa,True,2022,88,19,69,26.3,14130000.0,27.1,478100000.0,-0.8000000000000007,-463970000.0,1,4,10,-6
2022-07-17,South Africa,Botswana,2.0,1.0,COSAFA Cup,Sugar Ray Xulu Stadium,South Africa,False,2022,67,149,-82,26.8,49250000.0,30.1,3050000.0,-3.3000000000000007,46200000.0,1,4,13,-9
2022-07-17,Mozambique,Senegal,1.0,1.0,COSAFA Cup,Moses Mabhida Stadium,South Africa,True,2022,114,19,95,27.5,1480000.0,27.1,478100000.0,0.3999999999999986,-476620000.0,0,5,10,-5
2022-07-17,Namibia,Zambia,0.0,1.0,COSAFA Cup,Moses Mabhida Stadium,South Africa,True,2022,113,88,25,27.3,2080000.0,26.3,14130000.0,1.0,-12050000.0,2,7,7,0
2022-07-19,Japan,"Hong Kong, China",6.0,0.0,EAFF Championship,Kashima,Japan,False,2022,20,146,-126,27.8,270850000.0,27.1,3450000.0,0.6999999999999993,267400000.0,1,10,6,4
2022-07-20,China,Korea Republic,0.0,3.0,EAFF Championship,Toyota,Japan,True,2022,80,25,55,27.9,14330000.0,28.1,139050000.0,-0.20000000000000284,-124720000.0,2,1,9,-8
2022-07-24,Korea Republic,"Hong Kong, China",3.0,0.0,EAFF Championship,Toyota,Japan,True,2022,25,146,-121,28.1,139050000.0,27.1,3450000.0,1.0,135600000.0,1,12,6,6
2022-07-24,Japan,China,0.0,0.0,EAFF Championship,Toyota,Japan,False,2022,20,80,-60,27.8,270850000.0,27.9,14330000.0,-0.09999999999999787,256520000.0,0,10,1,9
2022-07-27,China,"Hong Kong, China",1.0,0.0,EAFF Championship,Toyota,Japan,True,2022,80,146,-66,27.9,14330000.0,27.1,3450000.0,0.7999999999999972,10880000.0,1,2,6,-4
2022-07-27,Japan,Korea Republic,3.0,0.0,EAFF Championship,Toyota,Japan,False,2022,20,25,-5,27.8,270850000.0,28.1,139050000.0,-0.3000000000000007,131800000.0,1,8,12,-4
2022-09-17,Fiji,New Caledonia,1.0,0.0,MSG Prime Minister's Cup,Luganville,Vanuatu,True,2022,163,161,2,28.3,2450000.0,28.8,5200000.0,-0.5,-2750000.0,1,3,0,3
2022-09-21,Solomon Islands,New Caledonia,1.0,0.0,MSG Prime Minister's Cup,Luganville,Vanuatu,True,2022,136,161,-25,25.6,450000.0,28.8,5200000.0,-3.1999999999999993,-4750000.0,1,9,0,9
2022-09-21,Scotland,Ukraine,3.0,0.0,UEFA Nations League,Glasgow,Scotland,False,2022,42,26,16,29.2,170250000.0,26.6,247000000.0,2.599999999999998,-76750000.0,1,6,10,-4
2022-09-22,Thailand,Malaysia,1.0,1.0,King's Cup,Chiang Mai,Thailand,False,2022,111,145,-34,28.5,6550000.0,28.6,7600000.0,-0.10000000000000142,-1050000.0,0,7,6,1
2022-09-22,Trinidad and Tobago,Tajikistan,1.0,2.0,King's Cup,Chiang Mai,Thailand,True,2022,104,108,-4,26.3,2150000.0,26.0,7780000.0,0.3000000000000007,-5630000.0,2,9,11,-2
2022-09-22,Croatia,Denmark,2.0,1.0,UEFA Nations League,Zagreb,Croatia,False,2022,7,18,-11,28.4,387300000.0,25.5,365000000.0,2.8999999999999986,22300000.0,1,7,9,-2
2022-09-22,France,Austria,2.0,0.0,UEFA Nations League,Paris,France,False,2022,3,34,-31,27.0,1520000000.0,28.6,245200000.0,-1.6000000000000014,1274800000.0,1,2,4,-2
2022-09-22,Belgium,Wales,2.0,1.0,UEFA Nations League,Brussels,Belgium,False,2022,4,28,-24,27.6,547500000.0,26.6,180650000.0,1.0,366850000.0,1,7,4,3
2022-09-22,Poland,Netherlands,0.0,2.0,UEFA Nations League,Warsaw,Poland,False,2022,22,6,16,26.3,231600000.0,27.8,754200000.0,-1.5,-522600000.0,2,7,10,-3
2022-09-22,Lithuania,Faroe Islands,1.0,1.0,UEFA Nations League,Vilnius,Lithuania,False,2022,144,123,21,26.3,16180000.0,27.5,5100000.0,-1.1999999999999993,11080000.0,0,0,4,-4
2022-09-22,Turkey,Luxembourg,3.0,3.0,UEFA Nations League,Istanbul,Turkey,False,2022,44,92,-48,27.7,473700000.0,26.2,14700000.0,1.5,459000000.0,0,12,7,5
2022-09-22,Kazakhstan,Belarus,2.0,1.0,UEFA Nations League,Astana,Kazakhstan,False,2022,115,97,18,26.0,16300000.0,26.3,15380000.0,-0.3000000000000007,920000.0,1,10,2,8
2022-09-22,Slovakia,Azerbaijan,1.0,2.0,UEFA Nations League,Trnava,Slovakia,False,2022,54,121,-67,26.9,59850000.0,27.6,19080000.0,-0.7000000000000028,40770000.0,2,6,4,2
2022-09-22,Latvia,Moldova,1.0,2.0,UEFA Nations League,Riga,Latvia,False,2022,133,174,-41,27.0,8230000.0,25.1,9700000.0,1.8999999999999986,-1470000.0,2,12,10,2
2022-09-22,Liechtenstein,Andorra,0.0,2.0,UEFA Nations League,Vaduz,Liechtenstein,False,2022,198,153,45,26.4,625000.0,29.1,3710000.0,-2.700000000000003,-3085000.0,2,0,4,-4
2022-09-23,Japan,USA,2.0,0.0,Kirin Challenge Cup,Düsseldorf,Germany,True,2022,20,13,7,27.8,270850000.0,26.9,385650000.0,0.9000000000000021,-114800000.0,1,10,8,2
2022-09-23,Iraq,Oman,1.0,1.0,Jordan International Tournament,Amman,Jordan,True,2022,68,75,-7,26.9,21200000.0,28.7,8330000.0,-1.8000000000000007,12870000.0,0,5,7,-2
2022-09-23,Jordan,Syria,2.0,0.0,Jordan International Tournament,Amman,Jordan,False,2022,84,90,-6,28.5,20300000.0,28.0,7930000.0,0.5,12370000.0,1,9,4,5
2022-09-23,Germany,Hungary,0.0,1.0,UEFA Nations League,Leipzig,Germany,False,2022,14,36,-22,28.1,947000000.0,25.7,209200000.0,2.400000000000002,737800000.0,2,6,7,-1
2022-09-23,Italy,England,1.0,0.0,UEFA Nations League,Milan,Italy,False,2022,8,5,3,21.0,315700000.0,27.2,1360000000.0,-6.199999999999999,-1044300000.0,1,5,2,3
2022-09-23,Bosnia and Herzegovina,Montenegro,1.0,0.0,UEFA Nations League,Zenica,Bosnia and Herzegovina,False,2022,57,69,-12,26.4,151600000.0,27.9,68550000.0,-1.5,83050000.0,1,8,7,1
2022-09-23,Finland,Romania,1.0,1.0,UEFA Nations League,Helsinki,Finland,False,2022,56,52,4,26.1,41850000.0,26.0,56950000.0,0.10000000000000142,-15100000.0,0,4,3,1
2022-09-23,Georgia,North Macedonia,2.0,0.0,UEFA Nations League,Tbilisi,Georgia,False,2022,78,65,13,26.3,260600000.00000003,27.8,34450000.0,-1.5,226150000.00000003,1,10,7,3
2022-09-23,Bulgaria,Gibraltar,5.0,1.0,UEFA Nations League,Razgrad,Bulgaria,False,2022,71,200,-129,25.7,30050000.0,23.7,1840000.0,2.0,28210000.0,1,3,1,2
2022-09-23,Estonia,Malta,2.0,1.0,UEFA Nations League,Tallinn,Estonia,False,2022,109,167,-58,25.5,13930000.0,27.1,14950000.0,-1.6000000000000014,-1020000.0,1,7,6,1
2022-09-24,Fiji,Solomon Islands,2.0,2.0,MSG Prime Minister's Cup,Luganville,Vanuatu,True,2022,163,136,27,28.3,2450000.0,25.6,450000.0,2.6999999999999993,2000000.0,0,6,12,-6
2022-09-24,Vanuatu,Papua New Guinea,0.0,1.0,MSG Prime Minister's Cup,Port Vila,Vanuatu,False,2022,164,158,6,29.7,535000.0,29.6,,0.09999999999999787,,2,0,6,-6
2022-09-24,Czechia,Portugal,0.0,4.0,UEFA Nations League,Prague,Czechia,False,2022,38,9,29,27.6,188180000.0,28.1,1010000000.0,-0.5,-821820000.0,2,4,10,-6
2022-09-24,Spain,Switzerland,1.0,2.0,UEFA Nations League,Zaragoza,Spain,False,2022,10,12,-2,26.8,1220000000.0,28.3,332500000.0,-1.5,887500000.0,2,8,3,5
2022-09-24,Armenia,Ukraine,0.0,5.0,UEFA Nations League,Yerevan,Armenia,False,2022,95,26,69,26.0,42230000.0,26.6,247000000.0,-0.6000000000000014,-204770000.0,2,3,7,-4
2022-09-24,Scotland,Republic of Ireland,2.0,1.0,UEFA Nations League,Glasgow,Scotland,False,2022,42,48,-6,29.2,170250000.0,24.9,146850000.0,4.300000000000001,23400000.0,1,9,4,5
2022-09-24,Israel,Albania,2.0,1.0,UEFA Nations League,Tel Aviv,Israel,False,2022,76,66,10,25.4,68100000.0,27.4,88800000.0,-2.0,-20700000.0,1,5,1,4
2022-09-24,Slovenia,Norway,2.0,1.0,UEFA Nations League,Ljubljana,Slovenia,False,2022,62,43,19,26.6,100500000.0,26.8,589900000.0,-0.1999999999999993,-489400000.0,1,2,10,-8
2022-09-24,Serbia,Sweden,4.0,1.0,UEFA Nations League,Belgrade,Serbia,False,2022,29,23,6,23.0,209500000.0,27.6,406080000.0,-4.600000000000001,-196580000.0,1,7,3,4
2022-09-24,Northern Ireland,Kosovo,2.0,1.0,UEFA Nations League,Belfast,Northern Ireland,False,2022,59,107,-48,23.8,79900000.0,26.5,147480000.0,-2.6999999999999993,-67580000.0,1,2,6,-4
2022-09-24,Cyprus,Greece,1.0,0.0,UEFA Nations League,Larnaca,Cyprus,False,2022,110,51,59,26.8,19900000.0,26.3,275600000.0,0.5,-255700000.0,1,5,12,-7
2022-09-25,Thailand,Trinidad and Tobago,2.0,1.0,King's Cup,Chiang Mai,Thailand,False,2022,111,104,7,28.5,6550000.0,26.3,2150000.0,2.1999999999999993,4400000.0,1,8,9,-1
2022-09-25,Malaysia,Tajikistan,0.0,0.0,King's Cup,Chiang Mai,Thailand,True,2022,145,108,37,28.6,7600000.0,26.0,7780000.0,2.6000000000000014,-180000.0,0,7,13,-6
2022-09-25,Austria,Croatia,1.0,3.0,UEFA Nations League,Vienna,Austria,False,2022,34,7,27,28.6,245200000.0,28.4,387300000.0,0.20000000000000284,-142100000.0,2,4,10,-6
2022-09-25,Denmark,France,2.0,0.0,UEFA Nations League,Copenhagen,Denmark,False,2022,18,3,15,25.5,365000000.0,27.0,1520000000.0,-1.5,-1155000000.0,1,9,5,4
2022-09-25,Wales,Poland,0.0,1.0,UEFA Nations League,Cardiff,Wales,False,2022,28,22,6,26.6,180650000.0,26.3,231600000.0,0.3000000000000007,-50950000.0,2,4,4,0
2022-09-25,Netherlands,Belgium,1.0,0.0,UEFA Nations League,Amsterdam,Netherlands,False,2022,6,4,2,27.8,754200000.0,27.6,547500000.0,0.1999999999999993,206700000.0,1,13,10,3
2022-09-25,Faroe Islands,Turkey,2.0,1.0,UEFA Nations League,Tórshavn,Faroe Islands,False,2022,123,44,79,27.5,5100000.0,27.7,473700000.0,-0.1999999999999993,-468600000.0,1,5,13,-8
2022-09-25,Luxembourg,Lithuania,1.0,0.0,UEFA Nations League,Luxembourg,Luxembourg,False,2022,92,144,-52,26.2,14700000.0,26.3,16180000.0,-0.10000000000000142,-1480000.0,1,8,1,7
2022-09-25,Slovakia,Belarus,1.0,1.0,UEFA Nations League,Bačka Topola,Serbia,True,2022,54,97,-43,26.9,59850000.0,26.3,15380000.0,0.5999999999999979,44470000.0,0,6,2,4
2022-09-25,Azerbaijan,Kazakhstan,3.0,0.0,UEFA Nations League,Baku,Azerbaijan,False,2022,121,115,6,27.6,19080000.0,26.0,16300000.0,1.6000000000000014,2780000.0,1,7,13,-6
2022-09-25,Andorra,Latvia,1.0,1.0,UEFA Nations League,Andorra la Vella,Andorra,False,2022,153,133,20,29.1,3710000.0,27.0,8230000.0,2.1000000000000014,-4520000.0,0,7,12,-5
2022-09-25,Moldova,Liechtenstein,2.0,0.0,UEFA Nations League,Chișinău,Moldova,False,2022,174,198,-24,25.1,9700000.0,26.4,625000.0,-1.2999999999999972,9075000.0,1,10,0,10
2022-09-26,Iraq,Syria,1.0,0.0,Jordan International Tournament,Amman,Jordan,True,2022,68,90,-22,26.9,21200000.0,28.0,7930000.0,-1.1000000000000014,13270000.0,1,6,4,2
2022-09-26,Jordan,Oman,1.0,0.0,Jordan International Tournament,Amman,Jordan,False,2022,84,75,9,28.5,20300000.0,28.7,8330000.0,-0.1999999999999993,11970000.0,1,12,8,4
2022-09-26,England,Germany,3.0,3.0,UEFA Nations League,London,England,False,2022,5,14,-9,27.2,1360000000.0,28.1,947000000.0,-0.9000000000000021,413000000.0,0,2,6,-4
2022-09-26,Hungary,Italy,0.0,2.0,UEFA Nations League,Budapest,Hungary,False,2022,36,8,28,25.7,209200000.0,21.0,315700000.0,4.699999999999999,-106500000.0,2,10,8,2
2022-09-26,Montenegro,Finland,0.0,2.0,UEFA Nations League,Podgorica,Montenegro,False,2022,69,56,13,27.9,68550000.0,26.1,41850000.0,1.7999999999999972,26700000.0,2,7,5,2
2022-09-26,Romania,Bosnia and Herzegovina,4.0,1.0,UEFA Nations League,Bucharest,Romania,False,2022,52,57,-5,26.0,56950000.0,26.4,151600000.0,-0.3999999999999986,-94650000.0,1,4,11,-7
2022-09-26,Gibraltar,Georgia,1.0,2.0,UEFA Nations League,Gibraltar,Gibraltar,False,2022,200,78,122,23.7,1840000.0,26.3,260600000.00000003,-2.6000000000000014,-258760000.00000003,2,1,13,-12
2022-09-26,North Macedonia,Bulgaria,0.0,1.0,UEFA Nations League,Skopje,North Macedonia,False,2022,65,71,-6,27.8,34450000.0,25.7,30050000.0,2.1000000000000014,4400000.0,2,7,6,1
2022-09-26,San Marino,Estonia,0.0,4.0,UEFA Nations League,Serravalle,San Marino,False,2022,211,109,102,23.8,1150000.0,25.5,13930000.0,-1.6999999999999993,-12780000.0,2,0,10,-10
2022-09-27,Fiji,Papua New Guinea,0.0,1.0,MSG Prime Minister's Cup,Luganville,Vanuatu,True,2022,163,158,5,28.3,2450000.0,29.6,,-1.3000000000000007,,2,7,9,-2
2022-09-27,Ecuador,Japan,0.0,0.0,Kirin Challenge Cup,Düsseldorf,Germany,True,2022,41,20,21,26.1,368700000.0,27.8,270850000.0,-1.6999999999999993,97850000.0,0,3,10,-7
2022-09-27,Portugal,Spain,0.0,1.0,UEFA Nations League,Braga,Portugal,False,2022,9,10,-1,28.1,1010000000.0,26.8,1220000000.0,1.3000000000000007,-210000000.0,2,10,8,2
2022-09-27,Switzerland,Czechia,2.0,1.0,UEFA Nations League,St. Gallen,Switzerland,False,2022,12,38,-26,28.3,332500000.0,27.6,188180000.0,0.6999999999999993,144320000.0,1,6,4,2
2022-09-27,Republic of Ireland,Armenia,3.0,2.0,UEFA Nations League,Dublin,Republic of Ireland,False,2022,48,95,-47,24.9,146850000.0,26.0,42230000.0,-1.1000000000000014,104620000.0,1,4,3,1
2022-09-27,Ukraine,Scotland,0.0,0.0,UEFA Nations League,Kraków,Poland,True,2022,26,42,-16,26.6,247000000.0,29.2,170250000.0,-2.599999999999998,76750000.0,0,10,12,-2
2022-09-27,Albania,Iceland,1.0,1.0,UEFA Nations League,Tirana,Albania,False,2022,66,63,3,27.4,88800000.0,27.7,89100000.0,-0.3000000000000007,-300000.0,0,1,3,-2
2022-09-27,Norway,Serbia,0.0,2.0,UEFA Nations League,Oslo,Norway,False,2022,43,29,14,26.8,589900000.0,23.0,209500000.0,3.8000000000000007,380400000.0,2,10,10,0
2022-09-27,Sweden,Slovenia,1.0,1.0,UEFA Nations League,Stockholm,Sweden,False,2022,23,62,-39,27.6,406080000.0,26.6,100500000.0,1.0,305580000.0,0,3,5,-2
2022-09-27,Kosovo,Cyprus,5.0,1.0,UEFA Nations League,Pristina,Kosovo,False,2022,107,110,-3,26.5,147480000.0,26.8,19900000.0,-0.3000000000000007,127580000.0,1,6,5,1
2022-09-27,Greece,Northern Ireland,3.0,1.0,UEFA Nations League,Athens,Greece,False,2022,51,59,-8,26.3,275600000.0,23.8,79900000.0,2.5,195700000.0,1,12,5,7
2022-09-30,Fiji,Solomon Islands,1.0,0.0,MSG Prime Minister's Cup,Luganville,Vanuatu,True,2022,163,136,27,28.3,2450000.0,25.6,450000.0,2.6999999999999993,2000000.0,1,4,10,-6
2022-11-05,Brunei Darussalam,Timor-Leste,6.0,2.0,AFF Championship qualification,Bandar Seri Begawan,Brunei Darussalam,False,2022,190,197,-7,28.5,800000.0,23.5,785000.0,5.0,15000.0,1,0,0,0
2022-11-08,Brunei Darussalam,Timor-Leste,0.0,1.0,AFF Championship qualification,Bandar Seri Begawan,Brunei Darussalam,False,2022,190,197,-7,28.5,800000.0,23.5,785000.0,5.0,15000.0,2,3,0,3
2022-11-16,Lithuania,Iceland,0.0,0.0,Baltic Cup,Kaunas,Lithuania,False,2022,144,63,81,26.3,16180000.0,27.7,89100000.0,-1.3999999999999986,-72920000.0,0,1,4,-3
2022-11-16,Latvia,Estonia,1.0,1.0,Baltic Cup,Riga,Latvia,False,2022,133,109,24,27.0,8230000.0,25.5,13930000.0,1.5,-5700000.0,0,10,12,-2
2022-11-19,Estonia,Lithuania,2.0,0.0,Baltic Cup,Tallinn,Estonia,False,2022,109,144,-35,25.5,13930000.0,26.3,16180000.0,-0.8000000000000007,-2250000.0,1,13,2,11
2022-11-19,Latvia,Iceland,1.0,1.0,Baltic Cup,Riga,Latvia,False,2022,133,63,70,27.0,8230000.0,27.7,89100000.0,-0.6999999999999993,-80870000.0,0,8,5,3
2022-11-20,Qatar,Ecuador,0.0,2.0,FIFA World Cup,Al Khor,Qatar,False,2022,60,41,19,29.5,19930000.0,26.1,368700000.0,3.3999999999999986,-348770000.0,2,0,4,-4
2022-11-21,Senegal,Netherlands,0.0,2.0,FIFA World Cup,Doha,Qatar,True,2022,19,6,13,27.1,478100000.0,27.8,754200000.0,-0.6999999999999993,-276100000.0,2,8,13,-5
2022-11-21,England,IR Iran,6.0,2.0,FIFA World Cup,Al Rayyan,Qatar,True,2022,5,24,-19,27.2,1360000000.0,30.4,32049999.999999996,-3.1999999999999993,1327950000.0,1,3,9,-6
2022-11-21,USA,Wales,1.0,1.0,FIFA World Cup,Al Rayyan,Qatar,True,2022,13,28,-15,26.9,385650000.0,26.6,180650000.0,0.29999999999999716,205000000.0,0,7,1,6
2022-11-22,Argentina,Saudi Arabia,1.0,2.0,FIFA World Cup,Lusail,Qatar,True,2022,2,49,-47,29.1,807500000.0,28.5,40680000.0,0.6000000000000014,766820000.0,2,13,7,6
2022-11-22,Mexico,Poland,0.0,0.0,FIFA World Cup,Doha,Qatar,True,2022,15,22,-7,27.9,191850000.0,26.3,231600000.0,1.5999999999999979,-39750000.0,0,11,4,7
2022-11-22,Denmark,Tunisia,0.0,0.0,FIFA World Cup,Al Rayyan,Qatar,True,2022,18,30,-12,25.5,365000000.0,26.7,69950000.0,-1.1999999999999993,295050000.0,0,9,11,-2
2022-11-22,France,Australia,4.0,1.0,FIFA World Cup,Al Wakrah,Qatar,True,2022,3,27,-24,27.0,1520000000.0,27.4,77450000.0,-0.3999999999999986,1442550000.0,1,5,5,0
2022-11-23,Germany,Japan,1.0,2.0,FIFA World Cup,Al Rayyan,Qatar,True,2022,14,20,-6,28.1,947000000.0,27.8,270850000.0,0.3000000000000007,676150000.0,2,6,11,-5
2022-11-23,Spain,Costa Rica,7.0,0.0,FIFA World Cup,Doha,Qatar,True,2022,10,32,-22,26.8,1220000000.0,24.8,28200000.0,2.0,1191800000.0,1,10,12,-2
2022-11-23,Morocco,Croatia,0.0,0.0,FIFA World Cup,Al Khor,Qatar,True,2022,11,7,4,26.6,447700000.0,28.4,387300000.0,-1.7999999999999972,60400000.0,0,10,13,-3
2022-11-23,Belgium,Canada,1.0,0.0,FIFA World Cup,Al Rayyan,Qatar,True,2022,4,53,-49,27.6,547500000.0,27.0,198650000.0,0.6000000000000014,348850000.0,1,10,6,4
2022-11-24,Switzerland,Cameroon,1.0,0.0,FIFA World Cup,Al Wakrah,Qatar,True,2022,12,33,-21,28.3,332500000.0,23.7,198700000.0,4.600000000000001,133800000.0,1,9,8,1
2022-11-24,Brazil,Serbia,2.0,0.0,FIFA World Cup,Lusail,Qatar,True,2022,1,29,-28,29.4,928200000.0,23.0,209500000.0,6.399999999999999,718700000.0,1,10,13,-3
2022-11-24,Uruguay,Korea Republic,0.0,0.0,FIFA World Cup,Al Rayyan,Qatar,True,2022,16,25,-9,28.8,359300000.0,28.1,139050000.0,0.6999999999999993,220250000.0,0,12,9,3
2022-11-24,Portugal,Ghana,3.0,2.0,FIFA World Cup,Doha,Qatar,True,2022,9,58,-49,28.1,1010000000.0,26.8,234600000.0,1.3000000000000007,775400000.0,1,9,6,3
2022-11-25,Qatar,Senegal,1.0,3.0,FIFA World Cup,Doha,Qatar,False,2022,60,19,41,29.5,19930000.0,27.1,478100000.0,2.3999999999999986,-458170000.0,2,0,5,-5
2022-11-25,Netherlands,Ecuador,1.0,1.0,FIFA World Cup,Al Rayyan,Qatar,True,2022,6,41,-35,27.8,754200000.0,26.1,368700000.0,1.6999999999999993,385500000.0,0,13,6,7
2022-11-25,Wales,IR Iran,0.0,2.0,FIFA World Cup,Al Rayyan,Qatar,True,2022,28,24,4,26.6,180650000.0,30.4,32049999.999999996,-3.799999999999997,148600000.0,2,2,9,-7
2022-11-25,England,USA,0.0,0.0,FIFA World Cup,Al Khor,Qatar,True,2022,5,13,-8,27.2,1360000000.0,26.9,385650000.0,0.3000000000000007,974350000.0,0,5,5,0
2022-11-26,Poland,Saudi Arabia,2.0,0.0,FIFA World Cup,Al Rayyan,Qatar,True,2022,22,49,-27,26.3,231600000.0,28.5,40680000.0,-2.1999999999999993,190920000.0,1,5,10,-5
2022-11-26,Argentina,Mexico,2.0,0.0,FIFA World Cup,Lusail,Qatar,True,2022,2,15,-13,29.1,807500000.0,27.9,191850000.0,1.2000000000000028,615650000.0,1,10,11,-1
2022-11-26,Tunisia,Australia,0.0,1.0,FIFA World Cup,Al Wakrah,Qatar,True,2022,30,27,3,26.7,69950000.0,27.4,77450000.0,-0.6999999999999993,-7500000.0,2,11,4,7
2022-11-26,France,Denmark,2.0,1.0,FIFA World Cup,Doha,Qatar,True,2022,3,18,-15,27.0,1520000000.0,25.5,365000000.0,1.5,1155000000.0,1,7,7,0
2022-11-27,Japan,Costa Rica,0.0,1.0,FIFA World Cup,Al Rayyan,Qatar,True,2022,20,32,-12,27.8,270850000.0,24.8,28200000.0,3.0,242650000.0,2,11,9,2
2022-11-27,Spain,Germany,1.0,1.0,FIFA World Cup,Al Khor,Qatar,True,2022,10,14,-4,26.8,1220000000.0,28.1,947000000.0,-1.3000000000000007,273000000.0,0,12,5,7
2022-11-27,Belgium,Morocco,0.0,2.0,FIFA World Cup,Doha,Qatar,True,2022,4,11,-7,27.6,547500000.0,26.6,447700000.0,1.0,99800000.0,2,10,11,-1
2022-11-27,Croatia,Canada,4.0,1.0,FIFA World Cup,Al Rayyan,Qatar,True,2022,7,53,-46,28.4,387300000.0,27.0,198650000.0,1.3999999999999986,188650000.0,1,13,6,7
2022-11-28,Cameroon,Serbia,3.0,3.0,FIFA World Cup,Al Wakrah,Qatar,True,2022,33,29,4,23.7,198700000.0,23.0,209500000.0,0.6999999999999993,-10800000.0,0,7,10,-3
2022-11-28,Brazil,Switzerland,1.0,0.0,FIFA World Cup,Doha,Qatar,True,2022,1,12,-11,29.4,928200000.0,28.3,332500000.0,1.0999999999999979,595700000.0,1,13,12,1
2022-11-28,Korea Republic,Ghana,2.0,3.0,FIFA World Cup,Al Rayyan,Qatar,True,2022,25,58,-33,28.1,139050000.0,26.8,234600000.0,1.3000000000000007,-95550000.0,2,7,5,2
2022-11-28,Portugal,Uruguay,2.0,0.0,FIFA World Cup,Lusail,Qatar,True,2022,9,16,-7,28.1,1010000000.0,28.8,359300000.0,-0.6999999999999993,650700000.0,1,9,13,-4
2022-11-29,Ecuador,Senegal,1.0,2.0,FIFA World Cup,Al Rayyan,Qatar,True,2022,41,19,22,26.1,368700000.0,27.1,478100000.0,-1.0,-109400000.0,2,6,5,1
2022-11-29,Qatar,Netherlands,0.0,2.0,FIFA World Cup,Al Khor,Qatar,False,2022,60,6,54,29.5,19930000.0,27.8,754200000.0,1.6999999999999993,-734270000.0,2,0,13,-13
2022-11-29,Wales,England,0.0,3.0,FIFA World Cup,Al Rayyan,Qatar,True,2022,28,5,23,26.6,180650000.0,27.2,1360000000.0,-0.5999999999999979,-1179350000.0,2,1,5,-4
2022-11-29,IR Iran,USA,0.0,1.0,FIFA World Cup,Doha,Qatar,True,2022,24,13,11,30.4,32049999.999999996,26.9,385650000.0,3.5,-353600000.0,2,9,6,3
2022-11-30,Poland,Argentina,0.0,2.0,FIFA World Cup,Doha,Qatar,True,2022,22,2,20,26.3,231600000.0,29.1,807500000.0,-2.8000000000000007,-575900000.0,2,7,10,-3
2022-11-30,Saudi Arabia,Mexico,1.0,2.0,FIFA World Cup,Lusail,Qatar,True,2022,49,15,34,28.5,40680000.0,27.9,191850000.0,0.6000000000000014,-151170000.0,2,7,8,-1
2022-11-30,Australia,Denmark,1.0,0.0,FIFA World Cup,Al Wakrah,Qatar,True,2022,27,18,9,27.4,77450000.0,25.5,365000000.0,1.8999999999999986,-287550000.0,1,7,7,0
2022-11-30,Tunisia,France,1.0,0.0,FIFA World Cup,Al Rayyan,Qatar,True,2022,30,3,27,26.7,69950000.0,27.0,1520000000.0,-0.3000000000000007,-1450050000.0,1,8,9,-1
2022-12-01,Japan,Spain,2.0,1.0,FIFA World Cup,Al Rayyan,Qatar,True,2022,20,10,10,27.8,270850000.0,26.8,1220000000.0,1.0,-949150000.0,1,10,10,0
2022-12-01,Costa Rica,Germany,2.0,4.0,FIFA World Cup,Al Khor,Qatar,True,2022,32,14,18,24.8,28200000.0,28.1,947000000.0,-3.3000000000000007,-918800000.0,2,9,5,4
2022-12-01,Croatia,Belgium,0.0,0.0,FIFA World Cup,Al Rayyan,Qatar,True,2022,7,4,3,28.4,387300000.0,27.6,547500000.0,0.7999999999999972,-160200000.0,0,13,9,4
2022-12-01,Canada,Morocco,1.0,2.0,FIFA World Cup,Doha,Qatar,True,2022,53,11,42,27.0,198650000.0,26.6,447700000.0,0.3999999999999986,-249050000.0,2,3,13,-10
2022-12-02,Serbia,Switzerland,2.0,3.0,FIFA World Cup,Doha,Qatar,True,2022,29,12,17,23.0,209500000.0,28.3,332500000.0,-5.300000000000001,-123000000.0,2,8,12,-4
2022-12-02,Cameroon,Brazil,1.0,0.0,FIFA World Cup,Lusail,Qatar,True,2022,33,1,32,23.7,198700000.0,29.4,928200000.0,-5.699999999999999,-729500000.0,1,7,15,-8
2022-12-02,Ghana,Uruguay,0.0,2.0,FIFA World Cup,Al Wakrah,Qatar,True,2022,58,16,42,26.8,234600000.0,28.8,359300000.0,-2.0,-124700000.0,2,5,10,-5
2022-12-02,Korea Republic,Portugal,2.0,1.0,FIFA World Cup,Al Rayyan,Qatar,True,2022,25,9,16,28.1,139050000.0,28.1,1010000000.0,0.0,-870950000.0,1,7,9,-2
2022-12-03,Netherlands,USA,3.0,1.0,FIFA World Cup,Al Rayyan,Qatar,True,2022,6,13,-7,27.8,754200000.0,26.9,385650000.0,0.9000000000000021,368550000.0,1,13,6,7
2022-12-03,Argentina,Australia,2.0,1.0,FIFA World Cup,Al Rayyan,Qatar,True,2022,2,27,-25,29.1,807500000.0,27.4,77450000.0,1.7000000000000028,730050000.0,1,10,10,0
2022-12-04,France,Poland,3.0,1.0,FIFA World Cup,Doha,Qatar,True,2022,3,22,-19,27.0,1520000000.0,26.3,231600000.0,0.6999999999999993,1288400000.0,1,9,7,2
2022-12-04,England,Senegal,3.0,0.0,FIFA World Cup,Al Khor,Qatar,True,2022,5,19,-14,27.2,1360000000.0,27.1,478100000.0,0.09999999999999787,881900000.0,1,8,7,1
2022-12-05,Japan,Croatia,1.0,1.0,FIFA World Cup,Al Wakrah,Qatar,True,2022,20,7,13,27.8,270850000.0,28.4,387300000.0,-0.5999999999999979,-116450000.0,0,10,11,-1
2022-12-05,Brazil,Korea Republic,4.0,1.0,FIFA World Cup,Doha,Qatar,True,2022,1,25,-24,29.4,928200000.0,28.1,139050000.0,1.2999999999999972,789150000.0,1,12,7,5
2022-12-06,Morocco,Spain,0.0,0.0,FIFA World Cup,Al Rayyan,Qatar,True,2022,11,10,1,26.6,447700000.0,26.8,1220000000.0,-0.1999999999999993,-772300000.0,0,13,7,6
2022-12-06,Portugal,Switzerland,6.0,1.0,FIFA World Cup,Lusail,Qatar,True,2022,9,12,-3,28.1,1010000000.0,28.3,332500000.0,-0.1999999999999993,677500000.0,1,9,12,-3
2022-12-09,Croatia,Brazil,1.0,1.0,FIFA World Cup,Al Rayyan,Qatar,True,2022,7,1,6,28.4,387300000.0,29.4,928200000.0,-1.0,-540900000.0,0,9,12,-3
2022-12-09,Netherlands,Argentina,2.0,2.0,FIFA World Cup,Lusail,Qatar,True,2022,6,2,4,27.8,754200000.0,29.1,807500000.0,-1.3000000000000007,-53300000.0,0,13,12,1
2022-12-10,Morocco,Portugal,1.0,0.0,FIFA World Cup,Doha,Qatar,True,2022,11,9,2,26.6,447700000.0,28.1,1010000000.0,-1.5,-562300000.0,1,11,9,2
2022-12-10,England,France,1.0,2.0,FIFA World Cup,Al Khor,Qatar,True,2022,5,3,2,27.2,1360000000.0,27.0,1520000000.0,0.1999999999999993,-160000000.0,2,11,9,2
2022-12-13,Argentina,Croatia,3.0,0.0,FIFA World Cup,Lusail,Qatar,True,2022,2,7,-5,29.1,807500000.0,28.4,387300000.0,0.7000000000000028,420200000.0,1,10,7,3
2022-12-14,France,Morocco,2.0,0.0,FIFA World Cup,Al Khor,Qatar,True,2022,3,11,-8,27.0,1520000000.0,26.6,447700000.0,0.3999999999999986,1072300000.0,1,12,11,1
2022-12-17,Croatia,Morocco,2.0,1.0,FIFA World Cup,Al Rayyan,Qatar,True,2022,7,11,-4,28.4,387300000.0,26.6,447700000.0,1.7999999999999972,-60400000.0,1,6,10,-4
2022-12-18,Argentina,France,3.0,3.0,FIFA World Cup,Lusail,Qatar,True,2022,2,3,-1,29.1,807500000.0,27.0,1520000000.0,2.1000000000000014,-712500000.0,0,13,12,1
2022-12-20,Cambodia,Philippines,3.0,2.0,AFF Championship,Phnom Penh,Cambodia,False,2022,177,134,43,26.1,2580000.0,26.3,3230000.0,-0.1999999999999993,-650000.0,1,1,4,-3
2022-12-20,Brunei Darussalam,Thailand,0.0,5.0,AFF Championship,Kuala Lumpur,Malaysia,True,2022,190,111,79,28.5,800000.0,28.5,6550000.0,0.0,-5750000.0,2,3,10,-7
2022-12-21,Myanmar,Malaysia,0.0,1.0,AFF Championship,Yangon,Myanmar,False,2022,159,145,14,26.5,3000000.0,28.6,7600000.0,-2.1000000000000014,-4600000.0,2,0,8,-8
2022-12-21,Laos,Vietnam,0.0,6.0,AFF Championship,Vientiane,Laos,False,2022,187,96,91,23.2,1320000.0,28.1,6380000.0,-4.900000000000002,-5060000.0,2,0,4,-4
2022-12-23,Philippines,Brunei Darussalam,5.0,1.0,AFF Championship,Manila,Philippines,False,2022,134,190,-56,26.3,3230000.0,28.5,800000.0,-2.1999999999999993,2430000.0,1,4,3,1
2022-12-23,Indonesia,Cambodia,2.0,1.0,AFF Championship,Jakarta,Indonesia,False,2022,151,177,-26,25.7,19550000.0,26.1,2580000.0,-0.40000000000000213,16970000.0,1,7,4,3
2022-12-24,Singapore,Myanmar,3.0,2.0,AFF Championship,Singapore,Singapore,False,2022,160,159,1,28.2,4380000.0,26.5,3000000.0,1.6999999999999993,1380000.0,1,3,0,3
2022-12-24,Malaysia,Laos,5.0,0.0,AFF Championship,Kuala Lumpur,Malaysia,False,2022,145,187,-42,28.6,7600000.0,23.2,1320000.0,5.400000000000002,6280000.0,1,8,0,8
2022-12-26,Brunei Darussalam,Indonesia,0.0,7.0,AFF Championship,Kuala Lumpur,Malaysia,True,2022,190,151,39,28.5,800000.0,25.7,19550000.0,2.8000000000000007,-18750000.0,2,3,10,-7
2022-12-26,Thailand,Philippines,4.0,0.0,AFF Championship,Pathum Thani,Thailand,False,2022,111,134,-23,28.5,6550000.0,26.3,3230000.0,2.1999999999999993,3320000.0,1,10,7,3
2022-12-27,Laos,Singapore,0.0,2.0,AFF Championship,Vientiane,Laos,False,2022,187,160,27,23.2,1320000.0,28.2,4380000.0,-5.0,-3060000.0,2,0,6,-6
2022-12-27,Vietnam,Malaysia,3.0,0.0,AFF Championship,Hanoi,Vietnam,False,2022,96,145,-49,28.1,6380000.0,28.6,7600000.0,-0.5,-1220000.0,1,7,11,-4
2022-12-29,Cambodia,Brunei Darussalam,5.0,1.0,AFF Championship,Phnom Penh,Cambodia,False,2022,177,190,-13,26.1,2580000.0,28.5,800000.0,-2.3999999999999986,1780000.0,1,4,3,1
2022-12-29,Indonesia,Thailand,1.0,1.0,AFF Championship,Jakarta,Indonesia,False,2022,151,111,40,25.7,19550000.0,28.5,6550000.0,-2.8000000000000007,13000000.0,0,12,10,2
2022-12-30,Myanmar,Laos,2.0,2.0,AFF Championship,Yangon,Myanmar,False,2022,159,187,-28,26.5,3000000.0,23.2,1320000.0,3.3000000000000007,1680000.0,0,0,0,0
2022-12-30,Singapore,Vietnam,0.0,0.0,AFF Championship,Singapore,Singapore,False,2022,160,96,64,28.2,4380000.0,28.1,6380000.0,0.09999999999999787,-2000000.0,0,9,10,-1
2023-01-02,Thailand,Cambodia,3.0,1.0,AFF Championship,Pathum Thani,Thailand,False,2023,113,179,-66,28.5,6550000.0,26.1,2580000.0,2.3999999999999986,3970000.0,1,11,7,4
2023-01-02,Philippines,Indonesia,1.0,2.0,AFF Championship,Manila,Philippines,False,2023,140,146,-6,26.3,3230000.0,25.7,19550000.0,0.6000000000000014,-16320000.0,2,6,10,-4
2023-01-03,Vietnam,Myanmar,3.0,0.0,AFF Championship,Hanoi,Vietnam,False,2023,94,162,-68,28.1,6380000.0,26.5,3000000.0,1.6000000000000014,3380000.0,1,8,1,7
2023-01-03,Malaysia,Singapore,4.0,1.0,AFF Championship,Kuala Lumpur,Malaysia,False,2023,130,156,-26,28.6,7600000.0,28.2,4380000.0,0.40000000000000213,3220000.0,1,8,10,-2
2023-01-06,Iraq,Oman,0.0,0.0,Gulf Cup,Basra,Iraq,False,2023,63,74,-11,26.9,21200000.0,28.7,8330000.0,-1.8000000000000007,12870000.0,0,9,8,1
2023-01-06,Yemen,Saudi Arabia,0.0,2.0,Gulf Cup,Basra,Iraq,True,2023,152,56,96,26.8,2200000.0,28.5,40680000.0,-1.6999999999999993,-38480000.0,2,1,7,-6
2023-01-06,Indonesia,Vietnam,0.0,0.0,AFF Championship,Jakarta,Indonesia,False,2023,146,94,52,25.7,19550000.0,28.1,6380000.0,-2.400000000000002,13170000.0,0,13,11,2
2023-01-07,Bahrain,United Arab Emirates,2.0,1.0,Gulf Cup,Basra,Iraq,True,2023,86,64,22,29.6,6150000.0,26.7,29050000.0,2.900000000000002,-22900000.0,1,9,6,3
2023-01-07,Kuwait,Qatar,0.0,2.0,Gulf Cup,Basra,Iraq,True,2023,136,58,78,28.4,4230000.0,29.5,19930000.0,-1.1000000000000014,-15700000.0,2,3,0,3
2023-01-07,Malaysia,Thailand,1.0,0.0,AFF Championship,Kuala Lumpur,Malaysia,False,2023,130,113,17,28.6,7600000.0,28.5,6550000.0,0.10000000000000142,1050000.0,1,10,13,-3
2023-01-09,Oman,Yemen,3.0,2.0,Gulf Cup,Basra,Iraq,True,2023,74,152,-78,28.7,8330000.0,26.8,2200000.0,1.8999999999999986,6130000.0,1,8,1,7
2023-01-09,Iraq,Saudi Arabia,2.0,0.0,Gulf Cup,Basra,Iraq,False,2023,63,56,7,26.9,21200000.0,28.5,40680000.0,-1.6000000000000014,-19480000.0,1,9,9,0
2023-01-09,Vietnam,Indonesia,2.0,0.0,AFF Championship,Hanoi,Vietnam,False,2023,94,146,-52,28.1,6380000.0,25.7,19550000.0,2.400000000000002,-13170000.0,1,11,11,0
2023-01-10,United Arab Emirates,Kuwait,0.0,1.0,Gulf Cup,Basra,Iraq,True,2023,64,136,-72,26.7,29050000.0,28.4,4230000.0,-1.6999999999999993,24820000.0,2,3,3,0
2023-01-10,Qatar,Bahrain,1.0,2.0,Gulf Cup,Basra,Iraq,True,2023,58,86,-28,29.5,19930000.0,29.6,6150000.0,-0.10000000000000142,13780000.0,2,3,12,-9
2023-01-10,Thailand,Malaysia,3.0,0.0,AFF Championship,Pathum Thani,Thailand,False,2023,113,130,-17,28.5,6550000.0,28.6,7600000.0,-0.10000000000000142,-1050000.0,1,10,12,-2
2023-01-12,Iraq,Yemen,5.0,0.0,Gulf Cup,Basra,Iraq,False,2023,63,152,-89,26.9,21200000.0,26.8,2200000.0,0.09999999999999787,19000000.0,1,9,1,8
2023-01-12,Saudi Arabia,Oman,1.0,2.0,Gulf Cup,Basra,Iraq,True,2023,56,74,-18,28.5,40680000.0,28.7,8330000.0,-0.1999999999999993,32350000.0,2,6,8,-2
2023-01-13,Bahrain,Kuwait,1.0,1.0,Gulf Cup,Basra,Iraq,True,2023,86,136,-50,29.6,6150000.0,28.4,4230000.0,1.2000000000000028,1920000.0,0,15,6,9
2023-01-13,Qatar,United Arab Emirates,1.0,1.0,Gulf Cup,Basra,Iraq,True,2023,58,64,-6,29.5,19930000.0,26.7,29050000.0,2.8000000000000007,-9120000.0,0,3,3,0
2023-01-13,Vietnam,Thailand,2.0,2.0,AFF Championship,Hanoi,Vietnam,False,2023,94,113,-19,28.1,6380000.0,28.5,6550000.0,-0.3999999999999986,-170000.0,0,11,10,1
2023-01-16,Iraq,Qatar,2.0,1.0,Gulf Cup,Basra,Iraq,False,2023,63,58,5,26.9,21200000.0,29.5,19930000.0,-2.6000000000000014,1270000.0,1,11,4,7
2023-01-16,Bahrain,Oman,0.0,1.0,Gulf Cup,Basra,Iraq,True,2023,86,74,12,29.6,6150000.0,28.7,8330000.0,0.9000000000000021,-2180000.0,2,13,8,5
2023-01-16,Thailand,Vietnam,1.0,0.0,AFF Championship,Pathum Thani,Thailand,False,2023,113,94,19,28.5,6550000.0,28.1,6380000.0,0.3999999999999986,170000.0,1,8,9,-1
2023-01-19,Iraq,Oman,3.0,2.0,Gulf Cup,Basra,Iraq,False,2023,63,74,-11,26.9,21200000.0,28.7,8330000.0,-1.8000000000000007,12870000.0,1,13,10,3
2023-03-22,India,Myanmar,1.0,0.0,Tri Nation Tournament,Imphal,India,False,2023,102,162,-60,26.8,4000000.0,26.5,3000000.0,0.3000000000000007,1000000.0,1,9,1,8
2023-03-22,Nepal,Laos,2.0,0.0,Tri Nation Tournament,Kathmandu,Nepal,False,2023,175,189,-14,27.5,1350000.0,23.2,1320000.0,4.300000000000001,30000.0,1,0,1,-1
2023-03-22,Sierra Leone,São Tomé and Príncipe,2.0,2.0,African Cup of Nations qualification,Agadir,Morocco,True,2023,127,191,-64,24.3,13330000.0,25.8,1430000.0,-1.5,11900000.0,0,3,1,2
2023-03-22,Benin,Rwanda,1.0,1.0,African Cup of Nations qualification,Cotonou,Benin,False,2023,97,133,-36,26.2,18080000.0,27.1,6950000.0,-0.9000000000000021,11130000.0,0,0,1,-1
2023-03-23,Madagascar,Central African Republic,0.0,3.0,African Cup of Nations qualification,Antananarivo,Madagascar,False,2023,109,131,-22,28.0,6800000.0,25.8,8199999.999999999,2.1999999999999993,-1399999.999999999,2,1,1,0
2023-03-23,Ghana,Angola,1.0,0.0,African Cup of Nations qualification,Kumasi,Ghana,False,2023,61,117,-56,26.8,234600000.0,29.4,46550000.0,-2.599999999999998,188050000.0,1,4,10,-6
2023-03-23,Algeria,Niger,2.0,1.0,African Cup of Nations qualification,Algiers,Algeria,False,2023,30,129,-99,26.9,256899999.99999997,26.4,10700000.0,0.5,246199999.99999997,1,9,2,7
2023-03-23,Congo,South Sudan,1.0,2.0,African Cup of Nations qualification,Brazzaville,Congo,False,2023,112,166,-54,24.6,2550000.0,25.3,1600000.0,-0.6999999999999993,950000.0,2,3,6,-3
2023-03-23,Zambia,Lesotho,3.0,1.0,African Cup of Nations qualification,Ndola,Zambia,False,2023,84,148,-64,26.3,14130000.0,28.3,575000.0,-2.0,13555000.0,1,10,7,3
2023-03-23,Gabon,Sudan,1.0,0.0,African Cup of Nations qualification,Franceville,Gabon,False,2023,82,128,-46,27.6,35280000.0,29.2,3280000.0,-1.5999999999999979,32000000.0,1,7,4,3
2023-03-23,Italy,England,1.0,2.0,UEFA Euro qualification,Napoli,Italy,False,2023,9,3,6,21.0,315700000.0,27.2,1360000000.0,-6.199999999999999,-1044300000.0,2,10,10,0
2023-03-23,North Macedonia,Malta,2.0,1.0,UEFA Euro qualification,Skopje,North Macedonia,False,2023,65,172,-107,27.8,34450000.0,27.1,14950000.0,0.6999999999999993,19500000.0,1,6,6,0
2023-03-23,Denmark,Finland,3.0,1.0,UEFA Euro qualification,Copenhagen,Denmark,False,2023,19,59,-40,25.5,365000000.0,26.1,41850000.0,-0.6000000000000014,323150000.0,1,4,7,-3
2023-03-23,San Marino,Northern Ireland,0.0,2.0,UEFA Euro qualification,Serravalle,San Marino,False,2023,210,72,138,23.8,1150000.0,23.8,79900000.0,0.0,-78750000.0,2,0,5,-5
2023-03-23,Kazakhstan,Slovenia,1.0,2.0,UEFA Euro qualification,Astana,Kazakhstan,False,2023,100,54,46,26.0,16300000.0,26.6,100500000.0,-0.6000000000000014,-84200000.0,2,10,6,4
2023-03-23,Portugal,Liechtenstein,4.0,0.0,UEFA Euro qualification,Lisbon,Portugal,False,2023,7,203,-196,28.1,1010000000.0,26.4,625000.0,1.7000000000000028,1009375000.0,1,9,0,9
2023-03-23,Bosnia and Herzegovina,Iceland,3.0,0.0,UEFA Euro qualification,Zenica,Bosnia and Herzegovina,False,2023,69,71,-2,26.4,151600000.0,27.7,89100000.0,-1.3000000000000007,62500000.0,1,10,5,5
2023-03-23,Slovakia,Luxembourg,0.0,0.0,UEFA Euro qualification,Trnava,Slovakia,False,2023,45,83,-38,26.9,59850000.0,26.2,14700000.0,0.6999999999999993,45150000.0,0,4,8,-4
2023-03-23,Suriname,Mexico,0.0,2.0,CONCACAF Nations League,Paramaribo,Suriname,False,2023,143,15,128,29.1,35930000.0,27.9,191850000.0,1.2000000000000028,-155920000.0,2,1,8,-7
2023-03-23,Barbados,Cuba,0.0,1.0,CONCACAF Nations League,Bridgetown,Barbados,False,2023,178,169,9,24.6,200000.0,24.0,2600000.0,0.6000000000000014,-2400000.0,2,0,9,-9
2023-03-23,British Virgin Islands,Puerto Rico,1.0,3.0,CONCACAF Nations League,Road Town,British Virgin Islands,False,2023,207,160,47,22.3,,23.1,825000.0,-0.8000000000000007,,2,2,6,-4
2023-03-24,Nigeria,Guinea-Bissau,0.0,1.0,African Cup of Nations qualification,Abuja,Nigeria,False,2023,42,103,-61,26.6,172050000.0,26.6,39450000.0,0.0,132600000.0,2,8,5,3
2023-03-24,Cabo Verde,Eswatini,0.0,0.0,African Cup of Nations qualification,Praia,Cabo Verde,False,2023,73,149,-76,29.7,54500000.0,26.5,1080000.0,3.1999999999999993,53420000.0,0,4,8,-4
2023-03-24,Burkina Faso,Togo,1.0,0.0,African Cup of Nations qualification,Marrakech,Morocco,True,2023,57,118,-61,25.0,110500000.0,25.7,27800000.0,-0.6999999999999993,82700000.0,1,10,1,9
2023-03-24,Cameroon,Namibia,1.0,1.0,African Cup of Nations qualification,Yaoundé,Cameroon,False,2023,46,115,-69,23.7,198700000.0,27.3,2080000.0,-3.6000000000000014,196620000.0,0,10,7,3
2023-03-24,Guinea,Ethiopia,2.0,0.0,African Cup of Nations qualification,Casablanca,Morocco,True,2023,80,144,-64,24.6,74130000.0,27.6,2900000.0,-3.0,71230000.0,1,4,4,0
2023-03-24,Egypt,Malawi,2.0,0.0,African Cup of Nations qualification,Cairo,Egypt,False,2023,33,123,-90,29.1,116480000.0,26.4,1950000.0,2.700000000000003,114530000.0,1,7,7,0
2023-03-24,Uganda,Tanzania,0.0,1.0,African Cup of Nations qualification,Ismailia,Egypt,True,2023,92,121,-29,28.0,8630000.0,26.3,9030000.0,1.6999999999999993,-400000.0,2,2,1,1
2023-03-24,Mali,The Gambia,2.0,0.0,African Cup of Nations qualification,Bamako,Mali,False,2023,51,126,-75,25.6,116550000.0,25.2,78780000.0,0.40000000000000213,37770000.0,1,8,7,1
2023-03-24,Côte d'Ivoire,Comoros,3.0,1.0,African Cup of Nations qualification,Bouaké,Côte d'Ivoire,False,2023,49,119,-70,25.9,522100000.0,23.7,3800000.0,2.1999999999999993,518300000.0,1,9,6,3
2023-03-24,Congo DR,Mauritania,3.0,1.0,African Cup of Nations qualification,Douala,Cameroon,True,2023,67,105,-38,29.1,143900000.0,26.9,25350000.0,2.200000000000003,118550000.0,1,1,4,-3
2023-03-24,Equatorial Guinea,Botswana,2.0,0.0,African Cup of Nations qualification,Malabo,Equatorial Guinea,False,2023,88,145,-57,26.2,4200000.0,30.1,3050000.0,-3.900000000000002,1150000.0,1,7,10,-3
2023-03-24,Tunisia,Libya,3.0,0.0,African Cup of Nations qualification,Radès,Tunisia,False,2023,28,120,-92,26.7,69950000.0,26.6,10130000.0,0.09999999999999787,59820000.0,1,10,3,7
2023-03-24,South Africa,Liberia,2.0,2.0,African Cup of Nations qualification,Johannesburg,South Africa,False,2023,66,153,-87,26.8,49250000.0,24.5,14330000.0,2.3000000000000007,34920000.0,0,7,0,7
2023-03-24,Senegal,Mozambique,5.0,1.0,African Cup of Nations qualification,Diamniadio,Senegal,False,2023,20,111,-91,27.1,478100000.0,27.5,1480000.0,-0.3999999999999986,476620000.0,1,7,6,1
2023-03-24,Gibraltar,Greece,0.0,3.0,UEFA Euro qualification,Faro-Loulé,Portugal,True,2023,201,47,154,23.7,1840000.0,26.3,275600000.0,-2.6000000000000014,-273760000.0,2,1,12,-11
2023-03-24,France,Netherlands,4.0,0.0,UEFA Euro qualification,Paris,France,False,2023,2,6,-4,27.0,1520000000.0,27.8,754200000.0,-0.8000000000000007,765800000.0,1,10,11,-1
2023-03-24,Czechia,Poland,3.0,1.0,UEFA Euro qualification,Prague,Czechia,False,2023,39,31,8,27.6,188180000.0,26.3,231600000.0,1.3000000000000007,-43420000.0,1,1,7,-6
2023-03-24,Moldova,Faroe Islands,1.0,1.0,UEFA Euro qualification,Chișinău,Moldova,False,2023,155,135,20,25.1,9700000.0,27.5,5100000.0,-2.3999999999999986,4600000.0,0,10,8,2
2023-03-24,Austria,Azerbaijan,4.0,1.0,UEFA Euro qualification,Pasching,Austria,False,2023,24,114,-90,28.6,245200000.0,27.6,19080000.0,1.0,226120000.0,1,1,10,-9
2023-03-24,Sweden,Belgium,0.0,3.0,UEFA Euro qualification,Stockholm,Sweden,False,2023,26,4,22,27.6,406080000.0,27.6,547500000.0,0.0,-141420000.0,2,1,7,-6
2023-03-24,Bulgaria,Montenegro,0.0,1.0,UEFA Euro qualification,Razgrad,Bulgaria,False,2023,81,70,11,25.7,30050000.0,27.9,68550000.0,-2.1999999999999993,-38500000.0,2,8,4,4
2023-03-24,Serbia,Lithuania,2.0,0.0,UEFA Euro qualification,Belgrade,Serbia,False,2023,34,138,-104,23.0,209500000.0,26.3,16180000.0,-3.3000000000000007,193320000.0,1,7,2,5
2023-03-24,Grenada,USA,1.0,7.0,CONCACAF Nations League,St. George's,Grenada,False,2023,174,12,162,25.4,1750000.0,26.9,385650000.0,-1.5,-383900000.0,2,1,5,-4
2023-03-24,Bahamas,Trinidad and Tobago,0.0,3.0,CONCACAF Nations League,Nassau,Bahamas,False,2023,202,96,106,21.8,,26.3,2150000.0,-4.5,,2,3,9,-6
2023-03-24,Nicaragua,St Vincent and the Grenadines,4.0,1.0,CONCACAF Nations League,Managua,Nicaragua,False,2023,134,173,-39,25.6,3780000.0,25.3,475000.0,0.3000000000000007,3305000.0,1,10,1,9
2023-03-24,Belize,Guatemala,1.0,2.0,CONCACAF Nations League,Belmopan,Belize,False,2023,182,108,74,27.0,350000.0,25.8,7780000.0,1.1999999999999993,-7430000.0,2,0,7,-7
2023-03-24,Anguilla,St Lucia,1.0,2.0,CONCACAF Nations League,The Valley,Anguilla,False,2023,209,167,42,25.4,,23.5,250000.0,1.8999999999999986,,2,2,6,-4
2023-03-25,Bhutan,Laos,1.0,2.0,Tri Nation Tournament,Kathmandu,Nepal,True,2023,184,189,-5,24.9,840000.0,23.2,1320000.0,1.6999999999999993,-480000.0,2,0,1,-1
2023-03-25,Myanmar,Kyrgyz Republic,1.0,1.0,Tri Nation Tournament,Imphal,India,True,2023,162,98,64,26.5,3000000.0,26.1,7050000.0,0.3999999999999986,-4050000.0,0,1,7,-6
2023-03-25,Scotland,Cyprus,3.0,0.0,UEFA Euro qualification,Glasgow,Scotland,False,2023,36,125,-89,29.2,170250000.0,26.8,19900000.0,2.3999999999999986,150350000.0,1,10,5,5
2023-03-25,Spain,Norway,3.0,0.0,UEFA Euro qualification,Málaga,Spain,False,2023,8,44,-36,26.8,1220000000.0,26.8,589900000.0,0.0,630100000.0,1,8,7,1
2023-03-25,Croatia,Wales,1.0,1.0,UEFA Euro qualification,Split,Croatia,False,2023,10,29,-19,28.4,387300000.0,26.6,180650000.0,1.7999999999999972,206650000.0,0,6,1,5
2023-03-25,Armenia,Turkey,1.0,2.0,UEFA Euro qualification,Yerevan,Armenia,False,2023,93,37,56,26.0,42230000.0,27.7,473700000.0,-1.6999999999999993,-431470000.0,2,0,10,-10
2023-03-25,Belarus,Switzerland,0.0,5.0,UEFA Euro qualification,Novi Sad,Serbia,True,2023,95,18,77,26.3,15380000.0,28.3,332500000.0,-2.0,-317120000.0,2,3,9,-6
2023-03-25,Israel,Kosovo,1.0,1.0,UEFA Euro qualification,Tel Aviv,Israel,False,2023,75,101,-26,25.4,68100000.0,26.5,147480000.0,-1.1000000000000014,-79380000.0,0,8,6,2
2023-03-25,Andorra,Romania,0.0,2.0,UEFA Euro qualification,Andorra la Vella,Andorra,False,2023,164,43,121,29.1,3710000.0,26.0,56950000.0,3.1000000000000014,-53240000.0,2,8,7,1
2023-03-25,Curaçao,Canada,0.0,2.0,CONCACAF Nations League,Willemstad,Curaçao,False,2023,90,48,42,28.0,25780000.0,27.0,198650000.0,1.0,-172870000.0,2,3,3,0
2023-03-25,Bermuda,Guyana,0.0,2.0,CONCACAF Nations League,Devonshire Parish,Bermuda,False,2023,171,157,14,27.4,375000.0,26.3,1500000.0,1.0999999999999979,-1125000.0,2,1,6,-5
2023-03-25,Montserrat,Haiti,0.0,4.0,CONCACAF Nations League,Lookout,Montserrat,False,2023,176,89,87,24.3,375000.0,27.6,55900000.0,-3.3000000000000007,-55525000.0,2,3,10,-7
2023-03-25,Turks and Caicos Islands,US Virgin Islands,1.0,0.0,CONCACAF Nations League,Providenciales,Turks and Caicos Islands,False,2023,206,208,-2,21.9,50000.0,24.7,125000.0,-2.8000000000000007,-75000.0,1,0,3,-3
2023-03-26,São Tomé and Príncipe,Sierra Leone,0.0,2.0,African Cup of Nations qualification,Agadir,Morocco,True,2023,191,127,64,25.8,1430000.0,24.3,13330000.0,1.5,-11900000.0,2,2,3,-1
2023-03-26,Lesotho,Zambia,0.0,2.0,African Cup of Nations qualification,Soweto,South Africa,True,2023,148,84,64,28.3,575000.0,26.3,14130000.0,2.0,-13555000.0,2,7,13,-6
2023-03-26,England,Ukraine,2.0,0.0,UEFA Euro qualification,London,England,False,2023,3,22,-19,27.2,1360000000.0,26.6,247000000.0,0.5999999999999979,1113000000.0,1,10,8,2
2023-03-26,Malta,Italy,0.0,2.0,UEFA Euro qualification,Ta' Qali,Malta,False,2023,172,9,163,27.1,14950000.0,21.0,315700000.0,6.100000000000001,-300750000.0,2,6,7,-1
2023-03-26,Slovenia,San Marino,2.0,0.0,UEFA Euro qualification,Ljubljana,Slovenia,False,2023,54,210,-156,26.6,100500000.0,23.8,1150000.0,2.8000000000000007,99350000.0,1,9,0,9
2023-03-26,Kazakhstan,Denmark,3.0,2.0,UEFA Euro qualification,Astana,Kazakhstan,False,2023,100,19,81,26.0,16300000.0,25.5,365000000.0,0.5,-348700000.0,1,7,7,0
2023-03-26,Northern Ireland,Finland,0.0,1.0,UEFA Euro qualification,Belfast,Northern Ireland,False,2023,72,59,13,23.8,79900000.0,26.1,41850000.0,-2.3000000000000007,38050000.0,2,7,4,3
2023-03-26,Liechtenstein,Iceland,0.0,7.0,UEFA Euro qualification,Vaduz,Liechtenstein,False,2023,203,71,132,26.4,625000.0,27.7,89100000.0,-1.3000000000000007,-88475000.0,2,0,4,-4
2023-03-26,Luxembourg,Portugal,0.0,6.0,UEFA Euro qualification,Luxembourg,Luxembourg,False,2023,83,7,76,26.2,14700000.0,28.1,1010000000.0,-1.9000000000000021,-995300000.0,2,6,9,-3
2023-03-26,Slovakia,Bosnia and Herzegovina,2.0,0.0,UEFA Euro qualification,Bratislava,Slovakia,False,2023,45,69,-24,26.9,59850000.0,26.4,151600000.0,0.5,-91750000.0,1,5,10,-5
2023-03-26,Mexico,Jamaica,2.0,2.0,CONCACAF Nations League,Mexico City,Mexico,False,2023,15,55,-40,27.9,191850000.0,23.1,9050000.0,4.799999999999997,182800000.0,0,8,8,0
2023-03-26,Antigua and Barbuda,Barbados,1.0,2.0,CONCACAF Nations League,North Sound,Antigua and Barbuda,False,2023,142,178,-36,23.2,650000.0,24.6,200000.0,-1.4000000000000021,450000.0,2,3,0,3
2023-03-26,Puerto Rico,Cayman Islands,5.0,1.0,CONCACAF Nations League,Bayamón,Puerto Rico,False,2023,160,197,-37,23.1,825000.0,25.9,,-2.799999999999997,,1,9,2,7
2023-03-27,Guinea-Bissau,Nigeria,0.0,1.0,African Cup of Nations qualification,Bissau,Guinea-Bissau,False,2023,103,42,61,26.6,39450000.0,26.6,172050000.0,0.0,-132600000.0,2,7,8,-1
2023-03-27,Ethiopia,Guinea,2.0,3.0,African Cup of Nations qualification,Rabat,Morocco,True,2023,144,80,64,27.6,2900000.0,24.6,74130000.0,3.0,-71230000.0,2,4,6,-2
2023-03-27,Central African Republic,Madagascar,2.0,0.0,African Cup of Nations qualification,Douala,Cameroon,True,2023,131,109,22,25.8,8199999.999999999,28.0,6800000.0,-2.1999999999999993,1399999.999999999,1,4,1,3
2023-03-27,Angola,Ghana,1.0,1.0,African Cup of Nations qualification,Luanda,Angola,False,2023,117,61,56,29.4,46550000.0,26.8,234600000.0,2.599999999999998,-188050000.0,0,7,7,0
2023-03-27,Niger,Algeria,0.0,1.0,African Cup of Nations qualification,Radès,Tunisia,True,2023,129,30,99,26.4,10700000.0,26.9,256899999.99999997,-0.5,-246199999.99999997,2,2,12,-10
2023-03-27,South Sudan,Congo,0.0,1.0,African Cup of Nations qualification,Dar es Salaam,Tanzania,True,2023,166,112,54,25.3,1600000.0,24.6,2550000.0,0.6999999999999993,-950000.0,2,9,3,6
2023-03-27,Sudan,Gabon,1.0,0.0,African Cup of Nations qualification,Omdurman,Sudan,False,2023,128,82,46,29.2,3280000.0,27.6,35280000.0,1.5999999999999979,-32000000.0,1,3,9,-6
2023-03-27,Republic of Ireland,France,0.0,1.0,UEFA Euro qualification,Dublin,Republic of Ireland,False,2023,60,2,58,24.9,146850000.0,27.0,1520000000.0,-2.1000000000000014,-1373150000.0,2,7,13,-6
2023-03-27,Netherlands,Gibraltar,3.0,0.0,UEFA Euro qualification,Rotterdam,Netherlands,False,2023,6,201,-195,27.8,754200000.0,23.7,1840000.0,4.100000000000001,752360000.0,1,8,1,7
2023-03-27,Poland,Albania,1.0,0.0,UEFA Euro qualification,Warsaw,Poland,False,2023,31,62,-31,26.3,231600000.0,27.4,88800000.0,-1.0999999999999979,142800000.0,1,4,2,2
2023-03-27,Moldova,Czechia,0.0,0.0,UEFA Euro qualification,Chișinău,Moldova,False,2023,155,39,116,25.1,9700000.0,27.6,188180000.0,-2.5,-178480000.0,0,10,3,7
2023-03-27,Austria,Estonia,2.0,1.0,UEFA Euro qualification,Pasching,Austria,False,2023,24,122,-98,28.6,245200000.0,25.5,13930000.0,3.1000000000000014,231270000.0,1,4,13,-9
2023-03-27,Sweden,Azerbaijan,5.0,0.0,UEFA Euro qualification,Stockholm,Sweden,False,2023,26,114,-88,27.6,406080000.0,27.6,19080000.0,0.0,387000000.0,1,1,9,-8
2023-03-27,Hungary,Bulgaria,3.0,0.0,UEFA Euro qualification,Budapest,Hungary,False,2023,27,81,-54,25.7,209200000.0,25.7,30050000.0,0.0,179150000.0,1,7,8,-1
2023-03-27,Montenegro,Serbia,0.0,2.0,UEFA Euro qualification,Podgorica,Montenegro,False,2023,70,34,36,27.9,68550000.0,23.0,209500000.0,4.899999999999999,-140950000.0,2,7,7,0
2023-03-27,USA,El Salvador,1.0,0.0,CONCACAF Nations League,Orlando,USA,False,2023,12,78,-66,26.9,385650000.0,26.8,7130000.0,0.09999999999999787,378520000.0,1,8,5,3
2023-03-27,St Vincent and the Grenadines,Bahamas,1.0,1.0,CONCACAF Nations League,Kingstown,St Vincent and the Grenadines,False,2023,173,202,-29,25.3,475000.0,21.8,,3.5,,0,1,3,-2
2023-03-27,Trinidad and Tobago,Nicaragua,1.0,1.0,CONCACAF Nations League,Bacolet,Trinidad and Tobago,False,2023,96,134,-38,26.3,2150000.0,25.6,3780000.0,0.6999999999999993,-1630000.0,0,9,13,-4
2023-03-27,Dominican Republic,Belize,2.0,0.0,CONCACAF Nations League,Santo Domingo,Dominican Republic,False,2023,151,182,-31,25.5,12830000.0,27.0,350000.0,-1.5,12480000.0,1,4,0,4
2023-03-27,St Kitts and Nevis,Aruba,2.0,0.0,CONCACAF Nations League,Basseterre,St Kitts and Nevis,False,2023,147,193,-46,27.4,575000.0,24.3,175000.0,3.099999999999998,400000.0,1,3,0,3
2023-03-27,St Lucia,Dominica,3.0,1.0,CONCACAF Nations League,Gros Islet,St Lucia,False,2023,167,180,-13,23.5,250000.0,25.8,,-2.3000000000000007,,1,9,2,7
2023-03-28,India,Kyrgyz Republic,2.0,0.0,Tri Nation Tournament,Imphal,India,False,2023,102,98,4,26.8,4000000.0,26.1,7050000.0,0.6999999999999993,-3050000.0,1,12,8,4
2023-03-28,Nepal,Bhutan,1.0,1.0,Tri Nation Tournament,Kathmandu,Nepal,False,2023,175,184,-9,27.5,1350000.0,24.9,840000.0,2.6000000000000014,510000.0,0,3,0,3
2023-03-28,Eswatini,Cabo Verde,0.0,1.0,African Cup of Nations qualification,Mbombela,South Africa,True,2023,149,73,76,26.5,1080000.0,29.7,54500000.0,-3.1999999999999993,-53420000.0,2,6,5,1
2023-03-28,Togo,Burkina Faso,1.0,1.0,African Cup of Nations qualification,Lomé,Togo,False,2023,118,57,61,25.7,27800000.0,25.0,110500000.0,0.6999999999999993,-82700000.0,0,1,10,-9
2023-03-28,Namibia,Cameroon,2.0,1.0,African Cup of Nations qualification,Soweto,South Africa,True,2023,115,46,69,27.3,2080000.0,23.7,198700000.0,3.6000000000000014,-196620000.0,1,8,8,0
2023-03-28,Malawi,Egypt,0.0,4.0,African Cup of Nations qualification,Lilongwe,Malawi,False,2023,123,33,90,26.4,1950000.0,29.1,116480000.0,-2.700000000000003,-114530000.0,2,4,9,-5
2023-03-28,Tanzania,Uganda,0.0,1.0,African Cup of Nations qualification,Dar es Salaam,Tanzania,False,2023,121,92,29,26.3,9030000.0,28.0,8630000.0,-1.6999999999999993,400000.0,2,4,2,2
2023-03-28,The Gambia,Mali,1.0,0.0,African Cup of Nations qualification,Casablanca,Morocco,True,2023,126,51,75,25.2,78780000.0,25.6,116550000.0,-0.40000000000000213,-37770000.0,1,7,10,-3
2023-03-28,Comoros,Côte d'Ivoire,0.0,2.0,African Cup of Nations qualification,Moroni,Comoros,False,2023,119,49,70,23.7,3800000.0,25.9,522100000.0,-2.1999999999999993,-518300000.0,2,3,11,-8
2023-03-28,Mauritania,Congo DR,1.0,1.0,African Cup of Nations qualification,Nouakchott,Mauritania,False,2023,105,67,38,26.9,25350000.0,29.1,143900000.0,-2.200000000000003,-118550000.0,0,4,4,0
2023-03-28,Botswana,Equatorial Guinea,2.0,3.0,African Cup of Nations qualification,Francistown,Botswana,False,2023,145,88,57,30.1,3050000.0,26.2,4200000.0,3.900000000000002,-1150000.0,2,7,7,0
2023-03-28,Libya,Tunisia,0.0,1.0,African Cup of Nations qualification,Benghazi,Libya,False,2023,120,28,92,26.6,10130000.0,26.7,69950000.0,-0.09999999999999787,-59820000.0,2,3,10,-7
2023-03-28,Liberia,South Africa,1.0,2.0,African Cup of Nations qualification,Monrovia,Liberia,False,2023,153,66,87,24.5,14330000.0,26.8,49250000.0,-2.3000000000000007,-34920000.0,2,1,8,-7
2023-03-28,Mozambique,Senegal,0.0,1.0,African Cup of Nations qualification,Maputo,Mozambique,False,2023,111,20,91,27.5,1480000.0,27.1,478100000.0,0.3999999999999986,-476620000.0,2,5,9,-4
2023-03-28,Scotland,Spain,2.0,0.0,UEFA Euro qualification,Glasgow,Scotland,False,2023,36,8,28,29.2,170250000.0,26.8,1220000000.0,2.3999999999999986,-1049750000.0,1,13,8,5
2023-03-28,Georgia,Norway,1.0,1.0,UEFA Euro qualification,Batumi,Georgia,False,2023,77,44,33,26.3,260600000.00000003,26.8,589900000.0,-0.5,-329300000.0,0,13,4,9
2023-03-28,Wales,Latvia,1.0,0.0,UEFA Euro qualification,Cardiff,Wales,False,2023,29,137,-108,26.6,180650000.0,27.0,8230000.0,-0.3999999999999986,172420000.0,1,2,6,-4
2023-03-28,Turkey,Croatia,0.0,2.0,UEFA Euro qualification,Bursa,Turkey,False,2023,37,10,27,27.7,473700000.0,28.4,387300000.0,-0.6999999999999993,86400000.0,2,10,6,4
2023-03-28,Kosovo,Andorra,1.0,1.0,UEFA Euro qualification,Pristina,Kosovo,False,2023,101,164,-63,26.5,147480000.0,29.1,3710000.0,-2.6000000000000014,143770000.0,0,7,7,0
2023-03-28,Switzerland,Israel,3.0,0.0,UEFA Euro qualification,Geneva,Switzerland,False,2023,18,75,-57,28.3,332500000.0,25.4,68100000.0,2.900000000000002,264400000.0,1,9,9,0
2023-03-28,Romania,Belarus,2.0,1.0,UEFA Euro qualification,Bucharest,Romania,False,2023,43,95,-52,26.0,56950000.0,26.3,15380000.0,-0.3000000000000007,41570000.0,1,10,2,8
2023-03-28,Costa Rica,Panama,0.0,1.0,CONCACAF Nations League,San José,Costa Rica,False,2023,52,41,11,24.8,28200000.0,30.5,34550000.0,-5.699999999999999,-6350000.0,2,6,7,-1
2023-03-28,Canada,Honduras,4.0,1.0,CONCACAF Nations League,Toronto,Canada,False,2023,48,76,-28,27.0,198650000.0,25.4,20930000.0,1.6000000000000014,177720000.0,1,3,6,-3
2023-03-28,Haiti,Bermuda,3.0,1.0,CONCACAF Nations League,San Cristóbal,Dominican Republic,True,2023,89,171,-82,27.6,55900000.0,27.4,375000.0,0.20000000000000284,55525000.0,1,13,1,12
2023-03-28,Guyana,Montserrat,0.0,0.0,CONCACAF Nations League,Bridgetown,Barbados,True,2023,157,176,-19,26.3,1500000.0,24.3,375000.0,2.0,1125000.0,0,9,3,6
2023-03-29,Rwanda,Benin,1.0,1.0,African Cup of Nations qualification,Kigali,Rwanda,False,2023,133,97,36,27.1,6950000.0,26.2,18080000.0,0.9000000000000021,-11130000.0,0,2,1,1
2023-03-31,Nepal,Laos,2.0,1.0,Tri Nation Tournament,Kathmandu,Nepal,False,2023,175,189,-14,27.5,1350000.0,23.2,1320000.0,4.300000000000001,30000.0,1,4,4,0
2023-06-11,Tajikistan,Turkmenistan,1.0,1.0,CAFA Nations Cup,Tashkent,Uzbekistan,True,2023,106,141,-35,26.0,7780000.0,27.6,2950000.0,-1.6000000000000014,4830000.0,0,11,3,8
2023-06-11,Uzbekistan,Oman,3.0,0.0,CAFA Nations Cup,Tashkent,Uzbekistan,False,2023,68,74,-6,28.5,85330000.0,28.7,8330000.0,-0.1999999999999993,77000000.0,1,15,10,5
2023-06-11,Mauritius,Pakistan,3.0,0.0,Mauritius Four Nations Cup,Saint Pierre,Mauritius,False,2023,177,195,-18,28.3,800000.0,25.7,3540000.0,2.6000000000000014,-2740000.0,1,4,0,4
2023-06-13,IR Iran,Afghanistan,6.0,1.0,CAFA Nations Cup,Bishkek,Kyrgyz Republic,True,2023,21,158,-137,30.4,32049999.999999996,24.8,1080000.0,5.599999999999998,30969999.999999996,1,6,1,5
2023-06-14,Netherlands,Croatia,2.0,4.0,UEFA Nations League,Rotterdam,Netherlands,False,2023,6,10,-4,27.8,754200000.0,28.4,387300000.0,-0.5999999999999979,366900000.0,2,10,8,2
2023-06-14,Oman,Tajikistan,1.0,1.0,CAFA Nations Cup,Tashkent,Uzbekistan,True,2023,74,106,-32,28.7,8330000.0,26.0,7780000.0,2.6999999999999993,550000.0,0,9,9,0
2023-06-14,Uzbekistan,Turkmenistan,2.0,0.0,CAFA Nations Cup,Tashkent,Uzbekistan,False,2023,68,141,-73,28.5,85330000.0,27.6,2950000.0,0.8999999999999986,82380000.0,1,15,4,11
2023-06-14,Pakistan,Kenya,0.0,1.0,Mauritius Four Nations Cup,Saint Pierre,Mauritius,True,2023,195,110,85,25.7,3540000.0,23.8,3300000.0,1.8999999999999986,240000.0,2,0,0,0
2023-06-14,Mauritius,Djibouti,1.0,3.0,Mauritius Four Nations Cup,Saint Pierre,Mauritius,False,2023,177,192,-15,28.3,800000.0,26.3,575000.0,2.0,225000.0,2,4,0,4
2023-06-14,Guinea-Bissau,São Tomé and Príncipe,1.0,0.0,African Cup of Nations qualification,Bissau,Guinea-Bissau,False,2023,103,191,-88,26.6,39450000.0,25.8,1430000.0,0.8000000000000007,38020000.0,1,7,2,5
2023-06-14,Guinea,Egypt,1.0,2.0,African Cup of Nations qualification,Marrakech,Morocco,True,2023,80,33,47,24.6,74130000.0,29.1,116480000.0,-4.5,-42350000.0,2,9,9,0
2023-06-14,South Sudan,The Gambia,2.0,3.0,African Cup of Nations qualification,Ismailia,Egypt,True,2023,166,126,40,25.3,1600000.0,25.2,78780000.0,0.10000000000000142,-77180000.0,2,6,7,-1
2023-06-15,Panama,Canada,0.0,2.0,CONCACAF Nations League,Las Vegas,USA,True,2023,41,48,-7,30.5,34550000.0,27.0,198650000.0,3.5,-164100000.0,2,10,6,4
2023-06-15,USA,Mexico,3.0,0.0,CONCACAF Nations League,Las Vegas,USA,False,2023,12,15,-3,26.9,385650000.0,27.9,191850000.0,-1.0,193800000.0,1,10,8,2
2023-06-15,Spain,Italy,2.0,1.0,UEFA Nations League,Enschede,Netherlands,True,2023,8,9,-1,26.8,1220000000.0,21.0,315700000.0,5.800000000000001,904300000.0,1,5,9,-4
2023-06-16,Curaçao,St Kitts and Nevis,1.0,1.0,Gold Cup qualification,Fort Lauderdale,USA,True,2023,90,147,-57,28.0,25780000.0,27.4,575000.0,0.6000000000000014,25205000.0,0,3,6,-3
2023-06-16,Gibraltar,France,0.0,3.0,UEFA Euro qualification,Faro-Loulé,Portugal,True,2023,201,2,199,23.7,1840000.0,27.0,1520000000.0,-3.3000000000000007,-1518160000.0,2,0,13,-13
2023-06-16,Greece,Republic of Ireland,2.0,1.0,UEFA Euro qualification,Athens,Greece,False,2023,47,60,-13,26.3,275600000.0,24.9,146850000.0,1.4000000000000021,128750000.0,1,12,7,5
2023-06-16,Malta,England,0.0,4.0,UEFA Euro qualification,Ta' Qali,Malta,False,2023,172,3,169,27.1,14950000.0,27.2,1360000000.0,-0.09999999999999787,-1345050000.0,2,3,12,-9
2023-06-16,North Macedonia,Ukraine,2.0,3.0,UEFA Euro qualification,Skopje,North Macedonia,False,2023,65,22,43,27.8,34450000.0,26.6,247000000.0,1.1999999999999993,-212550000.0,2,6,5,1
2023-06-16,Wales,Armenia,2.0,4.0,UEFA Euro qualification,Cardiff,Wales,False,2023,29,93,-64,26.6,180650000.0,26.0,42230000.0,0.6000000000000014,138420000.0,2,5,0,5
2023-06-16,Latvia,Turkey,2.0,3.0,UEFA Euro qualification,Riga,Latvia,False,2023,137,37,100,27.0,8230000.0,27.7,473700000.0,-0.6999999999999993,-465470000.0,2,3,7,-4
2023-06-16,Finland,Slovenia,2.0,0.0,UEFA Euro qualification,Helsinki,Finland,False,2023,59,54,5,26.1,41850000.0,26.6,100500000.0,-0.5,-58650000.0,1,7,11,-4
2023-06-16,Denmark,Northern Ireland,1.0,0.0,UEFA Euro qualification,Copenhagen,Denmark,False,2023,19,72,-53,25.5,365000000.0,23.8,79900000.0,1.6999999999999993,285100000.0,1,4,7,-3
2023-06-16,San Marino,Kazakhstan,0.0,3.0,UEFA Euro qualification,Parma,Italy,True,2023,210,100,110,23.8,1150000.0,26.0,16300000.0,-2.1999999999999993,-15150000.0,2,0,9,-9
2023-06-16,Andorra,Switzerland,1.0,2.0,UEFA Euro qualification,Andorra la Vella,Andorra,False,2023,164,18,146,29.1,3710000.0,28.3,332500000.0,0.8000000000000007,-328790000.0,2,5,9,-4
2023-06-16,Belarus,Israel,1.0,2.0,UEFA Euro qualification,Budapest,Hungary,True,2023,95,75,20,26.3,15380000.0,25.4,68100000.0,0.9000000000000021,-52720000.0,2,1,8,-7
2023-06-16,Kosovo,Romania,0.0,0.0,UEFA Euro qualification,Pristina,Kosovo,False,2023,101,43,58,26.5,147480000.0,26.0,56950000.0,0.5,90530000.0,0,5,10,-5
2023-06-16,Kyrgyz Republic,IR Iran,1.0,5.0,CAFA Nations Cup,Bishkek,Kyrgyz Republic,False,2023,98,21,77,26.1,7050000.0,30.4,32049999.999999996,-4.299999999999997,-24999999.999999996,2,8,9,-1
2023-06-17,Guyana,Grenada,1.0,1.0,Gold Cup qualification,Fort Lauderdale,USA,True,2023,157,174,-17,26.3,1500000.0,25.4,1750000.0,0.9000000000000021,-250000.0,0,7,1,6
2023-06-17,Suriname,Puerto Rico,0.0,0.0,Gold Cup qualification,Fort Lauderdale,USA,True,2023,143,160,-17,29.1,35930000.0,23.1,825000.0,6.0,35105000.0,0,1,12,-11
2023-06-17,Norway,Scotland,1.0,2.0,UEFA Euro qualification,Oslo,Norway,False,2023,44,36,8,26.8,589900000.0,29.2,170250000.0,-2.3999999999999986,419650000.0,2,4,13,-9
2023-06-17,Cyprus,Georgia,1.0,2.0,UEFA Euro qualification,Larnaca,Cyprus,False,2023,125,77,48,26.8,19900000.0,26.3,260600000.00000003,0.5,-240700000.00000003,2,4,11,-7
2023-06-17,Faroe Islands,Czechia,0.0,3.0,UEFA Euro qualification,Tórshavn,Faroe Islands,False,2023,135,39,96,27.5,5100000.0,27.6,188180000.0,-0.10000000000000142,-183080000.0,2,9,4,5
2023-06-17,Albania,Moldova,2.0,0.0,UEFA Euro qualification,Tirana,Albania,False,2023,62,155,-93,27.4,88800000.0,25.1,9700000.0,2.299999999999997,79100000.0,1,2,11,-9
2023-06-17,Azerbaijan,Estonia,1.0,1.0,UEFA Euro qualification,Baku,Azerbaijan,False,2023,114,122,-8,27.6,19080000.0,25.5,13930000.0,2.1000000000000014,5150000.0,0,9,10,-1
2023-06-17,Belgium,Austria,1.0,1.0,UEFA Euro qualification,Brussels,Belgium,False,2023,4,24,-20,27.6,547500000.0,28.6,245200000.0,-1.0,302300000.0,0,7,6,1
2023-06-17,Lithuania,Bulgaria,1.0,1.0,UEFA Euro qualification,Kaunas,Lithuania,False,2023,138,81,57,26.3,16180000.0,25.7,30050000.0,0.6000000000000014,-13870000.0,0,2,7,-5
2023-06-17,Montenegro,Hungary,0.0,0.0,UEFA Euro qualification,Podgorica,Montenegro,False,2023,70,27,43,27.9,68550000.0,25.7,209200000.0,2.1999999999999993,-140650000.0,0,6,10,-4
2023-06-17,Luxembourg,Liechtenstein,2.0,0.0,UEFA Euro qualification,Luxembourg,Luxembourg,False,2023,83,203,-120,26.2,14700000.0,26.4,625000.0,-0.1999999999999993,14075000.0,1,6,0,6
2023-06-17,Iceland,Slovakia,1.0,2.0,UEFA Euro qualification,Reykjavík,Iceland,False,2023,71,45,26,27.7,89100000.0,26.9,59850000.0,0.8000000000000007,29250000.0,2,6,5,1
2023-06-17,Portugal,Bosnia and Herzegovina,3.0,0.0,UEFA Euro qualification,Lisbon,Portugal,False,2023,7,69,-62,28.1,1010000000.0,26.4,151600000.0,1.7000000000000028,858400000.0,1,9,9,0
2023-06-17,Turkmenistan,Oman,0.0,2.0,CAFA Nations Cup,Tashkent,Uzbekistan,True,2023,141,74,67,27.6,2950000.0,28.7,8330000.0,-1.0999999999999979,-5380000.0,2,4,7,-3
2023-06-17,Uzbekistan,Tajikistan,5.0,1.0,CAFA Nations Cup,Tashkent,Uzbekistan,False,2023,68,106,-38,28.5,85330000.0,26.0,7780000.0,2.5,77550000.0,1,15,7,8
2023-06-17,Djibouti,Pakistan,3.0,1.0,Mauritius Four Nations Cup,Saint Pierre,Mauritius,True,2023,192,195,-3,26.3,575000.0,25.7,3540000.0,0.6000000000000014,-2965000.0,1,3,0,3
2023-06-17,Central African Republic,Angola,1.0,2.0,African Cup of Nations qualification,Douala,Cameroon,True,2023,131,117,14,25.8,8199999.999999999,29.4,46550000.0,-3.599999999999998,-38350000.0,2,7,7,0
2023-06-17,Zambia,Côte d'Ivoire,3.0,0.0,African Cup of Nations qualification,Ndola,Zambia,False,2023,84,49,35,26.3,14130000.0,25.9,522100000.0,0.40000000000000213,-507970000.0,1,13,11,2
2023-06-17,Lesotho,Comoros,0.0,1.0,African Cup of Nations qualification,Johannesburg,South Africa,True,2023,148,119,29,28.3,575000.0,23.7,3800000.0,4.600000000000001,-3225000.0,2,6,3,3
2023-06-17,Equatorial Guinea,Tunisia,1.0,0.0,African Cup of Nations qualification,Malabo,Equatorial Guinea,False,2023,88,28,60,26.2,4200000.0,26.7,69950000.0,-0.5,-65750000.0,1,9,10,-1
2023-06-17,Botswana,Libya,1.0,0.0,African Cup of Nations qualification,Francistown,Botswana,False,2023,145,120,25,30.1,3050000.0,26.6,10130000.0,3.5,-7080000.0,1,4,3,1
2023-06-17,South Africa,Morocco,2.0,1.0,African Cup of Nations qualification,Johannesburg,South Africa,False,2023,66,13,53,26.8,49250000.0,26.6,447700000.0,0.1999999999999993,-398450000.0,1,11,7,4
2023-06-17,Benin,Senegal,1.0,1.0,African Cup of Nations qualification,Cotonou,Benin,False,2023,97,20,77,26.2,18080000.0,27.1,478100000.0,-0.9000000000000021,-460020000.0,0,2,12,-10
2023-06-18,Panama,Mexico,0.0,1.0,CONCACAF Nations League,Las Vegas,USA,True,2023,41,15,26,30.5,34550000.0,27.9,191850000.0,2.6000000000000014,-157300000.0,2,9,7,2
2023-06-18,USA,Canada,2.0,0.0,CONCACAF Nations League,Las Vegas,USA,False,2023,12,48,-36,26.9,385650000.0,27.0,198650000.0,-0.10000000000000142,187000000.0,1,12,9,3
2023-06-18,Netherlands,Italy,2.0,3.0,UEFA Nations League,Enschede,Netherlands,False,2023,6,9,-3,27.8,754200000.0,21.0,315700000.0,6.800000000000001,438500000.0,2,7,9,-2
2023-06-18,Croatia,Spain,0.0,0.0,UEFA Nations League,Rotterdam,Netherlands,True,2023,10,8,2,28.4,387300000.0,26.8,1220000000.0,1.5999999999999979,-832700000.0,0,10,7,3
2023-06-18,Mauritius,Kenya,1.0,0.0,Mauritius Four Nations Cup,Saint Pierre,Mauritius,False,2023,177,110,67,28.3,800000.0,23.8,3300000.0,4.5,-2500000.0,1,3,3,0
2023-06-18,Sierra Leone,Nigeria,2.0,3.0,African Cup of Nations qualification,Monrovia,Liberia,True,2023,127,42,85,24.3,13330000.0,26.6,172050000.0,-2.3000000000000007,-158720000.0,2,5,10,-5
2023-06-18,Cabo Verde,Burkina Faso,3.0,1.0,African Cup of Nations qualification,Praia,Cabo Verde,False,2023,73,57,16,29.7,54500000.0,25.0,110500000.0,4.699999999999999,-56000000.0,1,7,11,-4
2023-06-18,Eswatini,Togo,0.0,2.0,African Cup of Nations qualification,Mbombela,South Africa,True,2023,149,118,31,26.5,1080000.0,25.7,27800000.0,0.8000000000000007,-26720000.0,2,5,2,3
2023-06-18,Madagascar,Ghana,0.0,0.0,African Cup of Nations qualification,Antananarivo,Madagascar,False,2023,109,61,48,28.0,6800000.0,26.8,234600000.0,1.1999999999999993,-227800000.0,0,1,7,-6
2023-06-18,Tanzania,Niger,1.0,0.0,African Cup of Nations qualification,Dar es Salaam,Tanzania,False,2023,121,129,-8,26.3,9030000.0,26.4,10700000.0,-0.09999999999999787,-1670000.0,1,4,2,2
2023-06-18,Uganda,Algeria,1.0,2.0,African Cup of Nations qualification,Douala,Cameroon,True,2023,92,30,62,28.0,8630000.0,26.9,256899999.99999997,1.1000000000000014,-248269999.99999997,2,4,12,-8
2023-06-18,Congo,Mali,0.0,2.0,African Cup of Nations qualification,Brazzaville,Congo,False,2023,112,51,61,24.6,2550000.0,25.6,116550000.0,-1.0,-114000000.0,2,6,10,-4
2023-06-18,Gabon,Congo DR,0.0,2.0,African Cup of Nations qualification,Franceville,Gabon,False,2023,82,67,15,27.6,35280000.0,29.1,143900000.0,-1.5,-108620000.0,2,8,4,4
2023-06-18,Rwanda,Mozambique,0.0,2.0,African Cup of Nations qualification,Butare,Rwanda,False,2023,133,111,22,27.1,6950000.0,27.5,1480000.0,-0.3999999999999986,5470000.0,2,3,2,1
2023-06-19,Republic of Ireland,Gibraltar,3.0,0.0,UEFA Euro qualification,Dublin,Republic of Ireland,False,2023,60,201,-141,24.9,146850000.0,23.7,1840000.0,1.1999999999999993,145010000.0,1,4,0,4
2023-06-19,France,Greece,1.0,0.0,UEFA Euro qualification,Paris,France,False,2023,2,47,-45,27.0,1520000000.0,26.3,275600000.0,0.6999999999999993,1244400000.0,1,13,12,1
2023-06-19,Ukraine,Malta,1.0,0.0,UEFA Euro qualification,Trnava,Slovakia,True,2023,22,172,-150,26.6,247000000.0,27.1,14950000.0,-0.5,232050000.0,1,7,3,4
2023-06-19,England,North Macedonia,7.0,0.0,UEFA Euro qualification,Manchester,England,False,2023,3,65,-62,27.2,1360000000.0,27.8,34450000.0,-0.6000000000000014,1325550000.0,1,12,6,6
2023-06-19,Armenia,Latvia,2.0,1.0,UEFA Euro qualification,Yerevan,Armenia,False,2023,93,137,-44,26.0,42230000.0,27.0,8230000.0,-1.0,34000000.0,1,3,3,0
2023-06-19,Turkey,Wales,2.0,0.0,UEFA Euro qualification,Samsun,Turkey,False,2023,37,29,8,27.7,473700000.0,26.6,180650000.0,1.0999999999999979,293050000.0,1,7,4,3
2023-06-19,Finland,San Marino,6.0,0.0,UEFA Euro qualification,Helsinki,Finland,False,2023,59,210,-151,26.1,41850000.0,23.8,1150000.0,2.3000000000000007,40700000.0,1,10,0,10
2023-06-19,Northern Ireland,Kazakhstan,0.0,1.0,UEFA Euro qualification,Belfast,Northern Ireland,False,2023,72,100,-28,23.8,79900000.0,26.0,16300000.0,-2.1999999999999993,63600000.0,2,6,9,-3
2023-06-19,Slovenia,Denmark,1.0,1.0,UEFA Euro qualification,Ljubljana,Slovenia,False,2023,54,19,35,26.6,100500000.0,25.5,365000000.0,1.1000000000000014,-264500000.0,0,10,6,4
2023-06-19,Belarus,Kosovo,2.0,1.0,UEFA Euro qualification,Budapest,Hungary,True,2023,95,101,-6,26.3,15380000.0,26.5,147480000.0,-0.1999999999999993,-132100000.0,1,1,6,-5
2023-06-19,Switzerland,Romania,2.0,2.0,UEFA Euro qualification,Lucerne,Switzerland,False,2023,18,43,-25,28.3,332500000.0,26.0,56950000.0,2.3000000000000007,275550000.0,0,12,11,1
2023-06-19,Israel,Andorra,2.0,1.0,UEFA Euro qualification,Jerusalem,Israel,False,2023,75,164,-89,25.4,68100000.0,29.1,3710000.0,-3.700000000000003,64390000.0,1,8,5,3
2023-06-20,Scotland,Georgia,2.0,0.0,UEFA Euro qualification,Glasgow,Scotland,False,2023,36,77,-41,29.2,170250000.0,26.3,260600000.00000003,2.8999999999999986,-90350000.00000003,1,13,11,2
2023-06-20,Norway,Cyprus,3.0,1.0,UEFA Euro qualification,Oslo,Norway,False,2023,44,125,-81,26.8,589900000.0,26.8,19900000.0,0.0,570000000.0,1,1,4,-3
2023-06-20,Faroe Islands,Albania,1.0,3.0,UEFA Euro qualification,Tórshavn,Faroe Islands,False,2023,135,62,73,27.5,5100000.0,27.4,88800000.0,0.10000000000000142,-83700000.0,2,6,4,2
2023-06-20,Moldova,Poland,3.0,2.0,UEFA Euro qualification,Chișinău,Moldova,False,2023,155,31,124,25.1,9700000.0,26.3,231600000.0,-1.1999999999999993,-221900000.0,1,8,6,2
2023-06-20,Austria,Sweden,2.0,0.0,UEFA Euro qualification,Vienna,Austria,False,2023,24,26,-2,28.6,245200000.0,27.6,406080000.0,1.0,-160880000.0,1,7,4,3
2023-06-20,Estonia,Belgium,0.0,3.0,UEFA Euro qualification,Tallinn,Estonia,False,2023,122,4,118,25.5,13930000.0,27.6,547500000.0,-2.1000000000000014,-533570000.0,2,8,8,0
2023-06-20,Hungary,Lithuania,2.0,0.0,UEFA Euro qualification,Budapest,Hungary,False,2023,27,138,-111,25.7,209200000.0,26.3,16180000.0,-0.6000000000000014,193020000.0,1,10,2,8
2023-06-20,Bulgaria,Serbia,1.0,1.0,UEFA Euro qualification,Razgrad,Bulgaria,False,2023,81,34,47,25.7,30050000.0,23.0,209500000.0,2.6999999999999993,-179450000.0,0,7,7,0
2023-06-20,Iceland,Portugal,0.0,1.0,UEFA Euro qualification,Reykjavík,Iceland,False,2023,71,7,64,27.7,89100000.0,28.1,1010000000.0,-0.40000000000000213,-920900000.0,2,5,12,-7
2023-06-20,Bosnia and Herzegovina,Luxembourg,0.0,2.0,UEFA Euro qualification,Zenica,Bosnia and Herzegovina,False,2023,69,83,-14,26.4,151600000.0,26.2,14700000.0,0.1999999999999993,136900000.0,2,6,8,-2
2023-06-20,Liechtenstein,Slovakia,0.0,1.0,UEFA Euro qualification,Vaduz,Liechtenstein,False,2023,203,45,158,26.4,625000.0,26.9,59850000.0,-0.5,-59225000.0,2,0,8,-8
2023-06-20,Kyrgyz Republic,Oman,0.0,1.0,CAFA Nations Cup,Tashkent,Uzbekistan,True,2023,98,74,24,26.1,7050000.0,28.7,8330000.0,-2.599999999999998,-1280000.0,2,5,7,-2
2023-06-20,Uzbekistan,IR Iran,0.0,1.0,CAFA Nations Cup,Tashkent,Uzbekistan,False,2023,68,21,47,28.5,85330000.0,30.4,32049999.999999996,-1.8999999999999986,53280000.0,2,15,9,6
2023-06-20,Burundi,Namibia,3.0,2.0,African Cup of Nations qualification,Dar es Salaam,Tanzania,True,2023,139,115,24,26.6,10930000.0,27.3,2080000.0,-0.6999999999999993,8850000.0,1,1,10,-9
2023-06-20,Ethiopia,Malawi,0.0,0.0,African Cup of Nations qualification,Maputo,Mozambique,True,2023,144,123,21,27.6,2900000.0,26.4,1950000.0,1.2000000000000028,950000.0,0,4,4,0
2023-06-20,Sudan,Mauritania,0.0,3.0,African Cup of Nations qualification,Agadir,Morocco,True,2023,128,105,23,29.2,3280000.0,26.9,25350000.0,2.3000000000000007,-22070000.0,2,6,5,1
2023-06-21,Kuwait,Nepal,3.0,1.0,SAFF Cup,Bengaluru,India,True,2023,136,175,-39,28.4,4230000.0,27.5,1350000.0,0.8999999999999986,2880000.0,1,7,7,0
2023-06-21,India,Pakistan,4.0,0.0,SAFF Cup,Bengaluru,India,False,2023,102,195,-93,26.8,4000000.0,25.7,3540000.0,1.1000000000000014,460000.0,1,15,0,15
2023-06-22,Lebanon,Bangladesh,2.0,0.0,SAFF Cup,Bengaluru,India,True,2023,107,183,-76,28.9,5550000.0,26.4,7250000.0,2.5,-1700000.0,1,1,0,1
2023-06-22,Maldives,Bhutan,2.0,0.0,SAFF Cup,Bengaluru,India,True,2023,161,184,-23,29.6,675000.0,24.9,840000.0,4.700000000000003,-165000.0,1,3,1,2
2023-06-24,Pakistan,Kuwait,0.0,4.0,SAFF Cup,Bengaluru,India,True,2023,195,136,59,25.7,3540000.0,28.4,4230000.0,-2.6999999999999993,-690000.0,2,0,7,-7
2023-06-24,India,Nepal,2.0,0.0,SAFF Cup,Bengaluru,India,False,2023,102,175,-73,26.8,4000000.0,27.5,1350000.0,-0.6999999999999993,2650000.0,1,15,7,8
2023-06-24,USA,Jamaica,1.0,1.0,Gold Cup,Chicago,USA,False,2023,12,55,-43,26.9,385650000.0,23.1,9050000.0,3.799999999999997,376600000.0,0,12,9,3
2023-06-25,Bangladesh,Maldives,3.0,1.0,SAFF Cup,Bengaluru,India,True,2023,183,161,22,26.4,7250000.0,29.6,675000.0,-3.200000000000003,6575000.0,1,0,6,-6
2023-06-25,Bhutan,Lebanon,1.0,4.0,SAFF Cup,Bengaluru,India,True,2023,184,107,77,24.9,840000.0,28.9,5550000.0,-4.0,-4710000.0,2,1,4,-3
2023-06-25,Trinidad and Tobago,St Kitts and Nevis,3.0,0.0,Gold Cup,Fort Lauderdale,USA,True,2023,96,147,-51,26.3,2150000.0,27.4,575000.0,-1.0999999999999979,1575000.0,1,7,7,0
2023-06-25,Haiti,Qatar,2.0,1.0,Gold Cup,Houston,USA,True,2023,89,58,31,27.6,55900000.0,29.5,19930000.0,-1.8999999999999986,35970000.0,1,15,4,11
2023-06-25,Mexico,Honduras,4.0,0.0,Gold Cup,Houston,USA,True,2023,15,76,-61,27.9,191850000.0,25.4,20930000.0,2.5,170920000.0,1,10,6,4
2023-06-26,Costa Rica,Panama,1.0,2.0,Gold Cup,Fort Lauderdale,USA,True,2023,52,41,11,24.8,28200000.0,30.5,34550000.0,-5.699999999999999,-6350000.0,2,6,9,-3
2023-06-27,Nepal,Pakistan,1.0,0.0,SAFF Cup,Bengaluru,India,True,2023,175,195,-20,27.5,1350000.0,25.7,3540000.0,1.8000000000000007,-2190000.0,1,7,0,7
2023-06-27,India,Kuwait,1.0,1.0,SAFF Cup,Bengaluru,India,False,2023,102,136,-34,26.8,4000000.0,28.4,4230000.0,-1.5999999999999979,-230000.0,0,15,10,5
2023-06-27,Guatemala,Cuba,1.0,0.0,Gold Cup,Fort Lauderdale,USA,True,2023,108,169,-61,25.8,7780000.0,24.0,2600000.0,1.8000000000000007,5180000.0,1,10,12,-2
2023-06-28,Lebanon,Maldives,1.0,0.0,SAFF Cup,Bengaluru,India,True,2023,107,161,-54,28.9,5550000.0,29.6,675000.0,-0.7000000000000028,4875000.0,1,7,6,1
2023-06-28,Bhutan,Bangladesh,1.0,3.0,SAFF Cup,Bengaluru,India,True,2023,184,183,1,24.9,840000.0,26.4,7250000.0,-1.5,-6410000.0,2,1,3,-2
2023-06-28,Jamaica,Trinidad and Tobago,4.0,1.0,Gold Cup,St. Louis,USA,True,2023,55,96,-41,23.1,9050000.0,26.3,2150000.0,-3.1999999999999993,6900000.0,1,7,7,0
2023-06-28,USA,St Kitts and Nevis,6.0,0.0,Gold Cup,St. Louis,USA,False,2023,12,147,-135,26.9,385650000.0,27.4,575000.0,-0.5,385075000.0,1,13,7,6
2023-06-29,Qatar,Honduras,1.0,1.0,Gold Cup,Glendale,USA,True,2023,58,76,-18,29.5,19930000.0,25.4,20930000.0,4.100000000000001,-1000000.0,0,4,6,-2
2023-06-29,Haiti,Mexico,1.0,3.0,Gold Cup,Glendale,USA,True,2023,89,15,74,27.6,55900000.0,27.9,191850000.0,-0.29999999999999716,-135950000.0,2,15,10,5
2023-06-30,El Salvador,Costa Rica,0.0,0.0,Gold Cup,Harrison,USA,True,2023,78,52,26,26.8,7130000.0,24.8,28200000.0,2.0,-21070000.0,0,5,3,2
2023-07-01,India,Lebanon,0.0,0.0,SAFF Cup,Bengaluru,India,False,2023,102,107,-5,26.8,4000000.0,28.9,5550000.0,-2.099999999999998,-1550000.0,0,13,9,4
2023-07-01,Kuwait,Bangladesh,1.0,0.0,SAFF Cup,Bengaluru,India,True,2023,136,183,-47,28.4,4230000.0,26.4,7250000.0,2.0,-3020000.0,1,11,6,5
2023-07-01,Guatemala,Canada,0.0,0.0,Gold Cup,Houston,USA,True,2023,108,48,60,25.8,7780000.0,27.0,198650000.0,-1.1999999999999993,-190870000.0,0,13,9,4
2023-07-02,USA,Trinidad and Tobago,6.0,0.0,Gold Cup,Charlotte,USA,False,2023,12,96,-84,26.9,385650000.0,26.3,2150000.0,0.5999999999999979,383500000.0,1,13,7,6
2023-07-02,Jamaica,St Kitts and Nevis,5.0,0.0,Gold Cup,Santa Clara,USA,True,2023,55,147,-92,23.1,9050000.0,27.4,575000.0,-4.299999999999997,8475000.0,1,9,7,2
2023-07-02,Honduras,Haiti,2.0,1.0,Gold Cup,Charlotte,USA,True,2023,76,89,-13,25.4,20930000.0,27.6,55900000.0,-2.200000000000003,-34970000.0,1,4,12,-8
2023-07-02,Mexico,Qatar,0.0,1.0,Gold Cup,Santa Clara,USA,True,2023,15,58,-43,27.9,191850000.0,29.5,19930000.0,-1.6000000000000014,171920000.0,2,10,2,8
2023-07-04,India,Kuwait,1.0,1.0,SAFF Cup,Bengaluru,India,False,2023,102,136,-34,26.8,4000000.0,28.4,4230000.0,-1.5999999999999979,-230000.0,0,11,11,0
2023-07-04,Panama,El Salvador,2.0,2.0,Gold Cup,Houston,USA,True,2023,41,78,-37,30.5,34550000.0,26.8,7130000.0,3.6999999999999993,27420000.0,0,9,6,3
2023-07-04,Canada,Cuba,4.0,2.0,Gold Cup,Houston,USA,True,2023,48,169,-121,27.0,198650000.0,24.0,2600000.0,3.0,196050000.0,1,10,12,-2
2023-07-05,Eswatini,Botswana,0.0,1.0,COSAFA Cup,Durban,South Africa,True,2023,149,145,4,26.5,1080000.0,30.1,3050000.0,-3.6000000000000014,-1970000.0,2,2,6,-4
2023-07-05,South Africa,Namibia,1.0,1.0,COSAFA Cup,Durban,South Africa,False,2023,66,115,-49,26.8,49250000.0,27.3,2080000.0,-0.5,47170000.0,0,13,7,6
2023-07-06,Seychelles,Comoros,0.0,3.0,COSAFA Cup,Durban,South Africa,True,2023,199,119,80,24.5,1030000.0,23.7,3800000.0,0.8000000000000007,-2770000.0,2,1,6,-5
2023-07-06,Zambia,Malawi,0.0,1.0,COSAFA Cup,Durban,South Africa,True,2023,84,123,-39,26.3,14130000.0,26.4,1950000.0,-0.09999999999999787,12180000.0,2,15,5,10
2023-07-07,Mauritius,Lesotho,0.0,2.0,COSAFA Cup,Durban,South Africa,True,2023,177,148,29,28.3,800000.0,28.3,575000.0,0.0,225000.0,2,6,3,3
2023-07-07,Mozambique,Angola,1.0,1.0,COSAFA Cup,Durban,South Africa,True,2023,111,117,-6,27.5,1480000.0,29.4,46550000.0,-1.8999999999999986,-45070000.0,0,4,7,-3
2023-07-08,Panama,Qatar,4.0,0.0,Gold Cup,Arlington,USA,True,2023,41,58,-17,30.5,34550000.0,29.5,19930000.0,1.0,14620000.0,1,7,5,2
2023-07-08,Mexico,Costa Rica,2.0,0.0,Gold Cup,Arlington,USA,True,2023,15,52,-37,27.9,191850000.0,24.8,28200000.0,3.099999999999998,163650000.0,1,9,4,5
2023-07-08,South Africa,Botswana,2.0,1.0,COSAFA Cup,Durban,South Africa,False,2023,66,145,-79,26.8,49250000.0,30.1,3050000.0,-3.3000000000000007,46200000.0,1,11,6,5
2023-07-08,Namibia,Eswatini,1.0,2.0,COSAFA Cup,Durban,South Africa,True,2023,115,149,-34,27.3,2080000.0,26.5,1080000.0,0.8000000000000007,1000000.0,2,5,1,4
2023-07-09,Guatemala,Jamaica,0.0,1.0,Gold Cup,Cincinnati,USA,True,2023,108,55,53,25.8,7780000.0,23.1,9050000.0,2.6999999999999993,-1270000.0,2,11,9,2
2023-07-09,USA,Canada,2.0,2.0,Gold Cup,Cincinnati,USA,False,2023,12,48,-36,26.9,385650000.0,27.0,198650000.0,-0.10000000000000142,187000000.0,0,13,10,3
2023-07-09,Zambia,Comoros,2.0,1.0,COSAFA Cup,Durban,South Africa,True,2023,84,119,-35,26.3,14130000.0,23.7,3800000.0,2.6000000000000014,10330000.0,1,12,9,3
2023-07-09,Malawi,Seychelles,2.0,0.0,COSAFA Cup,Durban,South Africa,True,2023,123,199,-76,26.4,1950000.0,24.5,1030000.0,1.8999999999999986,920000.0,1,7,0,7
2023-07-10,Angola,Mauritius,0.0,1.0,COSAFA Cup,KwaMashu,South Africa,True,2023,117,177,-60,29.4,46550000.0,28.3,800000.0,1.0999999999999979,45750000.0,2,5,6,-1
2023-07-10,Mozambique,Lesotho,0.0,1.0,COSAFA Cup,KwaMashu,South Africa,True,2023,111,148,-37,27.5,1480000.0,28.3,575000.0,-0.8000000000000007,905000.0,2,5,3,2
2023-07-11,Namibia,Botswana,0.0,0.0,COSAFA Cup,Durban,South Africa,True,2023,115,145,-30,27.3,2080000.0,30.1,3050000.0,-2.8000000000000007,-970000.0,0,5,6,-1
2023-07-11,South Africa,Eswatini,2.0,1.0,COSAFA Cup,KwaMashu,South Africa,False,2023,66,149,-83,26.8,49250000.0,26.5,1080000.0,0.3000000000000007,48170000.0,1,11,4,7
2023-07-11,Malawi,Comoros,2.0,0.0,COSAFA Cup,Durban,South Africa,True,2023,123,119,4,26.4,1950000.0,23.7,3800000.0,2.6999999999999993,-1850000.0,1,7,6,1
2023-07-11,Seychelles,Zambia,2.0,4.0,COSAFA Cup,KwaMashu,South Africa,True,2023,199,84,115,24.5,1030000.0,26.3,14130000.0,-1.8000000000000007,-13100000.0,2,0,12,-12
2023-07-12,USA,Panama,1.0,1.0,Gold Cup,San Diego,USA,False,2023,12,41,-29,26.9,385650000.0,30.5,34550000.0,-3.6000000000000014,351100000.0,0,11,7,4
2023-07-12,Jamaica,Mexico,0.0,3.0,Gold Cup,Paradise,USA,True,2023,55,15,40,23.1,9050000.0,27.9,191850000.0,-4.799999999999997,-182800000.0,2,11,12,-1
2023-07-12,Angola,Lesotho,4.0,2.0,COSAFA Cup,Durban,South Africa,True,2023,117,148,-31,29.4,46550000.0,28.3,575000.0,1.0999999999999979,45975000.0,1,5,6,-1
2023-07-12,Mauritius,Mozambique,0.0,1.0,COSAFA Cup,KwaMashu,South Africa,True,2023,177,111,66,28.3,800000.0,27.5,1480000.0,0.8000000000000007,-680000.0,2,9,4,5
2023-07-14,Malawi,Lesotho,1.0,1.0,COSAFA Cup,Durban,South Africa,True,2023,123,148,-25,26.4,1950000.0,28.3,575000.0,-1.9000000000000021,1375000.0,0,10,6,4
2023-07-14,South Africa,Zambia,1.0,2.0,COSAFA Cup,Durban,South Africa,False,2023,66,84,-18,26.8,49250000.0,26.3,14130000.0,0.5,35120000.0,2,13,12,1
2023-07-16,Mexico,Panama,1.0,0.0,Gold Cup,Inglewood,USA,True,2023,15,41,-26,27.9,191850000.0,30.5,34550000.0,-2.6000000000000014,157300000.0,1,12,8,4
2023-07-16,South Africa,Malawi,0.0,0.0,COSAFA Cup,Durban,South Africa,False,2023,66,123,-57,26.8,49250000.0,26.4,1950000.0,0.40000000000000213,47300000.0,0,10,11,-1
2023-07-16,Lesotho,Zambia,0.0,1.0,COSAFA Cup,Durban,South Africa,True,2023,148,84,64,28.3,575000.0,26.3,14130000.0,2.0,-13555000.0,2,7,12,-5
2023-08-24,Madagascar,Seychelles,1.0,0.0,Indian Ocean Island Games,Antananarivo,Madagascar,False,2023,109,199,-90,28.0,6800000.0,24.5,1030000.0,3.5,5770000.0,1,1,0,1
2023-08-26,Madagascar,Mauritius,1.0,1.0,Indian Ocean Island Games,Antananarivo,Madagascar,False,2023,109,177,-68,28.0,6800000.0,28.3,800000.0,-0.3000000000000007,6000000.0,0,4,6,-2
2023-08-28,Mauritius,Seychelles,1.0,0.0,Indian Ocean Island Games,Antananarivo,Madagascar,True,2023,177,199,-22,28.3,800000.0,24.5,1030000.0,3.8000000000000007,-230000.0,1,7,0,7
2023-08-31,Madagascar,Comoros,4.0,2.0,Indian Ocean Island Games,Madagascar,Madagascar,False,2023,109,119,-10,28.0,6800000.0,23.7,3800000.0,4.300000000000001,3000000.0,1,5,6,-1
2023-09-02,Comoros,Mauritius,0.0,2.0,Indian Ocean Island Games,Madagascar,Madagascar,True,2023,119,177,-58,23.7,3800000.0,28.3,800000.0,-4.600000000000001,3000000.0,2,6,7,-1
2023-09-04,Mozambique,Benin,3.0,2.0,African Cup of Nations qualification,Maputo,Mozambique,False,2023,111,97,14,27.5,1480000.0,26.2,18080000.0,1.3000000000000007,-16600000.0,1,7,3,4
2023-09-06,Libya,Equatorial Guinea,1.0,1.0,African Cup of Nations qualification,Benghazi,Libya,False,2023,120,88,32,26.6,10130000.0,26.2,4200000.0,0.40000000000000213,5930000.0,0,3,12,-9
2023-09-07,Trinidad and Tobago,Curaçao,1.0,0.0,CONCACAF Nations League,Port of Spain,Trinidad and Tobago,False,2023,96,90,6,26.3,2150000.0,28.0,25780000.0,-1.6999999999999993,-23630000.0,1,7,4,3
2023-09-07,Guatemala,El Salvador,2.0,0.0,CONCACAF Nations League,Guatemala City,Guatemala,False,2023,108,78,30,25.8,7780000.0,26.8,7130000.0,-1.0,650000.0,1,10,4,6
2023-09-07,US Virgin Islands,Cayman Islands,2.0,2.0,CONCACAF Nations League,Saint Croix,US Virgin Islands,False,2023,208,197,11,24.7,125000.0,25.9,,-1.1999999999999993,,0,3,2,1
2023-09-07,Colombia,Venezuela,1.0,0.0,FIFA World Cup qualification,Barranquilla,Colombia,False,2023,14,50,-36,30.1,302350000.0,25.6,79000000.0,4.5,223350000.0,1,6,3,3
2023-09-07,Paraguay,Peru,0.0,0.0,FIFA World Cup qualification,Ciudad del Este,Paraguay,False,2023,53,35,18,29.1,153650000.0,27.1,30580000.0,2.0,123070000.0,0,3,8,-5
2023-09-07,Argentina,Ecuador,1.0,0.0,FIFA World Cup qualification,Buenos Aires,Argentina,False,2023,1,32,-31,29.1,807500000.0,26.1,368700000.0,3.0,438800000.0,1,11,6,5
2023-09-07,Ghana,Central African Republic,2.0,1.0,African Cup of Nations qualification,Kumasi,Ghana,False,2023,61,131,-70,26.8,234600000.0,25.8,8199999.999999999,1.0,226400000.0,1,8,7,1
2023-09-07,Angola,Madagascar,0.0,0.0,African Cup of Nations qualification,Lubango,Angola,False,2023,117,109,8,29.4,46550000.0,28.0,6800000.0,1.3999999999999986,39750000.0,0,8,8,0
2023-09-07,Algeria,Tanzania,0.0,0.0,African Cup of Nations qualification,Annaba,Algeria,False,2023,30,121,-91,26.9,256899999.99999997,26.3,9030000.0,0.5999999999999979,247869999.99999997,0,15,7,8
2023-09-07,Niger,Uganda,0.0,2.0,African Cup of Nations qualification,Marrakech,Morocco,True,2023,129,92,37,26.4,10700000.0,28.0,8630000.0,-1.6000000000000014,2070000.0,2,2,4,-2
2023-09-07,Tunisia,Botswana,3.0,0.0,African Cup of Nations qualification,Radès,Tunisia,False,2023,28,145,-117,26.7,69950000.0,30.1,3050000.0,-3.400000000000002,66900000.0,1,9,7,2
2023-09-07,France,Republic of Ireland,2.0,0.0,UEFA Euro qualification,Paris,France,False,2023,2,60,-58,27.0,1520000000.0,24.9,146850000.0,2.1000000000000014,1373150000.0,1,13,6,7
2023-09-07,Netherlands,Greece,3.0,0.0,UEFA Euro qualification,Eindhoven,Netherlands,False,2023,6,47,-41,27.8,754200000.0,26.3,275600000.0,1.5,478600000.0,1,4,9,-5
2023-09-07,Czechia,Albania,1.0,1.0,UEFA Euro qualification,Prague,Czechia,False,2023,39,62,-23,27.6,188180000.0,27.4,88800000.0,0.20000000000000284,99380000.0,0,7,7,0
2023-09-07,Poland,Faroe Islands,2.0,0.0,UEFA Euro qualification,Warsaw,Poland,False,2023,31,135,-104,26.3,231600000.0,27.5,5100000.0,-1.1999999999999993,226500000.0,1,3,5,-2
2023-09-07,Serbia,Hungary,1.0,2.0,UEFA Euro qualification,Belgrade,Serbia,False,2023,34,27,7,23.0,209500000.0,25.7,209200000.0,-2.6999999999999993,300000.0,2,8,10,-2
2023-09-07,Lithuania,Montenegro,2.0,2.0,UEFA Euro qualification,Kaunas,Lithuania,False,2023,138,70,68,26.3,16180000.0,27.9,68550000.0,-1.5999999999999979,-52370000.0,0,2,4,-2
2023-09-07,Kazakhstan,Finland,0.0,1.0,UEFA Euro qualification,Astana,Kazakhstan,False,2023,100,59,41,26.0,16300000.0,26.1,41850000.0,-0.10000000000000142,-25550000.0,2,9,12,-3
2023-09-07,Denmark,San Marino,4.0,0.0,UEFA Euro qualification,Copenhagen,Denmark,False,2023,19,210,-191,25.5,365000000.0,23.8,1150000.0,1.6999999999999993,363850000.0,1,7,0,7
2023-09-07,Slovenia,Northern Ireland,4.0,2.0,UEFA Euro qualification,Ljubljana,Slovenia,False,2023,54,72,-18,26.6,100500000.0,23.8,79900000.0,2.8000000000000007,20600000.0,1,8,3,5
2023-09-07,Iraq,India,2.0,2.0,King's Cup,Chiang Mai,Thailand,True,2023,63,102,-39,26.9,21200000.0,26.8,4000000.0,0.09999999999999787,17200000.0,0,13,9,4
2023-09-07,Thailand,Lebanon,2.0,1.0,King's Cup,Chiang Mai,Thailand,False,2023,113,107,6,28.5,6550000.0,28.9,5550000.0,-0.3999999999999986,1000000.0,1,10,10,0
2023-09-08,Haiti,Cuba,0.0,0.0,CONCACAF Nations League,Santo Domingo,Dominican Republic,True,2023,89,169,-80,27.6,55900000.0,24.0,2600000.0,3.6000000000000014,53300000.0,0,9,9,0
2023-09-08,Grenada,Suriname,1.0,1.0,CONCACAF Nations League,St. George's,Grenada,False,2023,174,143,31,25.4,1750000.0,29.1,35930000.0,-3.700000000000003,-34180000.0,0,2,2,0
2023-09-08,Jamaica,Honduras,1.0,0.0,CONCACAF Nations League,Kingston,Jamaica,False,2023,55,76,-21,23.1,9050000.0,25.4,20930000.0,-2.299999999999997,-11880000.0,1,10,7,3
2023-09-08,Barbados,Montserrat,2.0,3.0,CONCACAF Nations League,Bridgetown,Barbados,False,2023,178,176,2,24.6,200000.0,24.3,375000.0,0.3000000000000007,-175000.0,2,3,4,-1
2023-09-08,Dominican Republic,Nicaragua,0.0,2.0,CONCACAF Nations League,Santo Domingo,Dominican Republic,False,2023,151,134,17,25.5,12830000.0,25.6,3780000.0,-0.10000000000000142,9050000.0,2,7,11,-4
2023-09-08,Belize,St Vincent and the Grenadines,1.0,2.0,CONCACAF Nations League,Belmopan,Belize,False,2023,182,173,9,27.0,350000.0,25.3,475000.0,1.6999999999999993,-125000.0,2,0,2,-2
2023-09-08,Uruguay,Chile,3.0,1.0,FIFA World Cup qualification,Montevideo,Uruguay,False,2023,11,40,-29,28.8,359300000.0,25.9,66800000.0,2.900000000000002,292500000.0,1,10,4,6
2023-09-08,Brazil,Bolivia,5.0,1.0,FIFA World Cup qualification,Belém,Brazil,False,2023,5,85,-80,29.4,928200000.0,23.8,18050000.0,5.599999999999998,910150000.0,1,10,0,10
2023-09-08,Burkina Faso,Eswatini,0.0,0.0,African Cup of Nations qualification,Marrakech,Morocco,True,2023,57,149,-92,25.0,110500000.0,26.5,1080000.0,-1.5,109420000.0,0,10,3,7
2023-09-08,Egypt,Ethiopia,1.0,0.0,African Cup of Nations qualification,Cairo,Egypt,False,2023,33,144,-111,29.1,116480000.0,27.6,2900000.0,1.5,113580000.0,1,12,4,8
2023-09-08,Mali,South Sudan,4.0,0.0,African Cup of Nations qualification,Bamako,Mali,False,2023,51,166,-115,25.6,116550000.0,25.3,1600000.0,0.3000000000000007,114950000.0,1,12,3,9
2023-09-08,Georgia,Spain,1.0,7.0,UEFA Euro qualification,Tbilisi,Georgia,False,2023,77,8,69,26.3,260600000.00000003,26.8,1220000000.0,-0.5,-959400000.0,2,10,8,2
2023-09-08,Cyprus,Scotland,0.0,3.0,UEFA Euro qualification,Larnaca,Cyprus,False,2023,125,36,89,26.8,19900000.0,29.2,170250000.0,-2.3999999999999986,-150350000.0,2,3,13,-10
2023-09-08,Croatia,Latvia,5.0,0.0,UEFA Euro qualification,Rijeka,Croatia,False,2023,10,137,-127,28.4,387300000.0,27.0,8230000.0,1.3999999999999986,379070000.0,1,11,2,9
2023-09-08,Turkey,Armenia,1.0,1.0,UEFA Euro qualification,Eskişehir,Turkey,False,2023,37,93,-56,27.7,473700000.0,26.0,42230000.0,1.6999999999999993,431470000.0,0,9,6,3
2023-09-08,Bosnia and Herzegovina,Liechtenstein,2.0,1.0,UEFA Euro qualification,Zenica,Bosnia and Herzegovina,False,2023,69,203,-134,26.4,151600000.0,26.4,625000.0,0.0,150975000.0,1,3,0,3
2023-09-08,Luxembourg,Iceland,3.0,1.0,UEFA Euro qualification,Luxembourg,Luxembourg,False,2023,83,71,12,26.2,14700000.0,27.7,89100000.0,-1.5,-74400000.0,1,10,4,6
2023-09-08,Slovakia,Portugal,0.0,1.0,UEFA Euro qualification,Bratislava,Slovakia,False,2023,45,7,38,26.9,59850000.0,28.1,1010000000.0,-1.2000000000000028,-950150000.0,2,11,12,-1
2023-09-09,Antigua and Barbuda,Guyana,1.0,5.0,CONCACAF Nations League,North Sound,Antigua and Barbuda,False,2023,142,157,-15,23.2,650000.0,26.3,1500000.0,-3.1000000000000014,-850000.0,2,3,5,-2
2023-09-09,Bahamas,Puerto Rico,1.0,6.0,CONCACAF Nations League,Nassau,Bahamas,False,2023,202,160,42,21.8,,23.1,825000.0,-1.3000000000000007,,2,1,13,-12
2023-09-09,British Virgin Islands,Turks and Caicos Islands,3.0,1.0,CONCACAF Nations League,Road Town,British Virgin Islands,False,2023,207,206,1,22.3,,21.9,50000.0,0.40000000000000213,,1,2,3,-1
2023-09-09,Malawi,Guinea,2.0,2.0,African Cup of Nations qualification,Lilongwe,Malawi,False,2023,123,80,43,26.4,1950000.0,24.6,74130000.0,1.7999999999999972,-72180000.0,0,11,9,2
2023-09-09,Côte d'Ivoire,Lesotho,1.0,0.0,African Cup of Nations qualification,San-Pédro,Côte d'Ivoire,False,2023,49,148,-99,25.9,522100000.0,28.3,575000.0,-2.400000000000002,521525000.0,1,10,7,3
2023-09-09,Comoros,Zambia,1.0,1.0,African Cup of Nations qualification,Moroni,Comoros,False,2023,119,84,35,23.7,3800000.0,26.3,14130000.0,-2.6000000000000014,-10330000.0,0,3,12,-9
2023-09-09,Mauritania,Gabon,2.0,1.0,African Cup of Nations qualification,Nouakchott,Mauritania,False,2023,105,82,23,26.9,25350000.0,27.6,35280000.0,-0.7000000000000028,-9930000.0,1,8,7,1
2023-09-09,Congo DR,Sudan,2.0,0.0,African Cup of Nations qualification,Kinshasa,Congo DR,False,2023,67,128,-61,29.1,143900000.0,29.2,3280000.0,-0.09999999999999787,140620000.0,1,7,6,1
2023-09-09,Rwanda,Senegal,1.0,1.0,African Cup of Nations qualification,Butare,Rwanda,False,2023,133,20,113,27.1,6950000.0,27.1,478100000.0,0.0,-471150000.0,0,3,10,-7
2023-09-09,Ukraine,England,1.0,1.0,UEFA Euro qualification,Wrocław,Poland,True,2023,22,3,19,26.6,247000000.0,27.2,1360000000.0,-0.5999999999999979,-1113000000.0,0,10,12,-2
2023-09-09,North Macedonia,Italy,1.0,1.0,UEFA Euro qualification,Skopje,North Macedonia,False,2023,65,9,56,27.8,34450000.0,21.0,315700000.0,6.800000000000001,-281250000.0,0,3,9,-6
2023-09-09,Azerbaijan,Belgium,0.0,1.0,UEFA Euro qualification,Baku,Azerbaijan,False,2023,114,4,110,27.6,19080000.0,27.6,547500000.0,0.0,-528420000.0,2,7,8,-1
2023-09-09,Estonia,Sweden,0.0,5.0,UEFA Euro qualification,Tallinn,Estonia,False,2023,122,26,96,25.5,13930000.0,27.6,406080000.0,-2.1000000000000014,-392150000.0,2,5,4,1
2023-09-09,Andorra,Belarus,0.0,0.0,UEFA Euro qualification,Andorra la Vella,Andorra,False,2023,164,95,69,29.1,3710000.0,26.3,15380000.0,2.8000000000000007,-11670000.0,0,2,4,-2
2023-09-09,Kosovo,Switzerland,2.0,2.0,UEFA Euro qualification,Pristina,Kosovo,False,2023,101,18,83,26.5,147480000.0,28.3,332500000.0,-1.8000000000000007,-185020000.0,0,6,10,-4
2023-09-09,Romania,Israel,1.0,1.0,UEFA Euro qualification,Bucharest,Romania,False,2023,43,75,-32,26.0,56950000.0,25.4,68100000.0,0.6000000000000014,-11150000.0,0,11,10,1
2023-09-10,Guatemala,Panama,1.0,1.0,CONCACAF Nations League,Guatemala City,Guatemala,False,2023,108,41,67,25.8,7780000.0,30.5,34550000.0,-4.699999999999999,-26770000.0,0,10,8,2
2023-09-10,El Salvador,Trinidad and Tobago,2.0,3.0,CONCACAF Nations League,San Salvador,El Salvador,False,2023,78,96,-18,26.8,7130000.0,26.3,2150000.0,0.5,4980000.0,2,3,7,-4
2023-09-10,St Lucia,St Kitts and Nevis,2.0,0.0,CONCACAF Nations League,Gros Islet,St Lucia,False,2023,167,147,20,23.5,250000.0,27.4,575000.0,-3.8999999999999986,-325000.0,1,12,4,8
2023-09-10,Nigeria,São Tomé and Príncipe,6.0,0.0,African Cup of Nations qualification,Uyo,Nigeria,False,2023,42,191,-149,26.6,172050000.0,25.8,1430000.0,0.8000000000000007,170620000.0,1,12,1,11
2023-09-10,Togo,Cabo Verde,3.0,2.0,African Cup of Nations qualification,Lomé,Togo,False,2023,118,73,45,25.7,27800000.0,29.7,54500000.0,-4.0,-26700000.0,1,5,10,-5
2023-09-10,The Gambia,Congo,2.0,2.0,African Cup of Nations qualification,Marrakech,Morocco,True,2023,126,112,14,25.2,78780000.0,24.6,2550000.0,0.5999999999999979,76230000.0,0,9,6,3
2023-09-10,Republic of Ireland,Netherlands,1.0,2.0,UEFA Euro qualification,Dublin,Republic of Ireland,False,2023,60,6,54,24.9,146850000.0,27.8,754200000.0,-2.900000000000002,-607350000.0,2,6,6,0
2023-09-10,Greece,Gibraltar,5.0,0.0,UEFA Euro qualification,Athens,Greece,False,2023,47,201,-154,26.3,275600000.0,23.7,1840000.0,2.6000000000000014,273760000.0,1,9,0,9
2023-09-10,Faroe Islands,Moldova,0.0,1.0,UEFA Euro qualification,Tórshavn,Faroe Islands,False,2023,135,155,-20,27.5,5100000.0,25.1,9700000.0,2.3999999999999986,-4600000.0,2,4,8,-4
2023-09-10,Albania,Poland,2.0,0.0,UEFA Euro qualification,Tirana,Albania,False,2023,62,31,31,27.4,88800000.0,26.3,231600000.0,1.0999999999999979,-142800000.0,1,8,6,2
2023-09-10,Montenegro,Bulgaria,2.0,1.0,UEFA Euro qualification,Podgorica,Montenegro,False,2023,70,81,-11,27.9,68550000.0,25.7,30050000.0,2.1999999999999993,38500000.0,1,5,5,0
2023-09-10,Lithuania,Serbia,1.0,3.0,UEFA Euro qualification,Kaunas,Lithuania,False,2023,138,34,104,26.3,16180000.0,23.0,209500000.0,3.3000000000000007,-193320000.0,2,2,7,-5
2023-09-10,Finland,Denmark,0.0,1.0,UEFA Euro qualification,Helsinki,Finland,False,2023,59,19,40,26.1,41850000.0,25.5,365000000.0,0.6000000000000014,-323150000.0,2,12,10,2
2023-09-10,Kazakhstan,Northern Ireland,1.0,0.0,UEFA Euro qualification,Astana,Kazakhstan,False,2023,100,72,28,26.0,16300000.0,23.8,79900000.0,2.1999999999999993,-63600000.0,1,9,3,6
2023-09-10,San Marino,Slovenia,0.0,4.0,UEFA Euro qualification,Serravalle,San Marino,False,2023,210,54,156,23.8,1150000.0,26.6,100500000.0,-2.8000000000000007,-99350000.0,2,0,10,-10
2023-09-10,Lebanon,India,1.0,0.0,King's Cup,Chiang Mai,Thailand,True,2023,107,102,5,28.9,5550000.0,26.8,4000000.0,2.099999999999998,1550000.0,1,10,7,3
2023-09-10,Thailand,Iraq,2.0,2.0,King's Cup,Chiang Mai,Thailand,False,2023,113,63,50,28.5,6550000.0,26.9,21200000.0,1.6000000000000014,-14650000.0,0,10,13,-3
2023-09-11,Dominican Republic,Montserrat,3.0,0.0,CONCACAF Nations League,Santo Domingo,Dominican Republic,False,2023,151,176,-25,25.5,12830000.0,24.3,375000.0,1.1999999999999993,12455000.0,1,7,7,0
2023-09-11,Nicaragua,Barbados,5.0,1.0,CONCACAF Nations League,Managua,Nicaragua,False,2023,134,178,-44,25.6,3780000.0,24.6,200000.0,1.0,3580000.0,1,13,3,10
2023-09-11,Cayman Islands,Aruba,1.0,2.0,CONCACAF Nations League,George Town,Cayman Islands,False,2023,197,193,4,25.9,,24.3,175000.0,1.5999999999999979,,2,3,0,3
2023-09-11,Guinea-Bissau,Sierra Leone,2.0,1.0,African Cup of Nations qualification,Bissau,Guinea-Bissau,False,2023,103,127,-24,26.6,39450000.0,24.3,13330000.0,2.3000000000000007,26120000.0,1,10,5,5
2023-09-11,Armenia,Croatia,0.0,1.0,UEFA Euro qualification,Yerevan,Armenia,False,2023,93,10,83,26.0,42230000.0,28.4,387300000.0,-2.3999999999999986,-345070000.0,2,7,11,-4
2023-09-11,Latvia,Wales,0.0,2.0,UEFA Euro qualification,Riga,Latvia,False,2023,137,29,108,27.0,8230000.0,26.6,180650000.0,0.3999999999999986,-172420000.0,2,1,4,-3
2023-09-11,Iceland,Bosnia and Herzegovina,1.0,0.0,UEFA Euro qualification,Reykjavík,Iceland,False,2023,71,69,2,27.7,89100000.0,26.4,151600000.0,1.3000000000000007,-62500000.0,1,3,6,-3
2023-09-11,Portugal,Luxembourg,9.0,0.0,UEFA Euro qualification,São João da Venda,Portugal,False,2023,7,83,-76,28.1,1010000000.0,26.2,14700000.0,1.9000000000000021,995300000.0,1,15,10,5
2023-09-11,Slovakia,Liechtenstein,3.0,0.0,UEFA Euro qualification,Bratislava,Slovakia,False,2023,45,203,-158,26.9,59850000.0,26.4,625000.0,0.5,59225000.0,1,10,0,10
2023-09-12,Cuba,Suriname,1.0,0.0,CONCACAF Nations League,Santiago,Cuba,False,2023,169,143,26,24.0,2600000.0,29.1,35930000.0,-5.100000000000001,-33330000.0,1,7,2,5
2023-09-12,Jamaica,Haiti,2.0,2.0,CONCACAF Nations League,Kingston,Jamaica,False,2023,55,89,-34,23.1,9050000.0,27.6,55900000.0,-4.5,-46850000.0,0,12,7,5
2023-09-12,Honduras,Grenada,4.0,0.0,CONCACAF Nations League,Tegucigalpa,Honduras,False,2023,76,174,-98,25.4,20930000.0,25.4,1750000.0,0.0,19180000.0,1,4,3,1
2023-09-12,St Vincent and the Grenadines,Bermuda,4.0,3.0,CONCACAF Nations League,Kingstown,St Vincent and the Grenadines,False,2023,173,171,2,25.3,475000.0,27.4,375000.0,-2.099999999999998,100000.0,1,4,1,3
2023-09-12,Guyana,Bahamas,3.0,2.0,CONCACAF Nations League,Leonora,Guyana,False,2023,157,202,-45,26.3,1500000.0,21.8,,4.5,,1,8,1,7
2023-09-12,Puerto Rico,Antigua and Barbuda,5.0,0.0,CONCACAF Nations League,Nassau,Bahamas,True,2023,160,142,18,23.1,825000.0,23.2,650000.0,-0.09999999999999787,175000.0,1,13,3,10
2023-09-12,Turks and Caicos Islands,Dominica,0.0,3.0,CONCACAF Nations League,Providenciales,Turks and Caicos Islands,False,2023,206,180,26,21.9,50000.0,25.8,,-3.900000000000002,,2,3,2,1
2023-09-12,Bolivia,Argentina,0.0,3.0,FIFA World Cup qualification,La Paz,Bolivia,False,2023,85,1,84,23.8,18050000.0,29.1,807500000.0,-5.300000000000001,-789450000.0,2,0,11,-11
2023-09-12,Ecuador,Uruguay,2.0,1.0,FIFA World Cup qualification,Quito,Ecuador,False,2023,32,11,21,26.1,368700000.0,28.8,359300000.0,-2.6999999999999993,9400000.0,1,5,10,-5
2023-09-12,Venezuela,Paraguay,1.0,0.0,FIFA World Cup qualification,Maturín,Venezuela,False,2023,50,53,-3,25.6,79000000.0,29.1,153650000.0,-3.5,-74650000.0,1,3,4,-1
2023-09-12,Peru,Brazil,0.0,1.0,FIFA World Cup qualification,Lima,Peru,False,2023,35,5,30,27.1,30580000.0,29.4,928200000.0,-2.299999999999997,-897620000.0,2,6,10,-4
2023-09-12,Chile,Colombia,0.0,0.0,FIFA World Cup qualification,Santiago,Chile,False,2023,40,14,26,25.9,66800000.0,30.1,302350000.0,-4.200000000000003,-235550000.0,0,1,9,-8
2023-09-12,Cameroon,Burundi,3.0,0.0,African Cup of Nations qualification,Garoua,Cameroon,False,2023,46,139,-93,23.7,198700000.0,26.6,10930000.0,-2.900000000000002,187770000.0,1,5,4,1
2023-09-12,Norway,Georgia,2.0,1.0,UEFA Euro qualification,Oslo,Norway,False,2023,44,77,-33,26.8,589900000.0,26.3,260600000.00000003,0.5,329300000.0,1,4,7,-3
2023-09-12,Spain,Cyprus,6.0,0.0,UEFA Euro qualification,Granada,Spain,False,2023,8,125,-117,26.8,1220000000.0,26.8,19900000.0,0.0,1200100000.0,1,10,0,10
2023-09-12,Italy,Ukraine,2.0,1.0,UEFA Euro qualification,Milan,Italy,False,2023,9,22,-13,21.0,315700000.0,26.6,247000000.0,-5.600000000000001,68700000.0,1,7,8,-1
2023-09-12,Malta,North Macedonia,0.0,2.0,UEFA Euro qualification,Ta' Qali,Malta,False,2023,172,65,107,27.1,14950000.0,27.8,34450000.0,-0.6999999999999993,-19500000.0,2,0,4,-4
2023-09-12,Belgium,Estonia,5.0,0.0,UEFA Euro qualification,Brussels,Belgium,False,2023,4,122,-118,27.6,547500000.0,25.5,13930000.0,2.1000000000000014,533570000.0,1,11,4,7
2023-09-12,Sweden,Austria,1.0,3.0,UEFA Euro qualification,Stockholm,Sweden,False,2023,26,24,2,27.6,406080000.0,28.6,245200000.0,-1.0,160880000.0,2,7,10,-3
2023-09-12,Switzerland,Andorra,3.0,0.0,UEFA Euro qualification,Sion,Switzerland,False,2023,18,164,-146,28.3,332500000.0,29.1,3710000.0,-0.8000000000000007,328790000.0,1,11,2,9
2023-09-12,Israel,Belarus,1.0,0.0,UEFA Euro qualification,Tel Aviv,Israel,False,2023,75,95,-20,25.4,68100000.0,26.3,15380000.0,-0.9000000000000021,52720000.0,1,8,4,4
2023-09-12,Romania,Kosovo,2.0,0.0,UEFA Euro qualification,Bucharest,Romania,False,2023,43,101,-58,26.0,56950000.0,26.5,147480000.0,-0.5,-90530000.0,1,9,4,5
2023-10-08,Papua New Guinea,Solomon Islands,1.0,3.0,MSG Prime Minister's Cup,New Caledonia,New Caledonia,True,2023,165,132,33,29.6,,25.6,450000.0,4.0,,2,12,7,5
2023-10-08,New Caledonia,Vanuatu,4.0,0.0,MSG Prime Minister's Cup,New Caledonia,New Caledonia,False,2023,159,170,-11,28.8,5200000.0,29.7,535000.0,-0.8999999999999986,4665000.0,1,0,0,0
2023-10-11,Solomon Islands,Vanuatu,1.0,0.0,MSG Prime Minister's Cup,New Caledonia,New Caledonia,True,2023,132,170,-38,25.6,450000.0,29.7,535000.0,-4.099999999999998,-85000.0,1,7,0,7
2023-10-11,New Caledonia,Papua New Guinea,3.0,1.0,MSG Prime Minister's Cup,New Caledonia,New Caledonia,False,2023,159,165,-6,28.8,5200000.0,29.6,,-0.8000000000000007,,1,3,9,-6
2023-10-12,Suriname,Haiti,1.0,1.0,CONCACAF Nations League,Paramaribo,Suriname,False,2023,143,89,54,29.1,35930000.0,27.6,55900000.0,1.5,-19970000.0,0,2,5,-3
2023-10-12,Grenada,Jamaica,1.0,4.0,CONCACAF Nations League,St. George's,Grenada,False,2023,174,55,119,25.4,1750000.0,23.1,9050000.0,2.299999999999997,-7300000.0,2,2,10,-8
2023-10-12,Cuba,Honduras,0.0,0.0,CONCACAF Nations League,Santo Domingo,Dominican Republic,True,2023,169,76,93,24.0,2600000.0,25.4,20930000.0,-1.3999999999999986,-18330000.0,0,7,7,0
2023-10-12,Dominica,British Virgin Islands,1.0,1.0,CONCACAF Nations League,Gros Islet,St Lucia,True,2023,180,207,-27,25.8,,22.3,,3.5,,0,5,5,0
2023-10-12,Colombia,Uruguay,2.0,2.0,FIFA World Cup qualification,Barranquilla,Colombia,False,2023,14,11,3,30.1,302350000.0,28.8,359300000.0,1.3000000000000007,-56950000.0,0,10,7,3
2023-10-12,Bolivia,Ecuador,1.0,2.0,FIFA World Cup qualification,La Paz,Bolivia,False,2023,85,32,53,23.8,18050000.0,26.1,368700000.0,-2.3000000000000007,-350650000.0,2,0,7,-7
2023-10-12,Argentina,Paraguay,1.0,0.0,FIFA World Cup qualification,Buenos Aires,Argentina,False,2023,1,53,-52,29.1,807500000.0,29.1,153650000.0,0.0,653850000.0,1,11,4,7
2023-10-12,Brazil,Venezuela,1.0,1.0,FIFA World Cup qualification,Cuiabá,Brazil,False,2023,5,50,-45,29.4,928200000.0,25.6,79000000.0,3.799999999999997,849200000.0,0,10,3,7
2023-10-12,Chile,Peru,2.0,0.0,FIFA World Cup qualification,Santiago,Chile,False,2023,40,35,5,25.9,66800000.0,27.1,30580000.0,-1.2000000000000028,36220000.0,1,2,5,-3
2023-10-12,Afghanistan,Mongolia,1.0,0.0,FIFA World Cup qualification,Dushanbe,Tajikistan,True,2023,158,190,-32,24.8,1080000.0,25.7,485000.0,-0.8999999999999986,595000.0,1,1,3,-2
2023-10-12,Cambodia,Pakistan,0.0,0.0,FIFA World Cup qualification,Phnom Penh,Cambodia,False,2023,179,195,-16,26.1,2580000.0,25.7,3540000.0,0.40000000000000213,-960000.0,0,7,0,7
2023-10-12,Chinese Taipei,Timor-Leste,4.0,0.0,FIFA World Cup qualification,Kaohsiung,Chinese Taipei,False,2023,154,200,-46,26.4,1920000.0,23.5,785000.0,2.8999999999999986,1135000.0,1,0,3,-3
2023-10-12,"Hong Kong, China",Bhutan,4.0,0.0,FIFA World Cup qualification,Hong Kong,"Hong Kong, China",False,2023,150,184,-34,27.1,3450000.0,24.9,840000.0,2.200000000000003,2610000.0,1,3,1,2
2023-10-12,Indonesia,Brunei Darussalam,6.0,0.0,FIFA World Cup qualification,Jakarta,Indonesia,False,2023,146,194,-48,25.7,19550000.0,28.5,800000.0,-2.8000000000000007,18750000.0,1,8,0,8
2023-10-12,Maldives,Bangladesh,1.0,1.0,FIFA World Cup qualification,Malé,Maldives,False,2023,161,183,-22,29.6,675000.0,26.4,7250000.0,3.200000000000003,-6575000.0,0,6,6,0
2023-10-12,Myanmar,Macau,5.0,1.0,FIFA World Cup qualification,Yangon,Myanmar,False,2023,162,187,-25,26.5,3000000.0,24.6,335000.0,1.8999999999999986,2665000.0,1,2,0,2
2023-10-12,Nepal,Laos,1.0,1.0,FIFA World Cup qualification,Kathmandu,Nepal,False,2023,175,189,-14,27.5,1350000.0,23.2,1320000.0,4.300000000000001,30000.0,0,7,4,3
2023-10-12,Singapore,Guam,2.0,1.0,FIFA World Cup qualification,Kallang,Singapore,False,2023,156,205,-49,28.2,4380000.0,23.3,240000.0,4.899999999999999,4140000.0,1,10,0,10
2023-10-12,Yemen,Sri Lanka,3.0,0.0,FIFA World Cup qualification,Abha,Saudi Arabia,True,2023,152,204,-52,26.8,2200000.0,27.2,910000.0,-0.3999999999999986,1290000.0,1,0,0,0
2023-10-12,Spain,Scotland,2.0,0.0,UEFA Euro qualification,Seville,Spain,False,2023,8,36,-28,26.8,1220000000.0,29.2,170250000.0,-2.3999999999999986,1049750000.0,1,10,15,-5
2023-10-12,Cyprus,Norway,0.0,4.0,UEFA Euro qualification,Larnaca,Cyprus,False,2023,125,44,81,26.8,19900000.0,26.8,589900000.0,0.0,-570000000.0,2,0,7,-7
2023-10-12,Latvia,Armenia,2.0,0.0,UEFA Euro qualification,Riga,Latvia,False,2023,137,93,44,27.0,8230000.0,26.0,42230000.0,1.0,-34000000.0,1,0,7,-7
2023-10-12,Croatia,Turkey,0.0,1.0,UEFA Euro qualification,Osijek,Croatia,False,2023,10,37,-27,28.4,387300000.0,27.7,473700000.0,0.6999999999999993,-86400000.0,2,13,10,3
2023-10-12,Faroe Islands,Poland,0.0,2.0,UEFA Euro qualification,Tórshavn,Faroe Islands,False,2023,135,31,104,27.5,5100000.0,26.3,231600000.0,1.1999999999999993,-226500000.0,2,1,6,-5
2023-10-12,Albania,Czechia,3.0,0.0,UEFA Euro qualification,Tirana,Albania,False,2023,62,39,23,27.4,88800000.0,27.6,188180000.0,-0.20000000000000284,-99380000.0,1,10,8,2
2023-10-12,Andorra,Kosovo,0.0,3.0,UEFA Euro qualification,Andorra la Vella,Andorra,False,2023,164,101,63,29.1,3710000.0,26.5,147480000.0,2.6000000000000014,-143770000.0,2,2,3,-1
2023-10-12,Belarus,Romania,0.0,0.0,UEFA Euro qualification,Budapest,Hungary,True,2023,95,43,52,26.3,15380000.0,26.0,56950000.0,0.3000000000000007,-41570000.0,0,4,9,-5
2023-10-13,Curaçao,Panama,1.0,2.0,CONCACAF Nations League,Willemstad,Curaçao,False,2023,90,41,49,28.0,25780000.0,30.5,34550000.0,-2.5,-8770000.0,2,4,6,-2
2023-10-13,Trinidad and Tobago,Guatemala,3.0,2.0,CONCACAF Nations League,Port of Spain,Trinidad and Tobago,False,2023,96,108,-12,26.3,2150000.0,25.8,7780000.0,0.5,-5630000.0,1,9,8,1
2023-10-13,Montserrat,Nicaragua,0.0,3.0,CONCACAF Nations League,Bridgetown,Barbados,True,2023,176,134,42,24.3,375000.0,25.6,3780000.0,-1.3000000000000007,-3405000.0,2,7,13,-6
2023-10-13,Barbados,Dominican Republic,0.0,5.0,CONCACAF Nations League,Bridgetown,Barbados,False,2023,178,151,27,24.6,200000.0,25.5,12830000.0,-0.8999999999999986,-12630000.0,2,3,7,-4
2023-10-13,Belize,Bermuda,0.0,1.0,CONCACAF Nations League,Belmopan,Belize,False,2023,182,171,11,27.0,350000.0,27.4,375000.0,-0.3999999999999986,-25000.0,2,0,0,0
2023-10-13,Republic of Ireland,Greece,0.0,2.0,UEFA Euro qualification,Dublin,Republic of Ireland,False,2023,60,47,13,24.9,146850000.0,26.3,275600000.0,-1.4000000000000021,-128750000.0,2,3,9,-6
2023-10-13,Netherlands,France,1.0,2.0,UEFA Euro qualification,Amsterdam,Netherlands,False,2023,6,2,4,27.8,754200000.0,27.0,1520000000.0,0.8000000000000007,-765800000.0,2,9,15,-6
2023-10-13,Estonia,Azerbaijan,0.0,2.0,UEFA Euro qualification,Tallinn,Estonia,False,2023,122,114,8,25.5,13930000.0,27.6,19080000.0,-2.1000000000000014,-5150000.0,2,1,4,-3
2023-10-13,Austria,Belgium,2.0,3.0,UEFA Euro qualification,Vienna,Austria,False,2023,24,4,20,28.6,245200000.0,27.6,547500000.0,1.0,-302300000.0,2,13,13,0
2023-10-13,Iceland,Luxembourg,1.0,1.0,UEFA Euro qualification,Reykjavík,Iceland,False,2023,71,83,-12,27.7,89100000.0,26.2,14700000.0,1.5,74400000.0,0,6,9,-3
2023-10-13,Portugal,Slovakia,3.0,2.0,UEFA Euro qualification,Porto,Portugal,False,2023,7,45,-38,28.1,1010000000.0,26.9,59850000.0,1.2000000000000028,950150000.0,1,15,12,3
2023-10-13,Liechtenstein,Bosnia and Herzegovina,0.0,2.0,UEFA Euro qualification,Vaduz,Liechtenstein,False,2023,203,69,134,26.4,625000.0,26.4,151600000.0,0.0,-150975000.0,2,0,3,-3
2023-10-14,Puerto Rico,Guyana,1.0,3.0,CONCACAF Nations League,Añasco,Puerto Rico,False,2023,160,157,3,23.1,825000.0,26.3,1500000.0,-3.1999999999999993,-675000.0,2,13,11,2
2023-10-14,Bahamas,Antigua and Barbuda,1.0,4.0,CONCACAF Nations League,Nassau,Bahamas,False,2023,202,142,60,21.8,,23.2,650000.0,-1.3999999999999986,,2,1,0,1
2023-10-14,Aruba,US Virgin Islands,3.0,1.0,CONCACAF Nations League,Oranjestad,Aruba,False,2023,193,208,-15,24.3,175000.0,24.7,125000.0,-0.3999999999999986,50000.0,1,3,4,-1
2023-10-14,Ukraine,North Macedonia,2.0,0.0,UEFA Euro qualification,Prague,Czechia,True,2023,22,65,-43,26.6,247000000.0,27.8,34450000.0,-1.1999999999999993,212550000.0,1,7,7,0
2023-10-14,Italy,Malta,4.0,0.0,UEFA Euro qualification,Bari,Italy,False,2023,9,172,-163,21.0,315700000.0,27.1,14950000.0,-6.100000000000001,300750000.0,1,10,0,10
2023-10-14,Bulgaria,Lithuania,0.0,2.0,UEFA Euro qualification,Sofia,Bulgaria,False,2023,81,138,-57,25.7,30050000.0,26.3,16180000.0,-0.6000000000000014,13870000.0,2,2,2,0
2023-10-14,Hungary,Serbia,2.0,1.0,UEFA Euro qualification,Budapest,Hungary,False,2023,27,34,-7,25.7,209200000.0,23.0,209500000.0,2.6999999999999993,-300000.0,1,10,10,0
2023-10-14,Northern Ireland,San Marino,3.0,0.0,UEFA Euro qualification,Belfast,Northern Ireland,False,2023,72,210,-138,23.8,79900000.0,23.8,1150000.0,0.0,78750000.0,1,0,0,0
2023-10-14,Slovenia,Finland,3.0,0.0,UEFA Euro qualification,Ljubljana,Slovenia,False,2023,54,59,-5,26.6,100500000.0,26.1,41850000.0,0.5,58650000.0,1,10,12,-2
2023-10-14,Denmark,Kazakhstan,3.0,1.0,UEFA Euro qualification,Copenhagen,Denmark,False,2023,19,100,-81,25.5,365000000.0,26.0,16300000.0,-0.5,348700000.0,1,10,12,-2
2023-10-14,Papua New Guinea,Vanuatu,0.0,1.0,MSG Prime Minister's Cup,New Caledonia,New Caledonia,True,2023,165,170,-5,29.6,,29.7,535000.0,-0.09999999999999787,,2,6,0,6
2023-10-14,New Caledonia,Solomon Islands,0.0,1.0,MSG Prime Minister's Cup,New Caledonia,New Caledonia,False,2023,159,132,27,28.8,5200000.0,25.6,450000.0,3.1999999999999993,4750000.0,2,6,10,-4
2023-10-15,Honduras,Cuba,4.0,0.0,CONCACAF Nations League,Tegucigalpa,Honduras,False,2023,76,169,-93,25.4,20930000.0,24.0,2600000.0,1.3999999999999986,18330000.0,1,8,5,3
2023-10-15,Haiti,Jamaica,2.0,3.0,CONCACAF Nations League,Port of Spain,Trinidad and Tobago,True,2023,89,55,34,27.6,55900000.0,23.1,9050000.0,4.5,46850000.0,2,3,10,-7
2023-10-15,Suriname,Grenada,4.0,0.0,CONCACAF Nations League,Paramaribo,Suriname,False,2023,143,174,-31,29.1,35930000.0,25.4,1750000.0,3.700000000000003,34180000.0,1,3,2,1
2023-10-15,Georgia,Cyprus,4.0,0.0,UEFA Euro qualification,Tbilisi,Georgia,False,2023,77,125,-48,26.3,260600000.00000003,26.8,19900000.0,-0.5,240700000.00000003,1,4,0,4
2023-10-15,Norway,Spain,0.0,1.0,UEFA Euro qualification,Oslo,Norway,False,2023,44,8,36,26.8,589900000.0,26.8,1220000000.0,0.0,-630100000.0,2,10,13,-3
2023-10-15,Wales,Croatia,2.0,1.0,UEFA Euro qualification,Cardiff,Wales,False,2023,29,10,19,26.6,180650000.0,28.4,387300000.0,-1.7999999999999972,-206650000.0,1,7,10,-3
2023-10-15,Turkey,Latvia,4.0,0.0,UEFA Euro qualification,Konya,Turkey,False,2023,37,137,-100,27.7,473700000.0,27.0,8230000.0,0.6999999999999993,465470000.0,1,10,3,7
2023-10-15,Czechia,Faroe Islands,1.0,0.0,UEFA Euro qualification,Plzeň,Czechia,False,2023,39,135,-96,27.6,188180000.0,27.5,5100000.0,0.10000000000000142,183080000.0,1,8,0,8
2023-10-15,Poland,Moldova,1.0,1.0,UEFA Euro qualification,Warsaw,Poland,False,2023,31,155,-124,26.3,231600000.0,25.1,9700000.0,1.1999999999999993,221900000.0,0,9,8,1
2023-10-15,Switzerland,Belarus,3.0,3.0,UEFA Euro qualification,St. Gallen,Switzerland,False,2023,18,95,-77,28.3,332500000.0,26.3,15380000.0,2.0,317120000.0,0,11,5,6
2023-10-15,Romania,Andorra,4.0,0.0,UEFA Euro qualification,Bucharest,Romania,False,2023,43,164,-121,26.0,56950000.0,29.1,3710000.0,-3.1000000000000014,53240000.0,1,7,1,6
2023-10-16,Dominican Republic,Barbados,5.0,2.0,CONCACAF Nations League,Santiago de los Caballeros,Dominican Republic,False,2023,151,178,-27,25.5,12830000.0,24.6,200000.0,0.8999999999999986,12630000.0,1,9,3,6
2023-10-16,Nicaragua,Montserrat,3.0,0.0,CONCACAF Nations League,Managua,Nicaragua,False,2023,134,176,-42,25.6,3780000.0,24.3,375000.0,1.3000000000000007,3405000.0,1,13,4,9
2023-10-16,Turks and Caicos Islands,British Virgin Islands,2.0,2.0,CONCACAF Nations League,Providenciales,Turks and Caicos Islands,False,2023,206,207,-1,21.9,50000.0,22.3,,-0.40000000000000213,,0,3,5,-2
2023-10-16,Gibraltar,Republic of Ireland,0.0,4.0,UEFA Euro qualification,Faro-Loulé,Portugal,True,2023,201,60,141,23.7,1840000.0,24.9,146850000.0,-1.1999999999999993,-145010000.0,2,0,3,-3
2023-10-16,Greece,Netherlands,0.0,1.0,UEFA Euro qualification,Athens,Greece,False,2023,47,6,41,26.3,275600000.0,27.8,754200000.0,-1.5,-478600000.0,2,9,6,3
2023-10-16,Azerbaijan,Austria,0.0,1.0,UEFA Euro qualification,Baku,Azerbaijan,False,2023,114,24,90,27.6,19080000.0,28.6,245200000.0,-1.0,-226120000.0,2,4,10,-6
2023-10-16,Belgium,Sweden,1.0,1.0,UEFA Euro qualification,Brussels,Belgium,False,2023,4,26,-22,27.6,547500000.0,27.6,406080000.0,0.0,141420000.0,0,13,6,7
2023-10-16,Iceland,Liechtenstein,4.0,0.0,UEFA Euro qualification,Reykjavík,Iceland,False,2023,71,203,-132,27.7,89100000.0,26.4,625000.0,1.3000000000000007,88475000.0,1,4,0,4
2023-10-16,Bosnia and Herzegovina,Portugal,0.0,5.0,UEFA Euro qualification,Zenica,Bosnia and Herzegovina,False,2023,69,7,62,26.4,151600000.0,28.1,1010000000.0,-1.7000000000000028,-858400000.0,2,6,15,-9
2023-10-16,Luxembourg,Slovakia,0.0,1.0,UEFA Euro qualification,Luxembourg,Luxembourg,False,2023,83,45,38,26.2,14700000.0,26.9,59850000.0,-0.6999999999999993,-45150000.0,2,10,9,1
2023-10-17,Panama,Guatemala,3.0,0.0,CONCACAF Nations League,Panama City,Panama,False,2023,41,108,-67,30.5,34550000.0,25.8,7780000.0,4.699999999999999,26770000.0,1,8,5,3
2023-10-17,Curaçao,Trinidad and Tobago,5.0,3.0,CONCACAF Nations League,Willemstad,Curaçao,False,2023,90,96,-6,28.0,25780000.0,26.3,2150000.0,1.6999999999999993,23630000.0,1,1,9,-8
2023-10-17,Bermuda,Belize,1.0,1.0,CONCACAF Nations League,Devonshire Parish,Bermuda,False,2023,171,182,-11,27.4,375000.0,27.0,350000.0,0.3999999999999986,25000.0,0,3,0,3
2023-10-17,Antigua and Barbuda,Bahamas,2.0,2.0,CONCACAF Nations League,Piggotts,Antigua and Barbuda,False,2023,142,202,-60,23.2,650000.0,21.8,,1.3999999999999986,,0,3,1,2
2023-10-17,Guyana,Puerto Rico,3.0,1.0,CONCACAF Nations League,Basseterre,St Kitts and Nevis,True,2023,157,160,-3,26.3,1500000.0,23.1,825000.0,3.1999999999999993,675000.0,1,11,10,1
2023-10-17,Cayman Islands,US Virgin Islands,2.0,1.0,CONCACAF Nations League,George Town,Cayman Islands,False,2023,197,208,-11,25.9,,24.7,125000.0,1.1999999999999993,,1,2,4,-2
2023-10-17,Venezuela,Chile,3.0,0.0,FIFA World Cup qualification,Maturín,Venezuela,False,2023,50,40,10,25.6,79000000.0,25.9,66800000.0,-0.29999999999999716,12200000.0,1,4,5,-1
2023-10-17,Ecuador,Colombia,0.0,0.0,FIFA World Cup qualification,Quito,Ecuador,False,2023,32,14,18,26.1,368700000.0,30.1,302350000.0,-4.0,66350000.0,0,7,11,-4
2023-10-17,Paraguay,Bolivia,1.0,0.0,FIFA World Cup qualification,Asunción,Paraguay,False,2023,53,85,-32,29.1,153650000.0,23.8,18050000.0,5.300000000000001,135600000.0,1,4,0,4
2023-10-17,Peru,Argentina,0.0,2.0,FIFA World Cup qualification,Lima,Peru,False,2023,35,1,34,27.1,30580000.0,29.1,807500000.0,-2.0,-776920000.0,2,5,13,-8
2023-10-17,Uruguay,Brazil,2.0,0.0,FIFA World Cup qualification,Montevideo,Uruguay,False,2023,11,5,6,28.8,359300000.0,29.4,928200000.0,-0.5999999999999979,-568900000.0,1,7,11,-4
2023-10-17,Bangladesh,Maldives,2.0,1.0,FIFA World Cup qualification,Dhaka,Bangladesh,False,2023,183,161,22,26.4,7250000.0,29.6,675000.0,-3.200000000000003,6575000.0,1,7,7,0
2023-10-17,Bhutan,"Hong Kong, China",2.0,0.0,FIFA World Cup qualification,Thimphu,Bhutan,False,2023,184,150,34,24.9,840000.0,27.1,3450000.0,-2.200000000000003,-2610000.0,1,1,3,-2
2023-10-17,Brunei Darussalam,Indonesia,0.0,6.0,FIFA World Cup qualification,Bandar Seri Begawan,Brunei Darussalam,False,2023,194,146,48,28.5,800000.0,25.7,19550000.0,2.8000000000000007,-18750000.0,2,0,8,-8
2023-10-17,Guam,Singapore,0.0,1.0,FIFA World Cup qualification,Dededo,Guam,False,2023,205,156,49,23.3,240000.0,28.2,4380000.0,-4.899999999999999,-4140000.0,2,0,10,-10
2023-10-17,Laos,Nepal,0.0,1.0,FIFA World Cup qualification,Vientiane,Laos,False,2023,189,175,14,23.2,1320000.0,27.5,1350000.0,-4.300000000000001,-30000.0,2,5,7,-2
2023-10-17,Macau,Myanmar,0.0,0.0,FIFA World Cup qualification,Taipa,Macau,False,2023,187,162,25,24.6,335000.0,26.5,3000000.0,-1.8999999999999986,-2665000.0,0,0,5,-5
2023-10-17,Mongolia,Afghanistan,0.0,1.0,FIFA World Cup qualification,Ulaanbaatar,Mongolia,False,2023,190,158,32,25.7,485000.0,24.8,1080000.0,0.8999999999999986,-595000.0,2,3,4,-1
2023-10-17,Pakistan,Cambodia,1.0,0.0,FIFA World Cup qualification,Islamabad,Pakistan,False,2023,195,179,16,25.7,3540000.0,26.1,2580000.0,-0.40000000000000213,960000.0,1,1,7,-6
2023-10-17,Sri Lanka,Yemen,1.0,1.0,FIFA World Cup qualification,Colombo,Sri Lanka,False,2023,204,152,52,27.2,910000.0,26.8,2200000.0,0.3999999999999986,-1290000.0,0,0,3,-3
2023-10-17,Chinese Taipei,Timor-Leste,3.0,0.0,FIFA World Cup qualification,Kaohsiung,Chinese Taipei,False,2023,154,200,-46,26.4,1920000.0,23.5,785000.0,2.8999999999999986,1135000.0,1,3,3,0
2023-10-17,Australia,New Zealand,2.0,0.0,Soccer Ashes,Brentford,England,True,2023,25,104,-79,27.4,77450000.0,28.1,34350000.0,-0.7000000000000028,43100000.0,1,7,12,-5
2023-10-17,Morocco,Liberia,3.0,0.0,African Cup of Nations qualification,Agadir,Morocco,False,2023,13,153,-140,26.6,447700000.0,24.5,14330000.0,2.1000000000000014,433370000.0,1,4,1,3
2023-10-17,England,Italy,3.0,1.0,UEFA Euro qualification,London,England,False,2023,3,9,-6,27.2,1360000000.0,21.0,315700000.0,6.199999999999999,1044300000.0,1,13,10,3
2023-10-17,Malta,Ukraine,1.0,3.0,UEFA Euro qualification,Ta' Qali,Malta,False,2023,172,22,150,27.1,14950000.0,26.6,247000000.0,0.5,-232050000.0,2,0,10,-10
2023-10-17,Serbia,Montenegro,3.0,1.0,UEFA Euro qualification,Belgrade,Serbia,False,2023,34,70,-36,23.0,209500000.0,27.9,68550000.0,-4.899999999999999,140950000.0,1,7,8,-1
2023-10-17,Lithuania,Hungary,2.0,2.0,UEFA Euro qualification,Kaunas,Lithuania,False,2023,138,27,111,26.3,16180000.0,25.7,209200000.0,0.6000000000000014,-193020000.0,0,5,13,-8
2023-10-17,Finland,Kazakhstan,1.0,2.0,UEFA Euro qualification,Helsinki,Finland,False,2023,59,100,-41,26.1,41850000.0,26.0,16300000.0,0.10000000000000142,25550000.0,2,9,9,0
2023-10-17,Northern Ireland,Slovenia,0.0,1.0,UEFA Euro qualification,Belfast,Northern Ireland,False,2023,72,54,18,23.8,79900000.0,26.6,100500000.0,-2.8000000000000007,-20600000.0,2,3,10,-7
2023-10-17,San Marino,Denmark,1.0,2.0,UEFA Euro qualification,Serravalle,San Marino,False,2023,210,19,191,23.8,1150000.0,25.5,365000000.0,-1.6999999999999993,-363850000.0,2,0,13,-13
2023-11-12,Kosovo,Israel,1.0,0.0,UEFA Euro qualification,Pristina,Kosovo,False,2023,101,75,26,26.5,147480000.0,25.4,68100000.0,1.1000000000000014,79380000.0,1,5,10,-5
2023-11-15,Ethiopia,Sierra Leone,0.0,0.0,FIFA World Cup qualification,El Jadida,Morocco,True,2023,144,127,17,27.6,2900000.0,24.3,13330000.0,3.3000000000000007,-10430000.0,0,4,5,-1
2023-11-15,Congo DR,Mauritania,2.0,0.0,FIFA World Cup qualification,Kinshasa,Congo DR,False,2023,67,105,-38,29.1,143900000.0,26.9,25350000.0,2.200000000000003,118550000.0,1,10,8,2
2023-11-15,Rwanda,Zimbabwe,0.0,0.0,FIFA World Cup qualification,Butare,Rwanda,False,2023,133,124,9,27.1,6950000.0,26.0,25330000.0,1.1000000000000014,-18380000.0,0,3,3,0
2023-11-15,Equatorial Guinea,Namibia,0.0,3.0,FIFA World Cup qualification,Malabo,Equatorial Guinea,False,2023,88,115,-27,26.2,4200000.0,27.3,2080000.0,-1.1000000000000014,2120000.0,2,13,5,8
2023-11-15,Israel,Switzerland,1.0,1.0,UEFA Euro qualification,Felcsút,Hungary,True,2023,75,18,57,25.4,68100000.0,28.3,332500000.0,-2.900000000000002,-264400000.0,0,10,9,1
2023-11-16,St Kitts and Nevis,St Lucia,0.0,0.0,CONCACAF Nations League,Basseterre,St Kitts and Nevis,False,2023,147,167,-20,27.4,575000.0,23.5,250000.0,3.8999999999999986,325000.0,0,1,15,-14
2023-11-16,US Virgin Islands,Aruba,1.0,4.0,CONCACAF Nations League,Saint Croix,US Virgin Islands,False,2023,208,193,15,24.7,125000.0,24.3,175000.0,0.3999999999999986,-50000.0,2,4,6,-2
2023-11-16,British Virgin Islands,Dominica,1.0,2.0,CONCACAF Nations League,Road Town,British Virgin Islands,False,2023,207,180,27,22.3,,25.8,,-3.5,,2,5,5,0
2023-11-16,Costa Rica,Panama,0.0,3.0,CONCACAF Nations League,San José,Costa Rica,False,2023,52,41,11,24.8,28200000.0,30.5,34550000.0,-5.699999999999999,-6350000.0,2,1,8,-7
2023-11-16,USA,Trinidad and Tobago,3.0,0.0,CONCACAF Nations League,Austin,USA,False,2023,12,96,-84,26.9,385650000.0,26.3,2150000.0,0.5999999999999979,383500000.0,1,9,9,0
2023-11-16,Bolivia,Peru,2.0,0.0,FIFA World Cup qualification,La Paz,Bolivia,False,2023,85,35,50,23.8,18050000.0,27.1,30580000.0,-3.3000000000000007,-12530000.0,1,0,2,-2
2023-11-16,Venezuela,Ecuador,0.0,0.0,FIFA World Cup qualification,Maturín,Venezuela,False,2023,50,32,18,25.6,79000000.0,26.1,368700000.0,-0.5,-289700000.0,0,7,7,0
2023-11-16,Colombia,Brazil,2.0,1.0,FIFA World Cup qualification,Barranquilla,Colombia,False,2023,14,5,9,30.1,302350000.0,29.4,928200000.0,0.7000000000000028,-625850000.0,1,9,8,1
2023-11-16,Argentina,Uruguay,0.0,2.0,FIFA World Cup qualification,Buenos Aires,Argentina,False,2023,1,11,-10,29.1,807500000.0,28.8,359300000.0,0.3000000000000007,448200000.0,2,13,10,3
2023-11-16,Chile,Paraguay,0.0,0.0,FIFA World Cup qualification,Santiago,Chile,False,2023,40,53,-13,25.9,66800000.0,29.1,153650000.0,-3.200000000000003,-86850000.0,0,5,4,1
2023-11-16,Qatar,Afghanistan,8.0,1.0,FIFA World Cup qualification,Al Rayyan,Qatar,False,2023,58,158,-100,29.5,19930000.0,24.8,1080000.0,4.699999999999999,18850000.0,1,4,7,-3
2023-11-16,Kuwait,India,0.0,1.0,FIFA World Cup qualification,Kuwait City,Kuwait,False,2023,136,102,34,28.4,4230000.0,26.8,4000000.0,1.5999999999999979,230000.0,2,11,4,7
2023-11-16,Japan,Myanmar,5.0,0.0,FIFA World Cup qualification,Suita,Japan,False,2023,17,162,-145,27.8,270850000.0,26.5,3000000.0,1.3000000000000007,267850000.0,1,8,5,3
2023-11-16,Syria,Korea DPR,1.0,0.0,FIFA World Cup qualification,Jeddah,Saudi Arabia,True,2023,91,116,-25,28.0,7930000.0,25.9,6850000.0,2.1000000000000014,1080000.0,1,4,0,4
2023-11-16,Thailand,China,1.0,2.0,FIFA World Cup qualification,Bangkok,Thailand,False,2023,113,79,34,28.5,6550000.0,27.9,14330000.0,0.6000000000000014,-7780000.0,2,11,5,6
2023-11-16,Korea Republic,Singapore,5.0,0.0,FIFA World Cup qualification,Seoul,Korea Republic,False,2023,23,156,-133,28.1,139050000.0,28.2,4380000.0,-0.09999999999999787,134670000.0,1,4,10,-6
2023-11-16,Oman,Chinese Taipei,3.0,0.0,FIFA World Cup qualification,Muscat,Oman,False,2023,74,154,-80,28.7,8330000.0,26.4,1920000.0,2.3000000000000007,6410000.0,1,7,6,1
2023-11-16,Malaysia,Kyrgyz Republic,4.0,3.0,FIFA World Cup qualification,Kuala Lumpur,Malaysia,False,2023,130,98,32,28.6,7600000.0,26.1,7050000.0,2.5,550000.0,1,9,2,7
2023-11-16,IR Iran,"Hong Kong, China",4.0,0.0,FIFA World Cup qualification,Tehran,IR Iran,False,2023,21,150,-129,30.4,32049999.999999996,27.1,3450000.0,3.299999999999997,28599999.999999996,1,12,3,9
2023-11-16,Turkmenistan,Uzbekistan,1.0,3.0,FIFA World Cup qualification,Ashgabat,Turkmenistan,False,2023,141,68,73,27.6,2950000.0,28.5,85330000.0,-0.8999999999999986,-82380000.0,2,4,12,-8
2023-11-16,Iraq,Indonesia,5.0,1.0,FIFA World Cup qualification,Basra,Iraq,False,2023,63,146,-83,26.9,21200000.0,25.7,19550000.0,1.1999999999999993,1650000.0,1,11,10,1
2023-11-16,Philippines,Vietnam,0.0,2.0,FIFA World Cup qualification,Manila,Philippines,False,2023,140,94,46,26.3,3230000.0,28.1,6380000.0,-1.8000000000000007,-3150000.0,2,3,8,-5
2023-11-16,Tajikistan,Jordan,1.0,1.0,FIFA World Cup qualification,Dushanbe,Tajikistan,False,2023,106,87,19,26.0,7780000.0,28.5,20300000.0,-2.5,-12520000.0,0,6,15,-9
2023-11-16,Saudi Arabia,Pakistan,4.0,0.0,FIFA World Cup qualification,Al Hofuf,Saudi Arabia,False,2023,56,195,-139,28.5,40680000.0,25.7,3540000.0,2.8000000000000007,37140000.0,1,3,4,-1
2023-11-16,United Arab Emirates,Nepal,4.0,0.0,FIFA World Cup qualification,Dubai,United Arab Emirates,False,2023,64,175,-111,26.7,29050000.0,27.5,1350000.0,-0.8000000000000007,27700000.0,1,4,7,-3
2023-11-16,Yemen,Bahrain,0.0,2.0,FIFA World Cup qualification,Abha,Saudi Arabia,True,2023,152,86,66,26.8,2200000.0,29.6,6150000.0,-2.8000000000000007,-3950000.0,2,4,10,-6
2023-11-16,Lebanon,Palestine,0.0,0.0,FIFA World Cup qualification,Sharjah,United Arab Emirates,True,2023,107,99,8,28.9,5550000.0,26.8,10280000.0,2.099999999999998,-4730000.0,0,10,9,1
2023-11-16,Australia,Bangladesh,7.0,0.0,FIFA World Cup qualification,Melbourne,Australia,False,2023,25,183,-158,27.4,77450000.0,26.4,7250000.0,1.0,70200000.0,1,9,10,-1
2023-11-16,Egypt,Djibouti,6.0,0.0,FIFA World Cup qualification,Cairo,Egypt,False,2023,33,192,-159,29.1,116480000.0,26.3,575000.0,2.8000000000000007,115905000.0,1,12,6,6
2023-11-16,Sudan,Togo,1.0,1.0,FIFA World Cup qualification,Benghazi,Libya,True,2023,128,118,10,29.2,3280000.0,25.7,27800000.0,3.5,-24520000.0,0,6,7,-1
2023-11-16,Nigeria,Lesotho,1.0,1.0,FIFA World Cup qualification,Uyo,Nigeria,False,2023,42,148,-106,26.6,172050000.0,28.3,575000.0,-1.6999999999999993,171475000.0,0,12,4,8
2023-11-16,Cabo Verde,Angola,0.0,0.0,FIFA World Cup qualification,Praia,Cabo Verde,False,2023,73,117,-44,29.7,54500000.0,29.4,46550000.0,0.3000000000000007,7950000.0,0,10,8,2
2023-11-16,Burundi,The Gambia,3.0,2.0,FIFA World Cup qualification,Dar es Salaam,Tanzania,True,2023,139,126,13,26.6,10930000.0,25.2,78780000.0,1.4000000000000021,-67850000.0,1,4,7,-3
2023-11-16,Gabon,Kenya,2.0,1.0,FIFA World Cup qualification,Franceville,Gabon,False,2023,82,110,-28,27.6,35280000.0,23.8,3300000.0,3.8000000000000007,31980000.0,1,4,3,1
2023-11-16,Botswana,Mozambique,2.0,3.0,FIFA World Cup qualification,Francistown,Botswana,False,2023,145,111,34,30.1,3050000.0,27.5,1480000.0,2.6000000000000014,1570000.0,2,7,10,-3
2023-11-16,Algeria,Somalia,3.0,1.0,FIFA World Cup qualification,Algiers,Algeria,False,2023,30,198,-168,26.9,256899999.99999997,25.9,760000.0,1.0,256139999.99999997,1,13,0,13
2023-11-16,Cyprus,Spain,1.0,3.0,UEFA Euro qualification,Limassol,Cyprus,False,2023,125,8,117,26.8,19900000.0,26.8,1220000000.0,0.0,-1200100000.0,2,0,13,-13
2023-11-16,Georgia,Scotland,2.0,2.0,UEFA Euro qualification,Tbilisi,Georgia,False,2023,77,36,41,26.3,260600000.00000003,29.2,170250000.0,-2.8999999999999986,90350000.00000003,0,6,12,-6
2023-11-16,Estonia,Austria,0.0,2.0,UEFA Euro qualification,Tallinn,Estonia,False,2023,122,24,98,25.5,13930000.0,28.6,245200000.0,-3.1000000000000014,-231270000.0,2,1,10,-9
2023-11-16,Azerbaijan,Sweden,3.0,0.0,UEFA Euro qualification,Baku,Azerbaijan,False,2023,114,26,88,27.6,19080000.0,27.6,406080000.0,0.0,-387000000.0,1,4,7,-3
2023-11-16,Bulgaria,Hungary,2.0,2.0,UEFA Euro qualification,Sofia,Bulgaria,False,2023,81,27,54,25.7,30050000.0,25.7,209200000.0,0.0,-179150000.0,0,2,11,-9
2023-11-16,Montenegro,Lithuania,2.0,0.0,UEFA Euro qualification,Podgorica,Montenegro,False,2023,70,138,-68,27.9,68550000.0,26.3,16180000.0,1.5999999999999979,52370000.0,1,5,5,0
2023-11-16,Liechtenstein,Portugal,0.0,2.0,UEFA Euro qualification,Vaduz,Liechtenstein,False,2023,203,7,196,26.4,625000.0,28.1,1010000000.0,-1.7000000000000028,-1009375000.0,2,0,15,-15
2023-11-16,Luxembourg,Bosnia and Herzegovina,4.0,1.0,UEFA Euro qualification,Luxembourg,Luxembourg,False,2023,83,69,14,26.2,14700000.0,26.4,151600000.0,-0.1999999999999993,-136900000.0,1,7,6,1
2023-11-16,Slovakia,Iceland,4.0,2.0,UEFA Euro qualification,Bratislava,Slovakia,False,2023,45,71,-26,26.9,59850000.0,27.7,89100000.0,-0.8000000000000007,-29250000.0,1,9,7,2
2023-11-17,Montserrat,Dominican Republic,2.0,1.0,CONCACAF Nations League,Lookout,Montserrat,False,2023,176,151,25,24.3,375000.0,25.5,12830000.0,-1.1999999999999993,-12455000.0,1,4,12,-8
2023-11-17,Barbados,Nicaragua,0.0,4.0,CONCACAF Nations League,Bridgetown,Barbados,False,2023,178,134,44,24.6,200000.0,25.6,3780000.0,-1.0,-3580000.0,2,3,13,-10
2023-11-17,Bermuda,St Vincent and the Grenadines,3.0,1.0,CONCACAF Nations League,Devonshire Parish,Bermuda,False,2023,171,173,-2,27.4,375000.0,25.3,475000.0,2.099999999999998,-100000.0,1,4,7,-3
2023-11-17,Honduras,Mexico,2.0,0.0,CONCACAF Nations League,Tegucigalpa,Honduras,False,2023,76,15,61,25.4,20930000.0,27.9,191850000.0,-2.5,-170920000.0,1,10,12,-2
2023-11-17,Burkina Faso,Guinea-Bissau,1.0,1.0,FIFA World Cup qualification,Marrakech,Morocco,True,2023,57,103,-46,25.0,110500000.0,26.6,39450000.0,-1.6000000000000014,71050000.0,0,8,10,-2
2023-11-17,Eswatini,Libya,0.0,1.0,FIFA World Cup qualification,Mbombela,South Africa,True,2023,149,120,29,26.5,1080000.0,26.6,10130000.0,-0.10000000000000142,-9050000.0,2,4,1,3
2023-11-17,Cameroon,Mauritius,3.0,0.0,FIFA World Cup qualification,Douala,Cameroon,False,2023,46,177,-131,23.7,198700000.0,28.3,800000.0,-4.600000000000001,197900000.0,1,8,10,-2
2023-11-17,Zambia,Congo,4.0,2.0,FIFA World Cup qualification,Ndola,Zambia,False,2023,84,112,-28,26.3,14130000.0,24.6,2550000.0,1.6999999999999993,11580000.0,1,13,7,6
2023-11-17,Côte d'Ivoire,Seychelles,9.0,0.0,FIFA World Cup qualification,Abidjan,Côte d'Ivoire,False,2023,49,199,-150,25.9,522100000.0,24.5,1030000.0,1.3999999999999986,521070000.0,1,10,0,10
2023-11-17,Guinea,Uganda,2.0,1.0,FIFA World Cup qualification,Berkane,Morocco,True,2023,80,92,-12,24.6,74130000.0,28.0,8630000.0,-3.3999999999999986,65500000.0,1,10,7,3
2023-11-17,Liberia,Malawi,0.0,1.0,FIFA World Cup qualification,Monrovia,Liberia,False,2023,153,123,30,24.5,14330000.0,26.4,1950000.0,-1.8999999999999986,12380000.0,2,1,9,-8
2023-11-17,Tunisia,São Tomé and Príncipe,4.0,0.0,FIFA World Cup qualification,Radès,Tunisia,False,2023,28,191,-163,26.7,69950000.0,25.8,1430000.0,0.8999999999999986,68520000.0,1,12,1,11
2023-11-17,Comoros,Central African Republic,4.0,2.0,FIFA World Cup qualification,Moroni,Comoros,False,2023,119,131,-12,23.7,3800000.0,25.8,8199999.999999999,-2.1000000000000014,-4399999.999999999,1,1,7,-6
2023-11-17,Ghana,Madagascar,1.0,0.0,FIFA World Cup qualification,Kumasi,Ghana,False,2023,61,109,-48,26.8,234600000.0,28.0,6800000.0,-1.1999999999999993,227800000.0,1,8,9,-1
2023-11-17,Mali,Chad,3.0,1.0,FIFA World Cup qualification,Bamako,Mali,False,2023,51,181,-130,25.6,116550000.0,24.3,8550000.0,1.3000000000000007,108000000.0,1,12,1,11
2023-11-17,England,Malta,2.0,0.0,UEFA Euro qualification,London,England,False,2023,3,172,-169,27.2,1360000000.0,27.1,14950000.0,0.09999999999999787,1345050000.0,1,13,0,13
2023-11-17,Italy,North Macedonia,5.0,2.0,UEFA Euro qualification,Rome,Italy,False,2023,9,65,-56,21.0,315700000.0,27.8,34450000.0,-6.800000000000001,281250000.0,1,10,4,6
2023-11-17,Moldova,Albania,1.0,1.0,UEFA Euro qualification,Chișinău,Moldova,False,2023,155,62,93,25.1,9700000.0,27.4,88800000.0,-2.299999999999997,-79100000.0,0,8,13,-5
2023-11-17,Poland,Czechia,1.0,1.0,UEFA Euro qualification,Warsaw,Poland,False,2023,31,39,-8,26.3,231600000.0,27.6,188180000.0,-1.3000000000000007,43420000.0,0,7,8,-1
2023-11-17,Finland,Northern Ireland,4.0,0.0,UEFA Euro qualification,Helsinki,Finland,False,2023,59,72,-13,26.1,41850000.0,23.8,79900000.0,2.3000000000000007,-38050000.0,1,6,3,3
2023-11-17,Denmark,Slovenia,2.0,1.0,UEFA Euro qualification,Copenhagen,Denmark,False,2023,19,54,-35,25.5,365000000.0,26.6,100500000.0,-1.1000000000000014,264500000.0,1,13,13,0
2023-11-17,Kazakhstan,San Marino,3.0,1.0,UEFA Euro qualification,Astana,Kazakhstan,False,2023,100,210,-110,26.0,16300000.0,23.8,1150000.0,2.1999999999999993,15150000.0,1,9,0,9
2023-11-17,Solomon Islands,Samoa,1.0,0.0,Pacific Games,Honiara,Solomon Islands,False,2023,132,186,-54,25.6,450000.0,24.5,225000.0,1.1000000000000014,225000.0,1,10,0,10
2023-11-18,Antigua and Barbuda,Puerto Rico,2.0,3.0,CONCACAF Nations League,Piggotts,Antigua and Barbuda,False,2023,142,160,-18,23.2,650000.0,23.1,825000.0,0.09999999999999787,-175000.0,2,4,7,-3
2023-11-18,Jamaica,Canada,1.0,2.0,CONCACAF Nations League,Kingston,Jamaica,False,2023,55,48,7,23.1,9050000.0,27.0,198650000.0,-3.8999999999999986,-189600000.0,2,10,8,2
2023-11-18,Senegal,South Sudan,4.0,0.0,FIFA World Cup qualification,Diamniadio,Senegal,False,2023,20,166,-146,27.1,478100000.0,25.3,1600000.0,1.8000000000000007,476500000.0,1,8,3,5
2023-11-18,South Africa,Benin,2.0,1.0,FIFA World Cup qualification,Durban,South Africa,False,2023,66,97,-31,26.8,49250000.0,26.2,18080000.0,0.6000000000000014,31170000.0,1,8,3,5
2023-11-18,Niger,Tanzania,0.0,1.0,FIFA World Cup qualification,Marrakech,Morocco,True,2023,129,121,8,26.4,10700000.0,26.3,9030000.0,0.09999999999999787,1670000.0,2,1,7,-6
2023-11-18,France,Gibraltar,14.0,0.0,UEFA Euro qualification,Nice,France,False,2023,2,201,-199,27.0,1520000000.0,23.7,1840000.0,3.3000000000000007,1518160000.0,1,15,0,15
2023-11-18,Netherlands,Republic of Ireland,1.0,0.0,UEFA Euro qualification,Amsterdam,Netherlands,False,2023,6,60,-54,27.8,754200000.0,24.9,146850000.0,2.900000000000002,607350000.0,1,9,6,3
2023-11-18,Armenia,Wales,1.0,1.0,UEFA Euro qualification,Yerevan,Armenia,False,2023,93,29,64,26.0,42230000.0,26.6,180650000.0,-0.6000000000000014,-138420000.0,0,7,9,-2
2023-11-18,Latvia,Croatia,0.0,2.0,UEFA Euro qualification,Riga,Latvia,False,2023,137,10,127,27.0,8230000.0,28.4,387300000.0,-1.3999999999999986,-379070000.0,2,3,7,-4
2023-11-18,Belarus,Andorra,1.0,0.0,UEFA Euro qualification,Budapest,Hungary,True,2023,95,164,-69,26.3,15380000.0,29.1,3710000.0,-2.8000000000000007,11670000.0,1,6,1,5
2023-11-18,Switzerland,Kosovo,1.0,1.0,UEFA Euro qualification,Basel,Switzerland,False,2023,18,101,-83,28.3,332500000.0,26.5,147480000.0,1.8000000000000007,185020000.0,0,7,7,0
2023-11-18,Israel,Romania,1.0,2.0,UEFA Euro qualification,Felcsút,Hungary,True,2023,75,43,32,25.4,68100000.0,26.0,56950000.0,-0.6000000000000014,11150000.0,2,8,9,-1
2023-11-18,New Caledonia,Tonga,7.0,0.0,Pacific Games,Honiara,Solomon Islands,True,2023,159,196,-37,28.8,5200000.0,23.9,10000.0,4.900000000000002,5190000.0,1,6,0,6
2023-11-19,Sierra Leone,Egypt,0.0,2.0,FIFA World Cup qualification,Monrovia,Liberia,True,2023,127,33,94,24.3,13330000.0,29.1,116480000.0,-4.800000000000001,-103150000.0,2,5,15,-10
2023-11-19,Sudan,Congo DR,1.0,0.0,FIFA World Cup qualification,Benghazi,Libya,True,2023,128,67,61,29.2,3280000.0,29.1,143900000.0,0.09999999999999787,-140620000.0,1,4,13,-9
2023-11-19,Zimbabwe,Nigeria,1.0,1.0,FIFA World Cup qualification,Butare,Rwanda,True,2023,124,42,82,26.0,25330000.0,26.6,172050000.0,-0.6000000000000014,-146720000.0,0,4,10,-6
2023-11-19,Burundi,Gabon,1.0,2.0,FIFA World Cup qualification,Dar es Salaam,Tanzania,True,2023,139,82,57,26.6,10930000.0,27.6,35280000.0,-1.0,-24350000.0,2,7,6,1
2023-11-19,Mozambique,Algeria,0.0,2.0,FIFA World Cup qualification,Maputo,Mozambique,False,2023,111,30,81,27.5,1480000.0,26.9,256899999.99999997,0.6000000000000014,-255419999.99999997,2,10,13,-3
2023-11-19,Scotland,Norway,3.0,3.0,UEFA Euro qualification,Glasgow,Scotland,False,2023,36,44,-8,29.2,170250000.0,26.8,589900000.0,2.3999999999999986,-419650000.0,0,10,9,1
2023-11-19,Spain,Georgia,3.0,1.0,UEFA Euro qualification,Valladolid,Spain,False,2023,8,77,-69,26.8,1220000000.0,26.3,260600000.00000003,0.5,959400000.0,1,15,4,11
2023-11-19,Belgium,Azerbaijan,5.0,0.0,UEFA Euro qualification,Brussels,Belgium,False,2023,4,114,-110,27.6,547500000.0,27.6,19080000.0,0.0,528420000.0,1,13,7,6
2023-11-19,Sweden,Estonia,2.0,0.0,UEFA Euro qualification,Stockholm,Sweden,False,2023,26,122,-96,27.6,406080000.0,25.5,13930000.0,2.1000000000000014,392150000.0,1,4,0,4
2023-11-19,Hungary,Montenegro,3.0,1.0,UEFA Euro qualification,Budapest,Hungary,False,2023,27,70,-43,25.7,209200000.0,27.9,68550000.0,-2.1999999999999993,140650000.0,1,11,8,3
2023-11-19,Serbia,Bulgaria,2.0,2.0,UEFA Euro qualification,Leskovac,Serbia,False,2023,34,81,-47,23.0,209500000.0,25.7,30050000.0,-2.6999999999999993,179450000.0,0,7,3,4
2023-11-19,Portugal,Iceland,2.0,0.0,UEFA Euro qualification,Lisbon,Portugal,False,2023,7,71,-64,28.1,1010000000.0,27.7,89100000.0,0.40000000000000213,920900000.0,1,15,7,8
2023-11-19,Bosnia and Herzegovina,Slovakia,1.0,2.0,UEFA Euro qualification,Zenica,Bosnia and Herzegovina,False,2023,69,45,24,26.4,151600000.0,26.9,59850000.0,-0.5,91750000.0,2,6,9,-3
2023-11-19,Liechtenstein,Luxembourg,0.0,1.0,UEFA Euro qualification,Vaduz,Liechtenstein,False,2023,203,83,120,26.4,625000.0,26.2,14700000.0,0.1999999999999993,-14075000.0,2,0,7,-7
2023-11-20,Montserrat,Barbados,4.0,2.0,CONCACAF Nations League,Lookout,Montserrat,False,2023,176,178,-2,24.3,375000.0,24.6,200000.0,-0.3000000000000007,175000.0,1,6,0,6
2023-11-20,Aruba,Cayman Islands,5.0,1.0,CONCACAF Nations League,Oranjestad,Aruba,False,2023,193,197,-4,24.3,175000.0,25.9,,-1.5999999999999979,,1,9,4,5
2023-11-20,Dominica,Turks and Caicos Islands,2.0,0.0,CONCACAF Nations League,Road Town,British Virgin Islands,True,2023,180,206,-26,25.8,,21.9,50000.0,3.900000000000002,,1,7,4,3
2023-11-20,Panama,Costa Rica,3.0,1.0,CONCACAF Nations League,Panama City,Panama,False,2023,41,52,-11,30.5,34550000.0,24.8,28200000.0,5.699999999999999,6350000.0,1,10,1,9
2023-11-20,Trinidad and Tobago,USA,2.0,1.0,CONCACAF Nations League,Port of Spain,Trinidad and Tobago,False,2023,96,12,84,26.3,2150000.0,26.9,385650000.0,-0.5999999999999979,-383500000.0,1,9,11,-2
2023-11-20,Djibouti,Guinea-Bissau,0.0,1.0,FIFA World Cup qualification,Cairo,Egypt,True,2023,192,103,89,26.3,575000.0,26.6,39450000.0,-0.3000000000000007,-38875000.0,2,6,10,-4
2023-11-20,The Gambia,Côte d'Ivoire,0.0,2.0,FIFA World Cup qualification,Dar es Salaam,Tanzania,True,2023,126,49,77,25.2,78780000.0,25.9,522100000.0,-0.6999999999999993,-443320000.0,2,7,12,-5
2023-11-20,Seychelles,Kenya,0.0,5.0,FIFA World Cup qualification,Abidjan,Côte d'Ivoire,True,2023,199,110,89,24.5,1030000.0,23.8,3300000.0,0.6999999999999993,-2270000.0,2,0,3,-3
2023-11-20,Liberia,Equatorial Guinea,3.0,0.0,FIFA World Cup qualification,Monrovia,Liberia,False,2023,153,88,65,24.5,14330000.0,26.2,4200000.0,-1.6999999999999993,10130000.0,1,1,10,-9
2023-11-20,Mali,Central African Republic,1.0,1.0,FIFA World Cup qualification,Bamako,Mali,False,2023,51,131,-80,25.6,116550000.0,25.8,8199999.999999999,-0.1999999999999993,108350000.0,0,12,6,6
2023-11-20,Chad,Madagascar,0.0,3.0,FIFA World Cup qualification,Oujda,Morocco,True,2023,181,109,72,24.3,8550000.0,28.0,6800000.0,-3.6999999999999993,1750000.0,2,1,8,-7
2023-11-20,North Macedonia,England,1.0,1.0,UEFA Euro qualification,Skopje,North Macedonia,False,2023,65,3,62,27.8,34450000.0,27.2,1360000000.0,0.6000000000000014,-1325550000.0,0,4,13,-9
2023-11-20,Ukraine,Italy,0.0,0.0,UEFA Euro qualification,Leverkusen,Germany,True,2023,22,9,13,26.6,247000000.0,21.0,315700000.0,5.600000000000001,-68700000.0,0,10,10,0
2023-11-20,Albania,Faroe Islands,0.0,0.0,UEFA Euro qualification,Tirana,Albania,False,2023,62,135,-73,27.4,88800000.0,27.5,5100000.0,-0.10000000000000142,83700000.0,0,11,0,11
2023-11-20,Czechia,Moldova,3.0,0.0,UEFA Euro qualification,Olomouc,Czechia,False,2023,39,155,-116,27.6,188180000.0,25.1,9700000.0,2.5,178480000.0,1,8,8,0
2023-11-20,Northern Ireland,Denmark,2.0,0.0,UEFA Euro qualification,Belfast,Northern Ireland,False,2023,72,19,53,23.8,79900000.0,25.5,365000000.0,-1.6999999999999993,-285100000.0,1,3,15,-12
2023-11-20,San Marino,Finland,1.0,2.0,UEFA Euro qualification,Serravalle,San Marino,False,2023,210,59,151,23.8,1150000.0,26.1,41850000.0,-2.3000000000000007,-40700000.0,2,0,6,-6
2023-11-20,Slovenia,Kazakhstan,2.0,1.0,UEFA Euro qualification,Ljubljana,Slovenia,False,2023,54,100,-46,26.6,100500000.0,26.0,16300000.0,0.6000000000000014,84200000.0,1,12,9,3
2023-11-20,Samoa,American Samoa,10.0,0.0,Pacific Games,Honiara,Solomon Islands,True,2023,186,188,-2,24.5,225000.0,24.5,,0.0,,1,0,0,0
2023-11-21,Nicaragua,Dominican Republic,0.0,0.0,CONCACAF Nations League,Managua,Nicaragua,False,2023,134,151,-17,25.6,3780000.0,25.5,12830000.0,0.10000000000000142,-9050000.0,0,15,9,6
2023-11-21,St Vincent and the Grenadines,Belize,3.0,0.0,CONCACAF Nations League,Saint George's,St Vincent and the Grenadines,False,2023,173,182,-9,25.3,475000.0,27.0,350000.0,-1.6999999999999993,125000.0,1,7,1,6
2023-11-21,Guyana,Antigua and Barbuda,6.0,0.0,CONCACAF Nations League,Santo Domingo,Dominican Republic,True,2023,157,142,15,26.3,1500000.0,23.2,650000.0,3.1000000000000014,850000.0,1,13,4,9
2023-11-21,Puerto Rico,Bahamas,6.0,1.0,CONCACAF Nations League,Bayamón,Puerto Rico,False,2023,160,202,-42,23.1,825000.0,21.8,,1.3000000000000007,,1,9,2,7
2023-11-21,Canada,Jamaica,2.0,3.0,CONCACAF Nations League,Toronto,Canada,False,2023,48,55,-7,27.0,198650000.0,23.1,9050000.0,3.8999999999999986,189600000.0,2,8,10,-2
2023-11-21,Mexico,Honduras,2.0,0.0,CONCACAF Nations League,Mexico City,Mexico,False,2023,15,76,-61,27.9,191850000.0,25.4,20930000.0,2.5,170920000.0,1,9,10,-1
2023-11-21,Ecuador,Chile,1.0,0.0,FIFA World Cup qualification,Quito,Ecuador,False,2023,32,40,-8,26.1,368700000.0,25.9,66800000.0,0.20000000000000284,301900000.0,1,8,5,3
2023-11-21,Paraguay,Colombia,0.0,1.0,FIFA World Cup qualification,Asunción,Paraguay,False,2023,53,14,39,29.1,153650000.0,30.1,302350000.0,-1.0,-148700000.0,2,5,9,-4
2023-11-21,Uruguay,Bolivia,3.0,0.0,FIFA World Cup qualification,Montevideo,Uruguay,False,2023,11,85,-74,28.8,359300000.0,23.8,18050000.0,5.0,341250000.0,1,10,3,7
2023-11-21,Peru,Venezuela,1.0,1.0,FIFA World Cup qualification,Lima,Peru,False,2023,35,50,-15,27.1,30580000.0,25.6,79000000.0,1.5,-48420000.0,0,1,8,-7
2023-11-21,Brazil,Argentina,0.0,1.0,FIFA World Cup qualification,Rio de Janeiro,Brazil,False,2023,5,1,4,29.4,928200000.0,29.1,807500000.0,0.29999999999999716,120700000.0,2,7,12,-5
2023-11-21,India,Qatar,0.0,3.0,FIFA World Cup qualification,Bhubaneswar,India,False,2023,102,58,44,26.8,4000000.0,29.5,19930000.0,-2.6999999999999993,-15930000.0,2,6,7,-1
2023-11-21,Afghanistan,Kuwait,0.0,4.0,FIFA World Cup qualification,Dammam,Saudi Arabia,True,2023,158,136,22,24.8,1080000.0,28.4,4230000.0,-3.599999999999998,-3150000.0,2,7,8,-1
2023-11-21,Myanmar,Korea DPR,1.0,6.0,FIFA World Cup qualification,Yangon,Myanmar,False,2023,162,116,46,26.5,3000000.0,25.9,6850000.0,0.6000000000000014,-3850000.0,2,5,0,5
2023-11-21,Syria,Japan,0.0,5.0,FIFA World Cup qualification,Jeddah,Saudi Arabia,True,2023,91,17,74,28.0,7930000.0,27.8,270850000.0,0.1999999999999993,-262920000.0,2,7,10,-3
2023-11-21,China,Korea Republic,0.0,3.0,FIFA World Cup qualification,Shenzhen,China,False,2023,79,23,56,27.9,14330000.0,28.1,139050000.0,-0.20000000000000284,-124720000.0,2,7,7,0
2023-11-21,Singapore,Thailand,1.0,3.0,FIFA World Cup qualification,Kallang,Singapore,False,2023,156,113,43,28.2,4380000.0,28.5,6550000.0,-0.3000000000000007,-2170000.0,2,7,8,-1
2023-11-21,Chinese Taipei,Malaysia,0.0,1.0,FIFA World Cup qualification,Taipei,Chinese Taipei,False,2023,154,130,24,26.4,1920000.0,28.6,7600000.0,-2.200000000000003,-5680000.0,2,6,9,-3
2023-11-21,Kyrgyz Republic,Oman,1.0,0.0,FIFA World Cup qualification,Bishkek,Kyrgyz Republic,False,2023,98,74,24,26.1,7050000.0,28.7,8330000.0,-2.599999999999998,-1280000.0,1,1,10,-9
2023-11-21,Uzbekistan,IR Iran,2.0,2.0,FIFA World Cup qualification,Tashkent,Uzbekistan,False,2023,68,21,47,28.5,85330000.0,30.4,32049999.999999996,-1.8999999999999986,53280000.0,0,12,12,0
2023-11-21,"Hong Kong, China",Turkmenistan,2.0,2.0,FIFA World Cup qualification,Hong Kong,"Hong Kong, China",False,2023,150,141,9,27.1,3450000.0,27.6,2950000.0,-0.5,500000.0,0,3,1,2
2023-11-21,Philippines,Indonesia,1.0,1.0,FIFA World Cup qualification,Manila,Philippines,False,2023,140,146,-6,26.3,3230000.0,25.7,19550000.0,0.6000000000000014,-16320000.0,0,3,7,-4
2023-11-21,Vietnam,Iraq,0.0,1.0,FIFA World Cup qualification,Hanoi,Vietnam,False,2023,94,63,31,28.1,6380000.0,26.9,21200000.0,1.2000000000000028,-14820000.0,2,8,11,-3
2023-11-21,Pakistan,Tajikistan,1.0,6.0,FIFA World Cup qualification,Islamabad,Pakistan,False,2023,195,106,89,25.7,3540000.0,26.0,7780000.0,-0.3000000000000007,-4240000.0,2,4,4,0
2023-11-21,Jordan,Saudi Arabia,0.0,2.0,FIFA World Cup qualification,Amman,Jordan,False,2023,87,56,31,28.5,20300000.0,28.5,40680000.0,0.0,-20380000.0,2,13,6,7
2023-11-21,Bahrain,United Arab Emirates,0.0,2.0,FIFA World Cup qualification,Riffa,Bahrain,False,2023,86,64,22,29.6,6150000.0,26.7,29050000.0,2.900000000000002,-22900000.0,2,10,4,6
2023-11-21,Nepal,Yemen,0.0,2.0,FIFA World Cup qualification,Kathmandu,Nepal,False,2023,175,152,23,27.5,1350000.0,26.8,2200000.0,0.6999999999999993,-850000.0,2,7,4,3
2023-11-21,Palestine,Australia,0.0,1.0,FIFA World Cup qualification,Kuwait City,Kuwait,True,2023,99,25,74,26.8,10280000.0,27.4,77450000.0,-0.5999999999999979,-67170000.0,2,10,12,-2
2023-11-21,Bangladesh,Lebanon,1.0,1.0,FIFA World Cup qualification,Dhaka,Bangladesh,False,2023,183,107,76,26.4,7250000.0,28.9,5550000.0,-2.5,1700000.0,0,7,8,-1
2023-11-21,Ethiopia,Burkina Faso,0.0,3.0,FIFA World Cup qualification,El Jadida,Morocco,True,2023,144,57,87,27.6,2900000.0,25.0,110500000.0,2.6000000000000014,-107600000.0,2,2,6,-4
2023-11-21,South Sudan,Mauritania,0.0,0.0,FIFA World Cup qualification,Diamniadio,Senegal,True,2023,166,105,61,25.3,1600000.0,26.9,25350000.0,-1.5999999999999979,-23750000.0,0,3,7,-4
2023-11-21,Togo,Senegal,0.0,0.0,FIFA World Cup qualification,Lomé,Togo,False,2023,118,20,98,25.7,27800000.0,27.1,478100000.0,-1.4000000000000021,-450300000.0,0,8,11,-3
2023-11-21,Lesotho,Benin,0.0,0.0,FIFA World Cup qualification,Durban,South Africa,True,2023,148,97,51,28.3,575000.0,26.2,18080000.0,2.1000000000000014,-17505000.0,0,2,3,-1
2023-11-21,Rwanda,South Africa,2.0,0.0,FIFA World Cup qualification,Butare,Rwanda,False,2023,133,66,67,27.1,6950000.0,26.8,49250000.0,0.3000000000000007,-42300000.0,1,4,10,-6
2023-11-21,Eswatini,Cabo Verde,0.0,2.0,FIFA World Cup qualification,Mbombela,South Africa,True,2023,149,73,76,26.5,1080000.0,29.7,54500000.0,-3.1999999999999993,-53420000.0,2,4,8,-4
2023-11-21,Libya,Cameroon,1.0,1.0,FIFA World Cup qualification,Benghazi,Libya,False,2023,120,46,74,26.6,10130000.0,23.7,198700000.0,2.900000000000002,-188570000.0,0,4,10,-6
2023-11-21,Mauritius,Angola,0.0,0.0,FIFA World Cup qualification,Saint Pierre,Mauritius,False,2023,177,117,60,28.3,800000.0,29.4,46550000.0,-1.0999999999999979,-45750000.0,0,7,6,1
2023-11-21,Niger,Zambia,2.0,1.0,FIFA World Cup qualification,Marrakech,Morocco,True,2023,129,84,45,26.4,10700000.0,26.3,14130000.0,0.09999999999999787,-3430000.0,1,0,13,-13
2023-11-21,Tanzania,Morocco,0.0,2.0,FIFA World Cup qualification,Dar es Salaam,Tanzania,False,2023,121,13,108,26.3,9030000.0,26.6,447700000.0,-0.3000000000000007,-438670000.0,2,10,6,4
2023-11-21,Somalia,Uganda,0.0,1.0,FIFA World Cup qualification,Berkane,Morocco,True,2023,198,92,106,25.9,760000.0,28.0,8630000.0,-2.1000000000000014,-7870000.0,2,0,6,-6
2023-11-21,Botswana,Guinea,1.0,0.0,FIFA World Cup qualification,Francistown,Botswana,False,2023,145,80,65,30.1,3050000.0,24.6,74130000.0,5.5,-71080000.0,1,4,10,-6
2023-11-21,Malawi,Tunisia,0.0,1.0,FIFA World Cup qualification,Lilongwe,Malawi,False,2023,123,28,95,26.4,1950000.0,26.7,69950000.0,-0.3000000000000007,-68000000.0,2,9,12,-3
2023-11-21,São Tomé and Príncipe,Namibia,0.0,2.0,FIFA World Cup qualification,Agadir,Morocco,True,2023,191,115,76,25.8,1430000.0,27.3,2080000.0,-1.5,-650000.0,2,1,5,-4
2023-11-21,Comoros,Ghana,1.0,0.0,FIFA World Cup qualification,Moroni,Comoros,False,2023,119,61,58,23.7,3800000.0,26.8,234600000.0,-3.1000000000000014,-230800000.0,1,4,11,-7
2023-11-21,Gibraltar,Netherlands,0.0,6.0,UEFA Euro qualification,Faro-Loulé,Portugal,True,2023,201,6,195,23.7,1840000.0,27.8,754200000.0,-4.100000000000001,-752360000.0,2,0,12,-12
2023-11-21,Greece,France,2.0,2.0,UEFA Euro qualification,Athens,Greece,False,2023,47,2,45,26.3,275600000.0,27.0,1520000000.0,-0.6999999999999993,-1244400000.0,0,6,15,-9
2023-11-21,Wales,Turkey,1.0,1.0,UEFA Euro qualification,Cardiff,Wales,False,2023,29,37,-8,26.6,180650000.0,27.7,473700000.0,-1.0999999999999979,-293050000.0,0,7,13,-6
2023-11-21,Croatia,Armenia,1.0,0.0,UEFA Euro qualification,Zagreb,Croatia,False,2023,10,93,-83,28.4,387300000.0,26.0,42230000.0,2.3999999999999986,345070000.0,1,9,5,4
2023-11-21,Andorra,Israel,0.0,2.0,UEFA Euro qualification,Andorra la Vella,Andorra,False,2023,164,75,89,29.1,3710000.0,25.4,68100000.0,3.700000000000003,-64390000.0,2,1,5,-4
2023-11-21,Kosovo,Belarus,0.0,1.0,UEFA Euro qualification,Pristina,Kosovo,False,2023,101,95,6,26.5,147480000.0,26.3,15380000.0,0.1999999999999993,132100000.0,2,8,6,2
2023-11-21,Romania,Switzerland,1.0,0.0,UEFA Euro qualification,Bucharest,Romania,False,2023,43,18,25,26.0,56950000.0,28.3,332500000.0,-2.3000000000000007,-275550000.0,1,11,7,4
2023-11-21,Tonga,Cook Islands,1.0,2.0,Pacific Games,Honiara,Solomon Islands,True,2023,196,185,11,23.9,10000.0,29.0,110000.0,-5.100000000000001,-100000.0,2,0,0,0
2023-11-21,Fiji,Tahiti,0.0,0.0,Pacific Games,Honiara,Solomon Islands,True,2023,168,163,5,28.3,2450000.0,29.1,60000.0,-0.8000000000000007,2390000.0,0,7,0,7
2023-11-23,Vanuatu,Papua New Guinea,1.0,1.0,Pacific Games,Honiara,Solomon Islands,True,2023,170,165,5,29.7,535000.0,29.6,,0.09999999999999787,,0,3,6,-3
2023-11-23,Solomon Islands,American Samoa,11.0,0.0,Pacific Games,Honiara,Solomon Islands,False,2023,132,188,-56,25.6,450000.0,24.5,,1.1000000000000014,,1,12,0,12
2023-11-24,Cook Islands,New Caledonia,0.0,8.0,Pacific Games,Honiara,Solomon Islands,True,2023,185,159,26,29.0,110000.0,28.8,5200000.0,0.1999999999999993,-5090000.0,2,3,9,-6
2023-11-27,Tahiti,Samoa,2.0,1.0,Pacific Games,Honiara,Solomon Islands,True,2023,163,186,-23,29.1,60000.0,24.5,225000.0,4.600000000000001,-165000.0,1,1,3,-2
2023-11-27,Cook Islands,Papua New Guinea,0.0,3.0,Pacific Games,Solomon Islands,Solomon Islands,True,2023,185,165,20,29.0,110000.0,29.6,,-0.6000000000000014,,2,3,4,-1
2023-11-28,New Caledonia,Vanuatu,1.0,0.0,Pacific Games,Solomon Islands,Solomon Islands,True,2023,159,170,-11,28.8,5200000.0,29.7,535000.0,-0.8999999999999986,4665000.0,1,12,4,8
2023-11-28,Solomon Islands,Fiji,2.0,0.0,Pacific Games,Solomon Islands,Solomon Islands,False,2023,132,168,-36,25.6,450000.0,28.3,2450000.0,-2.6999999999999993,-2000000.0,1,15,8,7
2023-11-30,American Samoa,Tonga,2.0,6.0,Pacific Games,Solomon Islands,Solomon Islands,True,2023,188,196,-8,24.5,,23.9,10000.0,0.6000000000000014,,2,0,0,0
2023-11-30,Samoa,Cook Islands,3.0,0.0,Pacific Games,Solomon Islands,Solomon Islands,True,2023,186,185,1,24.5,225000.0,29.0,110000.0,-4.5,115000.0,1,3,3,0
2023-11-30,Tahiti,Papua New Guinea,2.0,0.0,Pacific Games,Solomon Islands,Solomon Islands,True,2023,163,165,-2,29.1,60000.0,29.6,,-0.5,,1,4,4,0
2023-12-01,Vanuatu,Fiji,2.0,4.0,Pacific Games,Solomon Islands,Solomon Islands,True,2023,170,168,2,29.7,535000.0,28.3,2450000.0,1.3999999999999986,-1915000.0,2,4,5,-1
2023-12-02,Solomon Islands,New Caledonia,2.0,2.0,Pacific Games,Solomon Islands,Solomon Islands,False,2023,132,159,-27,25.6,450000.0,28.8,5200000.0,-3.1999999999999993,-4750000.0,0,15,12,3
2024-01-12,Qatar,Lebanon,3.0,0.0,AFC Asian Cup,Lusail,Qatar,False,2024,48,112,-64,29.5,19930000.0,28.9,5550000.0,0.6000000000000014,14380000.0,1,10,6,4
2024-01-13,China,Tajikistan,0.0,0.0,AFC Asian Cup,Doha,Qatar,True,2024,90,104,-14,27.9,14330000.0,26.0,7780000.0,1.8999999999999986,6550000.0,0,7,6,1
2024-01-13,Australia,India,2.0,0.0,AFC Asian Cup,Al Rayyan,Qatar,True,2024,26,126,-100,27.4,77450000.0,26.8,4000000.0,0.5999999999999979,73450000.0,1,12,5,7
2024-01-13,Uzbekistan,Syria,0.0,0.0,AFC Asian Cup,Doha,Qatar,True,2024,58,95,-37,28.5,85330000.0,28.0,7930000.0,0.5,77400000.0,0,10,4,6
2024-01-13,Côte d'Ivoire,Guinea-Bissau,2.0,0.0,African Cup of Nations,Ebimpé,Côte d'Ivoire,False,2024,46,120,-74,25.9,522100000.0,26.6,39450000.0,-0.7000000000000028,482650000.0,1,12,10,2
2024-01-14,United Arab Emirates,"Hong Kong, China",3.0,1.0,AFC Asian Cup,Al Rayyan,Qatar,True,2024,63,155,-92,26.7,29050000.0,27.1,3450000.0,-0.40000000000000213,25600000.0,1,7,4,3
2024-01-14,IR Iran,Palestine,4.0,1.0,AFC Asian Cup,Al Rayyan,Qatar,True,2024,18,101,-83,30.4,32049999.999999996,26.8,10280000.0,3.599999999999998,21769999.999999996,1,13,10,3
2024-01-14,Japan,Vietnam,4.0,2.0,AFC Asian Cup,Doha,Qatar,True,2024,15,114,-99,27.8,270850000.0,28.1,6380000.0,-0.3000000000000007,264470000.0,1,10,7,3
2024-01-14,Nigeria,Equatorial Guinea,1.0,1.0,African Cup of Nations,Ebimpé,Côte d'Ivoire,True,2024,44,93,-49,26.6,172050000.0,26.2,4200000.0,0.40000000000000213,167850000.0,0,11,7,4
2024-01-14,Egypt,Mozambique,2.0,2.0,African Cup of Nations,Abidjan,Côte d'Ivoire,True,2024,33,96,-63,29.1,116480000.0,27.5,1480000.0,1.6000000000000014,115000000.0,0,15,9,6
2024-01-14,Ghana,Cabo Verde,1.0,2.0,African Cup of Nations,Abidjan,Côte d'Ivoire,True,2024,77,72,5,26.8,234600000.0,29.7,54500000.0,-2.8999999999999986,180100000.0,2,8,10,-2
2024-01-15,Indonesia,Iraq,1.0,3.0,AFC Asian Cup,Doha,Qatar,True,2024,127,56,71,25.7,19550000.0,26.9,21200000.0,-1.1999999999999993,-1650000.0,2,7,11,-4
2024-01-15,Korea Republic,Bahrain,3.0,1.0,AFC Asian Cup,Doha,Qatar,True,2024,23,81,-58,28.1,139050000.0,29.6,6150000.0,-1.5,132900000.0,1,9,7,2
2024-01-15,Malaysia,Jordan,0.0,4.0,AFC Asian Cup,Al Wakrah,Qatar,True,2024,132,64,68,28.6,7600000.0,28.5,20300000.0,0.10000000000000142,-12700000.0,2,12,10,2
2024-01-15,Senegal,The Gambia,3.0,0.0,African Cup of Nations,Yamoussoukro,Côte d'Ivoire,True,2024,17,125,-108,27.1,478100000.0,25.2,78780000.0,1.9000000000000021,399320000.0,1,9,7,2
2024-01-15,Cameroon,Guinea,1.0,1.0,African Cup of Nations,Yamoussoukro,Côte d'Ivoire,True,2024,49,78,-29,23.7,198700000.0,24.6,74130000.0,-0.9000000000000021,124570000.0,0,8,7,1
2024-01-15,Algeria,Angola,1.0,1.0,African Cup of Nations,Bouaké,Côte d'Ivoire,True,2024,37,85,-48,26.9,256899999.99999997,29.4,46550000.0,-2.5,210349999.99999997,0,13,6,7
2024-01-16,Thailand,Kyrgyz Republic,2.0,0.0,AFC Asian Cup,Doha,Qatar,True,2024,97,107,-10,28.5,6550000.0,26.1,7050000.0,2.3999999999999986,-500000.0,1,10,3,7
2024-01-16,Saudi Arabia,Oman,2.0,1.0,AFC Asian Cup,Al Rayyan,Qatar,True,2024,59,80,-21,28.5,40680000.0,28.7,8330000.0,-0.1999999999999993,32350000.0,1,9,10,-1
2024-01-16,Burkina Faso,Mauritania,1.0,0.0,African Cup of Nations,Bouaké,Côte d'Ivoire,True,2024,66,109,-43,25.0,110500000.0,26.9,25350000.0,-1.8999999999999986,85150000.0,1,6,8,-2
2024-01-16,Tunisia,Namibia,0.0,1.0,African Cup of Nations,Korhogo,Côte d'Ivoire,True,2024,52,111,-59,26.7,69950000.0,27.3,2080000.0,-0.6000000000000014,67870000.0,2,12,8,4
2024-01-16,Mali,South Africa,2.0,0.0,African Cup of Nations,Korhogo,Côte d'Ivoire,True,2024,51,57,-6,25.6,116550000.0,26.8,49250000.0,-1.1999999999999993,67300000.0,1,10,7,3
2024-01-17,Lebanon,China,0.0,0.0,AFC Asian Cup,Doha,Qatar,True,2024,112,90,22,28.9,5550000.0,27.9,14330000.0,1.0,-8780000.0,0,5,8,-3
2024-01-17,Qatar,Tajikistan,1.0,0.0,AFC Asian Cup,Al Khor,Qatar,False,2024,48,104,-56,29.5,19930000.0,26.0,7780000.0,3.5,12150000.0,1,12,6,6
2024-01-17,Morocco,Tanzania,3.0,0.0,African Cup of Nations,San-Pédro,Côte d'Ivoire,True,2024,14,106,-92,26.6,447700000.0,26.3,9030000.0,0.3000000000000007,438670000.0,1,6,7,-1
2024-01-17,Congo DR,Zambia,1.0,1.0,African Cup of Nations,San-Pédro,Côte d'Ivoire,True,2024,61,87,-26,29.1,143900000.0,26.3,14130000.0,2.8000000000000007,129770000.0,0,10,10,0
2024-01-18,Syria,Australia,0.0,1.0,AFC Asian Cup,Doha,Qatar,True,2024,95,26,69,28.0,7930000.0,27.4,77450000.0,0.6000000000000014,-69520000.0,2,4,12,-8
2024-01-18,India,Uzbekistan,0.0,3.0,AFC Asian Cup,Al Rayyan,Qatar,True,2024,126,58,68,26.8,4000000.0,28.5,85330000.0,-1.6999999999999993,-81330000.0,2,4,8,-4
2024-01-18,Palestine,United Arab Emirates,1.0,1.0,AFC Asian Cup,Al Wakrah,Qatar,True,2024,101,63,38,26.8,10280000.0,26.7,29050000.0,0.10000000000000142,-18770000.0,0,7,10,-3
2024-01-18,Equatorial Guinea,Guinea-Bissau,4.0,2.0,African Cup of Nations,Ebimpé,Côte d'Ivoire,True,2024,93,120,-27,26.2,4200000.0,26.6,39450000.0,-0.40000000000000213,-35250000.0,1,5,10,-5
2024-01-18,Côte d'Ivoire,Nigeria,0.0,1.0,African Cup of Nations,Ebimpé,Côte d'Ivoire,False,2024,46,44,2,25.9,522100000.0,26.6,172050000.0,-0.7000000000000028,350050000.0,2,12,9,3
2024-01-18,Egypt,Ghana,2.0,2.0,African Cup of Nations,Abidjan,Côte d'Ivoire,True,2024,33,77,-44,29.1,116480000.0,26.8,234600000.0,2.3000000000000007,-118120000.0,0,13,7,6
2024-01-19,"Hong Kong, China",IR Iran,0.0,1.0,AFC Asian Cup,Al Rayyan,Qatar,True,2024,155,18,137,27.1,3450000.0,30.4,32049999.999999996,-3.299999999999997,-28599999.999999996,2,4,13,-9
2024-01-19,Iraq,Japan,2.0,1.0,AFC Asian Cup,Al Rayyan,Qatar,True,2024,56,15,41,26.9,21200000.0,27.8,270850000.0,-0.9000000000000021,-249650000.0,1,11,13,-2
2024-01-19,Vietnam,Indonesia,0.0,1.0,AFC Asian Cup,Doha,Qatar,True,2024,114,127,-13,28.1,6380000.0,25.7,19550000.0,2.400000000000002,-13170000.0,2,4,7,-3
2024-01-19,Cabo Verde,Mozambique,3.0,0.0,African Cup of Nations,Abidjan,Côte d'Ivoire,True,2024,72,96,-24,29.7,54500000.0,27.5,1480000.0,2.1999999999999993,53020000.0,1,10,10,0
2024-01-19,Senegal,Cameroon,3.0,1.0,African Cup of Nations,Yamoussoukro,Côte d'Ivoire,True,2024,17,49,-32,27.1,478100000.0,23.7,198700000.0,3.400000000000002,279400000.0,1,9,8,1
2024-01-19,Guinea,The Gambia,1.0,0.0,African Cup of Nations,Yamoussoukro,Côte d'Ivoire,True,2024,78,125,-47,24.6,74130000.0,25.2,78780000.0,-0.5999999999999979,-4650000.0,1,5,4,1
2024-01-20,Jordan,Korea Republic,2.0,2.0,AFC Asian Cup,Doha,Qatar,True,2024,64,23,41,28.5,20300000.0,28.1,139050000.0,0.3999999999999986,-118750000.0,0,10,12,-2
2024-01-20,Bahrain,Malaysia,1.0,0.0,AFC Asian Cup,Doha,Qatar,True,2024,81,132,-51,29.6,6150000.0,28.6,7600000.0,1.0,-1450000.0,1,4,9,-5
2024-01-20,Algeria,Burkina Faso,2.0,2.0,African Cup of Nations,Bouaké,Côte d'Ivoire,True,2024,37,66,-29,26.9,256899999.99999997,25.0,110500000.0,1.8999999999999986,146399999.99999997,0,11,8,3
2024-01-20,Mauritania,Angola,2.0,3.0,African Cup of Nations,Bouaké,Côte d'Ivoire,True,2024,109,85,24,26.9,25350000.0,29.4,46550000.0,-2.5,-21200000.0,2,7,7,0
2024-01-20,Tunisia,Mali,1.0,1.0,African Cup of Nations,Korhogo,Côte d'Ivoire,True,2024,52,51,1,26.7,69950000.0,25.6,116550000.0,1.0999999999999979,-46600000.0,0,9,13,-4
2024-01-21,Oman,Thailand,0.0,0.0,AFC Asian Cup,Doha,Qatar,True,2024,80,97,-17,28.7,8330000.0,28.5,6550000.0,0.1999999999999993,1780000.0,0,9,10,-1
2024-01-21,Kyrgyz Republic,Saudi Arabia,0.0,2.0,AFC Asian Cup,Al Rayyan,Qatar,True,2024,107,59,48,26.1,7050000.0,28.5,40680000.0,-2.3999999999999986,-33630000.0,2,3,9,-6
2024-01-21,South Africa,Namibia,4.0,0.0,African Cup of Nations,Korhogo,Côte d'Ivoire,True,2024,57,111,-54,26.8,49250000.0,27.3,2080000.0,-0.5,47170000.0,1,4,10,-6
2024-01-21,Morocco,Congo DR,1.0,1.0,African Cup of Nations,San-Pédro,Côte d'Ivoire,True,2024,14,61,-47,26.6,447700000.0,29.1,143900000.0,-2.5,303800000.0,0,9,10,-1
2024-01-21,Zambia,Tanzania,1.0,1.0,African Cup of Nations,San-Pédro,Côte d'Ivoire,True,2024,87,106,-19,26.3,14130000.0,26.3,9030000.0,0.0,5100000.0,0,8,7,1
2024-01-22,Qatar,China,1.0,0.0,AFC Asian Cup,Al Rayyan,Qatar,False,2024,48,90,-42,29.5,19930000.0,27.9,14330000.0,1.6000000000000014,5600000.0,1,12,8,4
2024-01-22,Tajikistan,Lebanon,2.0,1.0,AFC Asian Cup,Doha,Qatar,True,2024,104,112,-8,26.0,7780000.0,28.9,5550000.0,-2.8999999999999986,2230000.0,1,5,6,-1
2024-01-22,Guinea-Bissau,Nigeria,0.0,1.0,African Cup of Nations,Abidjan,Côte d'Ivoire,True,2024,120,44,76,26.6,39450000.0,26.6,172050000.0,0.0,-132600000.0,2,7,9,-2
2024-01-22,Côte d'Ivoire,Equatorial Guinea,0.0,4.0,African Cup of Nations,Ebimpé,Côte d'Ivoire,False,2024,46,93,-47,25.9,522100000.0,26.2,4200000.0,-0.3000000000000007,517900000.0,2,12,5,7
2024-01-22,Cabo Verde,Egypt,2.0,2.0,African Cup of Nations,Abidjan,Côte d'Ivoire,True,2024,72,33,39,29.7,54500000.0,29.1,116480000.0,0.5999999999999979,-61980000.0,0,10,11,-1
2024-01-22,Mozambique,Ghana,2.0,2.0,African Cup of Nations,Ebimpé,Côte d'Ivoire,True,2024,96,77,19,27.5,1480000.0,26.8,234600000.0,0.6999999999999993,-233120000.0,0,7,7,0
2024-01-23,Australia,Uzbekistan,1.0,1.0,AFC Asian Cup,Al Wakrah,Qatar,True,2024,26,58,-32,27.4,77450000.0,28.5,85330000.0,-1.1000000000000014,-7880000.0,0,15,8,7
2024-01-23,Syria,India,1.0,0.0,AFC Asian Cup,Al Khor,Qatar,True,2024,95,126,-31,28.0,7930000.0,26.8,4000000.0,1.1999999999999993,3930000.0,1,4,3,1
2024-01-23,"Hong Kong, China",Palestine,0.0,3.0,AFC Asian Cup,Doha,Qatar,True,2024,155,101,54,27.1,3450000.0,26.8,10280000.0,0.3000000000000007,-6830000.0,2,1,5,-4
2024-01-23,IR Iran,United Arab Emirates,2.0,1.0,AFC Asian Cup,Al Rayyan,Qatar,True,2024,18,63,-45,30.4,32049999.999999996,26.7,29050000.0,3.6999999999999993,2999999.9999999963,1,13,11,2
2024-01-23,The Gambia,Cameroon,2.0,3.0,African Cup of Nations,Bouaké,Côte d'Ivoire,True,2024,125,49,76,25.2,78780000.0,23.7,198700000.0,1.5,-119920000.0,2,1,8,-7
2024-01-23,Guinea,Senegal,0.0,2.0,African Cup of Nations,Yamoussoukro,Côte d'Ivoire,True,2024,78,17,61,24.6,74130000.0,27.1,478100000.0,-2.5,-403970000.0,2,8,11,-3
2024-01-23,Angola,Burkina Faso,2.0,0.0,African Cup of Nations,Yamoussoukro,Côte d'Ivoire,True,2024,85,66,19,29.4,46550000.0,25.0,110500000.0,4.399999999999999,-63950000.0,1,7,9,-2
2024-01-23,Mauritania,Algeria,1.0,0.0,African Cup of Nations,Bouaké,Côte d'Ivoire,True,2024,109,37,72,26.9,25350000.0,26.9,256899999.99999997,0.0,-231549999.99999997,1,4,9,-5
2024-01-24,Iraq,Vietnam,3.0,2.0,AFC Asian Cup,Doha,Qatar,True,2024,56,114,-58,26.9,21200000.0,28.1,6380000.0,-1.2000000000000028,14820000.0,1,13,3,10
2024-01-24,Japan,Indonesia,3.0,1.0,AFC Asian Cup,Doha,Qatar,True,2024,15,127,-112,27.8,270850000.0,25.7,19550000.0,2.1000000000000014,251300000.0,1,10,7,3
2024-01-24,Namibia,Mali,0.0,0.0,African Cup of Nations,San-Pédro,Côte d'Ivoire,True,2024,111,51,60,27.3,2080000.0,25.6,116550000.0,1.6999999999999993,-114470000.0,0,10,11,-1
2024-01-24,South Africa,Tunisia,0.0,0.0,African Cup of Nations,Korhogo,Côte d'Ivoire,True,2024,57,52,5,26.8,49250000.0,26.7,69950000.0,0.10000000000000142,-20700000.0,0,7,10,-3
2024-01-24,Tanzania,Congo DR,0.0,0.0,African Cup of Nations,Korhogo,Côte d'Ivoire,True,2024,106,61,45,26.3,9030000.0,29.1,143900000.0,-2.8000000000000007,-134870000.0,0,5,8,-3
2024-01-24,Zambia,Morocco,0.0,1.0,African Cup of Nations,San-Pédro,Côte d'Ivoire,True,2024,87,14,73,26.3,14130000.0,26.6,447700000.0,-0.3000000000000007,-433570000.0,2,6,10,-4
2024-01-25,Jordan,Bahrain,0.0,1.0,AFC Asian Cup,Al Rayyan,Qatar,True,2024,64,81,-17,28.5,20300000.0,29.6,6150000.0,-1.1000000000000014,14150000.0,2,8,6,2
2024-01-25,Korea Republic,Malaysia,3.0,3.0,AFC Asian Cup,Al Wakrah,Qatar,True,2024,23,132,-109,28.1,139050000.0,28.6,7600000.0,-0.5,131450000.0,0,10,6,4
2024-01-25,Kyrgyz Republic,Oman,1.0,1.0,AFC Asian Cup,Doha,Qatar,True,2024,107,80,27,26.1,7050000.0,28.7,8330000.0,-2.599999999999998,-1280000.0,0,3,7,-4
2024-01-25,Saudi Arabia,Thailand,0.0,0.0,AFC Asian Cup,Al Rayyan,Qatar,True,2024,59,97,-38,28.5,40680000.0,28.5,6550000.0,0.0,34130000.0,0,12,8,4
2024-01-27,Angola,Namibia,3.0,0.0,African Cup of Nations,Bouaké,Côte d'Ivoire,True,2024,85,111,-26,29.4,46550000.0,27.3,2080000.0,2.099999999999998,44470000.0,1,9,10,-1
2024-01-27,Nigeria,Cameroon,2.0,0.0,African Cup of Nations,Abidjan,Côte d'Ivoire,True,2024,44,49,-5,26.6,172050000.0,23.7,198700000.0,2.900000000000002,-26650000.0,1,9,8,1
2024-01-28,Australia,Indonesia,4.0,0.0,AFC Asian Cup,Doha,Qatar,True,2024,26,127,-101,27.4,77450000.0,25.7,19550000.0,1.6999999999999993,57900000.0,1,13,4,9
2024-01-28,Tajikistan,United Arab Emirates,1.0,1.0,AFC Asian Cup,Al Rayyan,Qatar,True,2024,104,63,41,26.0,7780000.0,26.7,29050000.0,-0.6999999999999993,-21270000.0,0,8,10,-2
2024-01-28,Egypt,Congo DR,1.0,1.0,African Cup of Nations,San-Pédro,Côte d'Ivoire,True,2024,33,61,-28,29.1,116480000.0,29.1,143900000.0,0.0,-27420000.0,0,9,6,3
2024-01-28,Equatorial Guinea,Guinea,0.0,1.0,African Cup of Nations,Ebimpé,Côte d'Ivoire,True,2024,93,78,15,26.2,4200000.0,24.6,74130000.0,1.5999999999999979,-69930000.0,2,7,7,0
2024-01-29,Iraq,Jordan,2.0,3.0,AFC Asian Cup,Al Rayyan,Qatar,True,2024,56,64,-8,26.9,21200000.0,28.5,20300000.0,-1.6000000000000014,900000.0,2,15,5,10
2024-01-29,Qatar,Palestine,2.0,1.0,AFC Asian Cup,Al Khor,Qatar,False,2024,48,101,-53,29.5,19930000.0,26.8,10280000.0,2.6999999999999993,9650000.0,1,15,5,10
2024-01-29,Cabo Verde,Mauritania,1.0,0.0,African Cup of Nations,Abidjan,Côte d'Ivoire,True,2024,72,109,-37,29.7,54500000.0,26.9,25350000.0,2.8000000000000007,29150000.0,1,11,4,7
2024-01-29,Côte d'Ivoire,Senegal,1.0,1.0,African Cup of Nations,Yamoussoukro,Côte d'Ivoire,False,2024,46,17,29,25.9,522100000.0,27.1,478100000.0,-1.2000000000000028,44000000.0,0,9,13,-4
2024-01-30,Saudi Arabia,Korea Republic,1.0,1.0,AFC Asian Cup,Al Rayyan,Qatar,True,2024,59,23,36,28.5,40680000.0,28.1,139050000.0,0.3999999999999986,-98370000.0,0,13,11,2
2024-01-30,Uzbekistan,Thailand,2.0,1.0,AFC Asian Cup,Al Wakrah,Qatar,True,2024,58,97,-39,28.5,85330000.0,28.5,6550000.0,0.0,78780000.0,1,9,8,1
2024-01-30,Mali,Burkina Faso,2.0,1.0,African Cup of Nations,Korhogo,Côte d'Ivoire,True,2024,51,66,-15,25.6,116550000.0,25.0,110500000.0,0.6000000000000014,6050000.0,1,9,8,1
2024-01-30,Morocco,South Africa,0.0,2.0,African Cup of Nations,San-Pédro,Côte d'Ivoire,True,2024,14,57,-43,26.6,447700000.0,26.8,49250000.0,-0.1999999999999993,398450000.0,2,13,7,6
2024-01-31,Bahrain,Japan,1.0,3.0,AFC Asian Cup,Doha,Qatar,True,2024,81,15,66,29.6,6150000.0,27.8,270850000.0,1.8000000000000007,-264700000.0,2,9,12,-3
2024-01-31,IR Iran,Syria,1.0,1.0,AFC Asian Cup,Doha,Qatar,True,2024,18,95,-77,30.4,32049999.999999996,28.0,7930000.0,2.3999999999999986,24119999.999999996,0,13,7,6
2024-02-02,Australia,Korea Republic,1.0,2.0,AFC Asian Cup,Al Wakrah,Qatar,True,2024,26,23,3,27.4,77450000.0,28.1,139050000.0,-0.7000000000000028,-61600000.0,2,13,9,4
2024-02-02,Tajikistan,Jordan,0.0,1.0,AFC Asian Cup,Al Rayyan,Qatar,True,2024,104,64,40,26.0,7780000.0,28.5,20300000.0,-2.5,-12520000.0,2,8,7,1
2024-02-02,Congo DR,Guinea,3.0,1.0,African Cup of Nations,Ebimpé,Côte d'Ivoire,True,2024,61,78,-17,29.1,143900000.0,24.6,74130000.0,4.5,69770000.0,1,4,7,-3
2024-02-02,Nigeria,Angola,1.0,0.0,African Cup of Nations,Abidjan,Côte d'Ivoire,True,2024,44,85,-41,26.6,172050000.0,29.4,46550000.0,-2.799999999999997,125500000.0,1,11,11,0
2024-02-03,IR Iran,Japan,2.0,1.0,AFC Asian Cup,Al Rayyan,Qatar,True,2024,18,15,3,30.4,32049999.999999996,27.8,270850000.0,2.599999999999998,-238800000.0,1,11,12,-1
2024-02-03,Qatar,Uzbekistan,1.0,1.0,AFC Asian Cup,Al Khor,Qatar,False,2024,48,58,-10,29.5,19930000.0,28.5,85330000.0,1.0,-65400000.0,0,15,9,6
2024-02-03,Cabo Verde,South Africa,0.0,0.0,African Cup of Nations,Yamoussoukro,Côte d'Ivoire,True,2024,72,57,15,29.7,54500000.0,26.8,49250000.0,2.8999999999999986,5250000.0,0,13,7,6
2024-02-03,Côte d'Ivoire,Mali,2.0,1.0,African Cup of Nations,Bouaké,Côte d'Ivoire,False,2024,46,51,-5,25.9,522100000.0,25.6,116550000.0,0.29999999999999716,405550000.0,1,7,9,-2
2024-02-06,Jordan,Korea Republic,2.0,0.0,AFC Asian Cup,Al Rayyan,Qatar,True,2024,64,23,41,28.5,20300000.0,28.1,139050000.0,0.3999999999999986,-118750000.0,1,10,9,1
2024-02-07,Qatar,IR Iran,3.0,2.0,AFC Asian Cup,Doha,Qatar,False,2024,48,18,30,29.5,19930000.0,30.4,32049999.999999996,-0.8999999999999986,-12119999.999999996,1,13,13,0
2024-02-07,Côte d'Ivoire,Congo DR,1.0,0.0,African Cup of Nations,Ebimpé,Côte d'Ivoire,False,2024,46,61,-15,25.9,522100000.0,29.1,143900000.0,-3.200000000000003,378200000.0,1,7,7,0
2024-02-07,Nigeria,South Africa,1.0,1.0,African Cup of Nations,Bouaké,Côte d'Ivoire,True,2024,44,57,-13,26.6,172050000.0,26.8,49250000.0,-0.1999999999999993,122800000.0,0,13,8,5
2024-02-10,Qatar,Jordan,3.0,1.0,AFC Asian Cup,Lusail,Qatar,False,2024,48,64,-16,29.5,19930000.0,28.5,20300000.0,1.0,-370000.0,1,13,10,3
2024-02-10,South Africa,Congo DR,0.0,0.0,African Cup of Nations,Abidjan,Côte d'Ivoire,True,2024,57,61,-4,26.8,49250000.0,29.1,143900000.0,-2.3000000000000007,-94650000.0,0,9,6,3
2024-02-11,Côte d'Ivoire,Nigeria,2.0,1.0,African Cup of Nations,Ebimpé,Côte d'Ivoire,False,2024,46,44,2,25.9,522100000.0,26.6,172050000.0,-0.7000000000000028,350050000.0,1,7,13,-6
2024-03-20,Djibouti,Liberia,0.0,2.0,African Cup of Nations qualification,Marrakech,Morocco,True,2024,191,145,46,26.3,575000.0,24.5,14330000.0,1.8000000000000007,-13755000.0,2,6,4,2
2024-03-20,Somalia,Eswatini,0.0,3.0,African Cup of Nations qualification,El Jadida,Morocco,True,2024,202,159,43,25.9,760000.0,26.5,1080000.0,-0.6000000000000014,-320000.0,2,0,4,-4
2024-03-20,Tonga,Samoa,1.0,4.0,Oceania Nations Cup qualification,Nuku'alofa,Tonga,False,2024,199,192,7,23.9,10000.0,24.5,225000.0,-0.6000000000000014,-215000.0,2,3,6,-3
2024-03-21,South Africa,Andorra,1.0,1.0,FIFA Series,Annaba,Algeria,True,2024,57,171,-114,26.8,49250000.0,29.1,3710000.0,-2.3000000000000007,45540000.0,0,7,0,7
2024-03-21,Cabo Verde,Guyana,1.0,0.0,FIFA Series,Jeddah,Saudi Arabia,True,2024,72,154,-82,29.7,54500000.0,26.3,1500000.0,3.3999999999999986,53000000.0,1,11,15,-4
2024-03-21,Guinea,Vanuatu,6.0,0.0,FIFA Series,Jeddah,Saudi Arabia,True,2024,78,164,-86,24.6,74130000.0,29.7,535000.0,-5.099999999999998,73595000.0,1,7,4,3
2024-03-21,Panama,Mexico,0.0,3.0,CONCACAF Nations League,Arlington,USA,True,2024,36,19,17,30.5,34550000.0,27.9,191850000.0,2.6000000000000014,-157300000.0,2,13,12,1
2024-03-21,USA,Jamaica,3.0,1.0,CONCACAF Nations League,Arlington,USA,False,2024,16,62,-46,26.9,385650000.0,23.1,9050000.0,3.799999999999997,376600000.0,1,8,10,-2
2024-03-21,Gibraltar,Lithuania,0.0,1.0,UEFA Nations League,Faro-Loulé,Portugal,True,2024,196,142,54,23.7,1840000.0,26.3,16180000.0,-2.6000000000000014,-14340000.0,2,0,5,-5
2024-03-21,Poland,Estonia,5.0,1.0,UEFA Euro qualification,Warsaw,Poland,False,2024,35,123,-88,26.3,231600000.0,25.5,13930000.0,0.8000000000000007,217670000.0,1,8,0,8
2024-03-21,Wales,Finland,4.0,1.0,UEFA Euro qualification,Cardiff,Wales,False,2024,29,69,-40,26.6,180650000.0,26.1,41850000.0,0.5,138800000.0,1,8,6,2
2024-03-21,Israel,Iceland,1.0,4.0,UEFA Euro qualification,Budapest,Hungary,True,2024,76,70,6,25.4,68100000.0,27.7,89100000.0,-2.3000000000000007,-21000000.0,2,7,7,0
2024-03-21,Bosnia and Herzegovina,Ukraine,1.0,2.0,UEFA Euro qualification,Zenica,Bosnia and Herzegovina,False,2024,74,25,49,26.4,151600000.0,26.6,247000000.0,-0.20000000000000284,-95400000.0,2,3,8,-5
2024-03-21,Georgia,Luxembourg,2.0,0.0,UEFA Euro qualification,Tbilisi,Georgia,False,2024,68,92,-24,26.3,260600000.00000003,26.2,14700000.0,0.10000000000000142,245900000.00000003,1,4,7,-3
2024-03-21,Greece,Kazakhstan,5.0,0.0,UEFA Euro qualification,Athens,Greece,False,2024,39,110,-71,26.3,275600000.0,26.0,16300000.0,0.3000000000000007,259300000.0,1,7,9,-2
2024-03-21,Qatar,Kuwait,3.0,0.0,FIFA World Cup qualification,Doha,Qatar,False,2024,48,134,-86,29.5,19930000.0,28.4,4230000.0,1.1000000000000014,15700000.0,1,13,8,5
2024-03-21,Afghanistan,India,0.0,0.0,FIFA World Cup qualification,Abha,Saudi Arabia,True,2024,156,126,30,24.8,1080000.0,26.8,4000000.0,-2.0,-2920000.0,0,6,3,3
2024-03-21,Myanmar,Syria,1.0,1.0,FIFA World Cup qualification,Yangon,Myanmar,False,2024,169,95,74,26.5,3000000.0,28.0,7930000.0,-1.5,-4930000.0,0,5,5,0
2024-03-21,Japan,Korea DPR,1.0,0.0,FIFA World Cup qualification,Tokyo,Japan,False,2024,15,115,-100,27.8,270850000.0,25.9,6850000.0,1.9000000000000021,264000000.0,1,9,3,6
2024-03-21,Korea Republic,Thailand,1.0,1.0,FIFA World Cup qualification,Seoul,Korea Republic,False,2024,23,97,-74,28.1,139050000.0,28.5,6550000.0,-0.3999999999999986,132500000.0,0,6,8,-2
2024-03-21,Singapore,China,2.0,2.0,FIFA World Cup qualification,Kallang,Singapore,False,2024,160,90,70,28.2,4380000.0,27.9,14330000.0,0.3000000000000007,-9950000.0,0,6,5,1
2024-03-21,Chinese Taipei,Kyrgyz Republic,0.0,2.0,FIFA World Cup qualification,Taipei,Chinese Taipei,False,2024,165,107,58,26.4,1920000.0,26.1,7050000.0,0.29999999999999716,-5130000.0,2,6,4,2
2024-03-21,Oman,Malaysia,2.0,0.0,FIFA World Cup qualification,Muscat,Oman,False,2024,80,132,-52,28.7,8330000.0,28.6,7600000.0,0.09999999999999787,730000.0,1,5,7,-2
2024-03-21,IR Iran,Turkmenistan,5.0,0.0,FIFA World Cup qualification,Tehran,IR Iran,False,2024,18,143,-125,30.4,32049999.999999996,27.6,2950000.0,2.799999999999997,29099999.999999996,1,10,2,8
2024-03-21,"Hong Kong, China",Uzbekistan,0.0,2.0,FIFA World Cup qualification,Hong Kong,"Hong Kong, China",False,2024,155,58,97,27.1,3450000.0,28.5,85330000.0,-1.3999999999999986,-81880000.0,2,1,9,-8
2024-03-21,Indonesia,Vietnam,1.0,0.0,FIFA World Cup qualification,Jakarta,Indonesia,False,2024,127,114,13,25.7,19550000.0,28.1,6380000.0,-2.400000000000002,13170000.0,1,4,3,1
2024-03-21,Iraq,Philippines,1.0,0.0,FIFA World Cup qualification,Basra,Iraq,False,2024,56,150,-94,26.9,21200000.0,26.3,3230000.0,0.5999999999999979,17970000.0,1,12,4,8
2024-03-21,Pakistan,Jordan,0.0,3.0,FIFA World Cup qualification,Islamabad,Pakistan,False,2024,198,64,134,25.7,3540000.0,28.5,20300000.0,-2.8000000000000007,-16760000.0,2,4,9,-5
2024-03-21,Saudi Arabia,Tajikistan,1.0,0.0,FIFA World Cup qualification,Riyadh,Saudi Arabia,False,2024,59,104,-45,28.5,40680000.0,26.0,7780000.0,2.5,32900000.0,1,11,5,6
2024-03-21,Bahrain,Nepal,5.0,0.0,FIFA World Cup qualification,Riffa,Bahrain,False,2024,81,175,-94,29.6,6150000.0,27.5,1350000.0,2.1000000000000014,4800000.0,1,6,7,-1
2024-03-21,United Arab Emirates,Yemen,2.0,1.0,FIFA World Cup qualification,Abu Dhabi,United Arab Emirates,False,2024,63,158,-95,26.7,29050000.0,26.8,2200000.0,-0.10000000000000142,26850000.0,1,8,7,1
2024-03-21,Australia,Lebanon,2.0,0.0,FIFA World Cup qualification,Sydney,Australia,False,2024,26,112,-86,27.4,77450000.0,28.9,5550000.0,-1.5,71900000.0,1,10,3,7
2024-03-21,Palestine,Bangladesh,5.0,0.0,FIFA World Cup qualification,Kuwait City,Kuwait,True,2024,101,185,-84,26.8,10280000.0,26.4,7250000.0,0.40000000000000213,3030000.0,1,4,5,-1
2024-03-22,Algeria,Bolivia,3.0,2.0,FIFA Series,Algiers,Algeria,False,2024,37,79,-42,26.9,256899999.99999997,23.8,18050000.0,3.099999999999998,238849999.99999997,1,8,3,5
2024-03-22,Azerbaijan,Mongolia,1.0,0.0,FIFA Series,Baku,Azerbaijan,False,2024,117,188,-71,27.6,19080000.0,25.7,485000.0,1.9000000000000021,18595000.0,1,6,3,3
2024-03-22,Bulgaria,Tanzania,1.0,0.0,FIFA Series,Baku,Azerbaijan,True,2024,82,106,-24,25.7,30050000.0,26.3,9030000.0,-0.6000000000000014,21020000.0,1,3,5,-2
2024-03-22,Egypt,New Zealand,1.0,0.0,FIFA Series,Cairo,Egypt,False,2024,33,89,-56,29.1,116480000.0,28.1,34350000.0,1.0,82130000.0,1,7,9,-2
2024-03-22,Equatorial Guinea,Cambodia,2.0,0.0,FIFA Series,Jeddah,Saudi Arabia,True,2024,93,180,-87,26.2,4200000.0,26.1,2580000.0,0.09999999999999787,1620000.0,1,7,4,3
2024-03-22,Brunei Darussalam,Bermuda,0.0,2.0,FIFA Series,Jeddah,Saudi Arabia,True,2024,184,166,18,28.5,800000.0,27.4,375000.0,1.1000000000000014,425000.0,2,0,7,-7
2024-03-22,Central African Republic,Bhutan,6.0,0.0,FIFA Series,Colombo,Sri Lanka,True,2024,135,182,-47,25.8,8199999.999999999,24.9,840000.0,0.9000000000000021,7359999.999999999,1,4,3,1
2024-03-22,Sri Lanka,Papua New Guinea,0.0,0.0,FIFA Series,Colombo,Sri Lanka,False,2024,200,172,28,27.2,910000.0,29.6,,-2.400000000000002,,0,1,4,-3
2024-03-22,Anguilla,Turks and Caicos Islands,0.0,0.0,FIFA World Cup qualification,The Valley,Anguilla,False,2024,209,206,3,25.4,,21.9,50000.0,3.5,,0,2,4,-2
2024-03-22,US Virgin Islands,British Virgin Islands,1.0,1.0,FIFA World Cup qualification,Saint Croix,US Virgin Islands,False,2024,208,207,1,24.7,125000.0,22.3,,2.3999999999999986,,0,1,5,-4
2024-03-22,Chad,Mauritius,1.0,0.0,African Cup of Nations qualification,Yaoundé,Cameroon,True,2024,176,179,-3,24.3,8550000.0,28.3,800000.0,-4.0,7750000.0,1,1,8,-7
2024-03-22,São Tomé and Príncipe,South Sudan,1.0,1.0,African Cup of Nations qualification,Berkane,Morocco,True,2024,189,170,19,25.8,1430000.0,25.3,1600000.0,0.5,-170000.0,0,0,1,-1
2024-03-23,Tunisia,Croatia,0.0,0.0,FIFA Series,Cairo,Egypt,True,2024,52,13,39,26.7,69950000.0,28.4,387300000.0,-1.6999999999999993,-317350000.0,0,8,9,-1
2024-03-23,Canada,Trinidad and Tobago,2.0,0.0,Copa América qualification,Frisco,USA,True,2024,31,102,-71,27.0,198650000.0,26.3,2150000.0,0.6999999999999993,196500000.0,1,8,9,-1
2024-03-23,Costa Rica,Honduras,3.0,1.0,Copa América qualification,Frisco,USA,True,2024,54,75,-21,24.8,28200000.0,25.4,20930000.0,-0.5999999999999979,7270000.0,1,1,10,-9
2024-03-23,Samoa,Cook Islands,1.0,0.0,Oceania Nations Cup qualification,Nuku'alofa,Tonga,True,2024,192,190,2,24.5,225000.0,29.0,110000.0,-4.5,115000.0,1,9,3,6
2024-03-24,Jamaica,Panama,1.0,0.0,CONCACAF Nations League,Arlington,USA,True,2024,62,36,26,23.1,9050000.0,30.5,34550000.0,-7.399999999999999,-25500000.0,1,9,12,-3
2024-03-24,USA,Mexico,2.0,0.0,CONCACAF Nations League,Arlington,USA,False,2024,16,19,-3,26.9,385650000.0,27.9,191850000.0,-1.0,193800000.0,1,8,12,-4
2024-03-25,Bolivia,Andorra,1.0,0.0,FIFA Series,Annaba,Algeria,True,2024,79,171,-92,23.8,18050000.0,29.1,3710000.0,-5.300000000000001,14340000.0,1,3,1,2
2024-03-25,Azerbaijan,Bulgaria,1.0,1.0,FIFA Series,Baku,Azerbaijan,False,2024,117,82,35,27.6,19080000.0,25.7,30050000.0,1.9000000000000021,-10970000.0,0,9,5,4
2024-03-25,Tanzania,Mongolia,3.0,0.0,FIFA Series,Baku,Azerbaijan,True,2024,106,188,-82,26.3,9030000.0,25.7,485000.0,0.6000000000000014,8545000.0,1,2,3,-1
2024-03-25,Cabo Verde,Equatorial Guinea,1.0,0.0,FIFA Series,Jeddah,Saudi Arabia,True,2024,72,93,-21,29.7,54500000.0,26.2,4200000.0,3.5,50300000.0,1,11,10,1
2024-03-25,Bermuda,Guinea,1.0,5.0,FIFA Series,Jeddah,Saudi Arabia,True,2024,166,78,88,27.4,375000.0,24.6,74130000.0,2.799999999999997,-73755000.0,2,10,9,1
2024-03-25,Central African Republic,Papua New Guinea,4.0,0.0,FIFA Series,Colombo,Sri Lanka,True,2024,135,172,-37,25.8,8199999.999999999,29.6,,-3.8000000000000007,,1,4,5,-1
2024-03-25,Sri Lanka,Bhutan,2.0,0.0,FIFA Series,Colombo,Sri Lanka,False,2024,200,182,18,27.2,910000.0,24.9,840000.0,2.3000000000000007,70000.0,1,2,3,-1
2024-03-26,Algeria,South Africa,3.0,3.0,FIFA Series,Algiers,Algeria,False,2024,37,57,-20,26.9,256899999.99999997,26.8,49250000.0,0.09999999999999787,207649999.99999997,0,8,7,1
2024-03-26,Egypt,Croatia,2.0,4.0,FIFA Series,Cairo,Egypt,False,2024,33,13,20,29.1,116480000.0,28.4,387300000.0,0.7000000000000028,-270820000.0,2,7,7,0
2024-03-26,New Zealand,Tunisia,0.0,0.0,FIFA Series,Cairo,Egypt,True,2024,89,52,37,28.1,34350000.0,26.7,69950000.0,1.4000000000000021,-35600000.0,0,6,6,0
2024-03-26,Cambodia,Guyana,1.0,4.0,FIFA Series,Jeddah,Saudi Arabia,True,2024,180,154,26,26.1,2580000.0,26.3,1500000.0,-0.1999999999999993,1080000.0,2,4,12,-8
2024-03-26,Brunei Darussalam,Vanuatu,3.0,2.0,FIFA Series,Jeddah,Saudi Arabia,True,2024,184,164,20,28.5,800000.0,29.7,535000.0,-1.1999999999999993,265000.0,1,0,4,-4
2024-03-26,Lithuania,Gibraltar,1.0,0.0,UEFA Nations League,Kaunas,Lithuania,False,2024,142,196,-54,26.3,16180000.0,23.7,1840000.0,2.6000000000000014,14340000.0,1,7,0,7
2024-03-26,Wales,Poland,0.0,0.0,UEFA Euro qualification,Cardiff,Wales,False,2024,29,35,-6,26.6,180650000.0,26.3,231600000.0,0.3000000000000007,-50950000.0,0,11,8,3
2024-03-26,Ukraine,Iceland,2.0,1.0,UEFA Euro qualification,Wrocław,Poland,True,2024,25,70,-45,26.6,247000000.0,27.7,89100000.0,-1.0999999999999979,157900000.0,1,10,7,3
2024-03-26,Georgia,Greece,0.0,0.0,UEFA Euro qualification,Tbilisi,Georgia,False,2024,68,39,29,26.3,260600000.00000003,26.3,275600000.0,0.0,-14999999.99999997,0,7,10,-3
2024-03-26,India,Afghanistan,1.0,2.0,FIFA World Cup qualification,Guwahati,India,False,2024,126,156,-30,26.8,4000000.0,24.8,1080000.0,2.0,2920000.0,2,1,7,-6
2024-03-26,Kuwait,Qatar,1.0,2.0,FIFA World Cup qualification,Al Farwaniyah,Kuwait,False,2024,134,48,86,28.4,4230000.0,29.5,19930000.0,-1.1000000000000014,-15700000.0,2,7,13,-6
2024-03-26,Syria,Myanmar,7.0,0.0,FIFA World Cup qualification,Dammam,Saudi Arabia,True,2024,95,169,-74,28.0,7930000.0,26.5,3000000.0,1.5,4930000.0,1,6,5,1
2024-03-26,Thailand,Korea Republic,0.0,3.0,FIFA World Cup qualification,Bangkok,Thailand,False,2024,97,23,74,28.5,6550000.0,28.1,139050000.0,0.3999999999999986,-132500000.0,2,6,6,0
2024-03-26,China,Singapore,4.0,1.0,FIFA World Cup qualification,Tianjin,China,False,2024,90,160,-70,27.9,14330000.0,28.2,4380000.0,-0.3000000000000007,9950000.0,1,3,7,-4
2024-03-26,Kyrgyz Republic,Chinese Taipei,5.0,1.0,FIFA World Cup qualification,Bishkek,Kyrgyz Republic,False,2024,107,165,-58,26.1,7050000.0,26.4,1920000.0,-0.29999999999999716,5130000.0,1,7,6,1
2024-03-26,Malaysia,Oman,0.0,2.0,FIFA World Cup qualification,Kuala Lumpur,Malaysia,False,2024,132,80,52,28.6,7600000.0,28.7,8330000.0,-0.09999999999999787,-730000.0,2,4,5,-1
2024-03-26,Uzbekistan,"Hong Kong, China",3.0,0.0,FIFA World Cup qualification,Tashkent,Uzbekistan,False,2024,58,155,-97,28.5,85330000.0,27.1,3450000.0,1.3999999999999986,81880000.0,1,11,1,10
2024-03-26,Turkmenistan,IR Iran,0.0,1.0,FIFA World Cup qualification,Ashgabat,Turkmenistan,False,2024,143,18,125,27.6,2950000.0,30.4,32049999.999999996,-2.799999999999997,-29099999.999999996,2,1,10,-9
2024-03-26,Philippines,Iraq,0.0,5.0,FIFA World Cup qualification,Manila,Philippines,False,2024,150,56,94,26.3,3230000.0,26.9,21200000.0,-0.5999999999999979,-17970000.0,2,1,12,-11
2024-03-26,Vietnam,Indonesia,0.0,3.0,FIFA World Cup qualification,Hanoi,Vietnam,False,2024,114,127,-13,28.1,6380000.0,25.7,19550000.0,2.400000000000002,-13170000.0,2,0,6,-6
2024-03-26,Tajikistan,Saudi Arabia,1.0,1.0,FIFA World Cup qualification,Dushanbe,Tajikistan,False,2024,104,59,45,26.0,7780000.0,28.5,40680000.0,-2.5,-32900000.0,0,4,11,-7
2024-03-26,Jordan,Pakistan,7.0,0.0,FIFA World Cup qualification,Amman,Jordan,False,2024,64,198,-134,28.5,20300000.0,25.7,3540000.0,2.8000000000000007,16760000.0,1,12,4,8
2024-03-26,Bahrain,Nepal,3.0,0.0,FIFA World Cup qualification,Riffa,Bahrain,False,2024,81,175,-94,29.6,6150000.0,27.5,1350000.0,2.1000000000000014,4800000.0,1,9,4,5
2024-03-26,Yemen,United Arab Emirates,0.0,3.0,FIFA World Cup qualification,Khobar,Saudi Arabia,True,2024,158,63,95,26.8,2200000.0,26.7,29050000.0,0.10000000000000142,-26850000.0,2,7,8,-1
2024-03-26,Bangladesh,Palestine,0.0,1.0,FIFA World Cup qualification,Dhaka,Bangladesh,False,2024,185,101,84,26.4,7250000.0,26.8,10280000.0,-0.40000000000000213,-3030000.0,2,5,7,-2
2024-03-26,Australia,Lebanon,5.0,0.0,FIFA World Cup qualification,Canberra,Australia,False,2024,26,112,-86,27.4,77450000.0,28.9,5550000.0,-1.5,71900000.0,1,10,2,8
2024-03-26,British Virgin Islands,US Virgin Islands,0.0,0.0,FIFA World Cup qualification,Road Town,British Virgin Islands,False,2024,207,208,-1,22.3,,24.7,125000.0,-2.3999999999999986,,0,6,2,4
2024-03-26,Turks and Caicos Islands,Anguilla,1.0,1.0,FIFA World Cup qualification,Providenciales,Turks and Caicos Islands,False,2024,206,209,-3,21.9,50000.0,25.4,,-3.5,,0,2,3,-1
2024-03-26,Liberia,Djibouti,0.0,0.0,African Cup of Nations qualification,Monrovia,Liberia,False,2024,145,191,-46,24.5,14330000.0,26.3,575000.0,-1.8000000000000007,13755000.0,0,6,6,0
2024-03-26,Eswatini,Somalia,2.0,2.0,African Cup of Nations qualification,Mbombela,South Africa,True,2024,159,202,-43,26.5,1080000.0,25.9,760000.0,0.6000000000000014,320000.0,0,4,0,4
2024-03-26,Mauritius,Chad,1.0,2.0,African Cup of Nations qualification,Saint Pierre,Mauritius,False,2024,179,176,3,28.3,800000.0,24.3,8550000.0,4.0,-7750000.0,2,7,4,3
2024-03-26,South Sudan,São Tomé and Príncipe,0.0,0.0,African Cup of Nations qualification,Berkane,Morocco,True,2024,170,189,-19,25.3,1600000.0,25.8,1430000.0,-0.5,170000.0,0,2,1,1
2024-03-26,Tonga,Cook Islands,0.0,1.0,Oceania Nations Cup qualification,Nuku'alofa,Tonga,False,2024,199,190,9,23.9,10000.0,29.0,110000.0,-5.100000000000001,-100000.0,2,3,3,0
2024-06-05,Sierra Leone,Djibouti,2.0,1.0,FIFA World Cup qualification,El Jadida,Morocco,True,2024,129,191,-62,24.3,13330000.0,26.3,575000.0,-2.0,12755000.0,1,4,4,0
2024-06-05,Togo,South Sudan,1.0,1.0,FIFA World Cup qualification,Lomé,Togo,False,2024,119,170,-51,25.7,27800000.0,25.3,1600000.0,0.3999999999999986,26200000.0,0,9,3,6
2024-06-05,Namibia,Liberia,1.0,1.0,FIFA World Cup qualification,Johannesburg,South Africa,True,2024,111,145,-34,27.3,2080000.0,24.5,14330000.0,2.8000000000000007,-12250000.0,0,7,7,0
2024-06-05,Tunisia,Equatorial Guinea,1.0,0.0,FIFA World Cup qualification,Radès,Tunisia,False,2024,52,93,-41,26.7,69950000.0,26.2,4200000.0,0.5,65750000.0,1,4,9,-5
2024-06-05,Central African Republic,Chad,1.0,0.0,FIFA World Cup qualification,Oujda,Morocco,True,2024,135,176,-41,25.8,8199999.999999999,24.3,8550000.0,1.5,-350000.00000000093,1,7,7,0
2024-06-05,Antigua and Barbuda,Bermuda,1.0,1.0,FIFA World Cup qualification,Piggotts,Antigua and Barbuda,False,2024,161,166,-5,23.2,650000.0,27.4,375000.0,-4.199999999999999,275000.0,0,4,10,-6
2024-06-05,Trinidad and Tobago,Grenada,2.0,2.0,FIFA World Cup qualification,Port of Spain,Trinidad and Tobago,False,2024,102,174,-72,26.3,2150000.0,25.4,1750000.0,0.9000000000000021,400000.0,0,6,2,4
2024-06-05,Curaçao,Barbados,4.0,1.0,FIFA World Cup qualification,Willemstad,Curaçao,False,2024,91,177,-86,28.0,25780000.0,24.6,200000.0,3.3999999999999986,25580000.0,1,4,0,4
2024-06-05,Nicaragua,Montserrat,4.0,1.0,FIFA World Cup qualification,Managua,Nicaragua,False,2024,133,181,-48,25.6,3780000.0,24.3,375000.0,1.3000000000000007,3405000.0,1,13,6,7
2024-06-05,Guatemala,Dominica,6.0,0.0,FIFA World Cup qualification,Guatemala City,Guatemala,False,2024,105,183,-78,25.8,7780000.0,25.8,,0.0,,1,4,10,-6
2024-06-05,Suriname,St Vincent and the Grenadines,4.0,1.0,FIFA World Cup qualification,Paramaribo,Suriname,False,2024,138,173,-35,29.1,35930000.0,25.3,475000.0,3.8000000000000007,35455000.0,1,6,10,-4
2024-06-06,Guinea-Bissau,Ethiopia,0.0,0.0,FIFA World Cup qualification,Bissau,Guinea-Bissau,False,2024,120,146,-26,26.6,39450000.0,27.6,2900000.0,-1.0,36550000.0,0,4,2,2
2024-06-06,Egypt,Burkina Faso,2.0,1.0,FIFA World Cup qualification,Cairo,Egypt,False,2024,33,66,-33,29.1,116480000.0,25.0,110500000.0,4.100000000000001,5980000.0,1,6,7,-1
2024-06-06,Mauritania,Sudan,0.0,2.0,FIFA World Cup qualification,Nouakchott,Mauritania,False,2024,109,113,-4,26.9,25350000.0,29.2,3280000.0,-2.3000000000000007,22070000.0,2,4,7,-3
2024-06-06,Senegal,Congo DR,1.0,1.0,FIFA World Cup qualification,Diamniadio,Senegal,False,2024,17,61,-44,27.1,478100000.0,29.1,143900000.0,-2.0,334200000.0,0,11,6,5
2024-06-06,Benin,Rwanda,1.0,0.0,FIFA World Cup qualification,Abidjan,Côte d'Ivoire,True,2024,94,124,-30,26.2,18080000.0,27.1,6950000.0,-0.9000000000000021,11130000.0,1,3,6,-3
2024-06-06,Libya,Mauritius,2.0,1.0,FIFA World Cup qualification,Benghazi,Libya,False,2024,118,179,-61,26.6,10130000.0,28.3,800000.0,-1.6999999999999993,9330000.0,1,5,4,1
2024-06-06,Algeria,Guinea,1.0,2.0,FIFA World Cup qualification,Algiers,Algeria,False,2024,37,78,-41,26.9,256899999.99999997,24.6,74130000.0,2.299999999999997,182769999.99999997,2,6,9,-3
2024-06-06,Malawi,São Tomé and Príncipe,3.0,1.0,FIFA World Cup qualification,Lilongwe,Malawi,False,2024,131,189,-58,26.4,1950000.0,25.8,1430000.0,0.5999999999999979,520000.0,1,6,2,4
2024-06-06,Mali,Ghana,1.0,2.0,FIFA World Cup qualification,Bamako,Mali,False,2024,51,77,-26,25.6,116550000.0,26.8,234600000.0,-1.1999999999999993,-118050000.0,2,8,5,3
2024-06-06,Afghanistan,Qatar,0.0,0.0,FIFA World Cup qualification,Al Hofuf,Saudi Arabia,True,2024,156,48,108,24.8,1080000.0,29.5,19930000.0,-4.699999999999999,-18850000.0,0,7,13,-6
2024-06-06,India,Kuwait,0.0,0.0,FIFA World Cup qualification,Kolkota,India,False,2024,126,134,-8,26.8,4000000.0,28.4,4230000.0,-1.5999999999999979,-230000.0,0,1,4,-3
2024-06-06,Myanmar,Japan,0.0,5.0,FIFA World Cup qualification,Yangon,Myanmar,False,2024,169,15,154,26.5,3000000.0,27.8,270850000.0,-1.3000000000000007,-267850000.0,2,2,9,-7
2024-06-06,Korea DPR,Syria,1.0,0.0,FIFA World Cup qualification,Vientiane,Laos,True,2024,115,95,20,25.9,6850000.0,28.0,7930000.0,-2.1000000000000014,-1080000.0,1,3,8,-5
2024-06-06,China,Thailand,1.0,1.0,FIFA World Cup qualification,Shenyang,China,False,2024,90,97,-7,27.9,14330000.0,28.5,6550000.0,-0.6000000000000014,7780000.0,0,6,3,3
2024-06-06,Singapore,Korea Republic,0.0,7.0,FIFA World Cup qualification,Kallang,Singapore,False,2024,160,23,137,28.2,4380000.0,28.1,139050000.0,0.09999999999999787,-134670000.0,2,4,8,-4
2024-06-06,Chinese Taipei,Oman,0.0,3.0,FIFA World Cup qualification,Taipei,Chinese Taipei,False,2024,165,80,85,26.4,1920000.0,28.7,8330000.0,-2.3000000000000007,-6410000.0,2,3,8,-5
2024-06-06,Kyrgyz Republic,Malaysia,1.0,1.0,FIFA World Cup qualification,Bishkek,Kyrgyz Republic,False,2024,107,132,-25,26.1,7050000.0,28.6,7600000.0,-2.5,-550000.0,0,7,1,6
2024-06-06,Uzbekistan,Turkmenistan,3.0,1.0,FIFA World Cup qualification,Tashkent,Uzbekistan,False,2024,58,143,-85,28.5,85330000.0,27.6,2950000.0,0.8999999999999986,82380000.0,1,11,1,10
2024-06-06,"Hong Kong, China",IR Iran,2.0,4.0,FIFA World Cup qualification,Hong Kong,"Hong Kong, China",False,2024,155,18,137,27.1,3450000.0,30.4,32049999.999999996,-3.299999999999997,-28599999.999999996,2,0,10,-10
2024-06-06,Indonesia,Iraq,0.0,2.0,FIFA World Cup qualification,Jakarta,Indonesia,False,2024,127,56,71,25.7,19550000.0,26.9,21200000.0,-1.1999999999999993,-1650000.0,2,9,12,-3
2024-06-06,Vietnam,Philippines,3.0,2.0,FIFA World Cup qualification,Hanoi,Vietnam,False,2024,114,150,-36,28.1,6380000.0,26.3,3230000.0,1.8000000000000007,3150000.0,1,0,1,-1
2024-06-06,Jordan,Tajikistan,3.0,0.0,FIFA World Cup qualification,Amman,Jordan,False,2024,64,104,-40,28.5,20300000.0,26.0,7780000.0,2.5,12520000.0,1,12,5,7
2024-06-06,Pakistan,Saudi Arabia,0.0,3.0,FIFA World Cup qualification,Islamabad,Pakistan,False,2024,198,59,139,25.7,3540000.0,28.5,40680000.0,-2.8000000000000007,-37140000.0,2,3,9,-6
2024-06-06,Nepal,United Arab Emirates,0.0,4.0,FIFA World Cup qualification,Dammam,Saudi Arabia,True,2024,175,63,112,27.5,1350000.0,26.7,29050000.0,0.8000000000000007,-27700000.0,2,3,8,-5
2024-06-06,Bahrain,Yemen,0.0,0.0,FIFA World Cup qualification,Riffa,Bahrain,False,2024,81,158,-77,29.6,6150000.0,26.8,2200000.0,2.8000000000000007,3950000.0,0,12,4,8
2024-06-06,Bangladesh,Australia,0.0,2.0,FIFA World Cup qualification,Dhaka,Bangladesh,False,2024,185,26,159,26.4,7250000.0,27.4,77450000.0,-1.0,-70200000.0,2,4,10,-6
2024-06-06,Palestine,Lebanon,0.0,0.0,FIFA World Cup qualification,Doha,Qatar,True,2024,101,112,-11,26.8,10280000.0,28.9,5550000.0,-2.099999999999998,4730000.0,0,10,1,9
2024-06-06,Honduras,Cuba,3.0,1.0,FIFA World Cup qualification,Tegucigalpa,Honduras,False,2024,75,163,-88,25.4,20930000.0,24.0,2600000.0,1.3999999999999986,18330000.0,1,7,5,2
2024-06-06,Costa Rica,St Kitts and Nevis,4.0,0.0,FIFA World Cup qualification,San José,Costa Rica,False,2024,54,144,-90,24.8,28200000.0,27.4,575000.0,-2.599999999999998,27625000.0,1,4,1,3
2024-06-06,Haiti,St Lucia,2.0,1.0,FIFA World Cup qualification,Bridgetown,Barbados,True,2024,86,167,-81,27.6,55900000.0,23.5,250000.0,4.100000000000001,55650000.0,1,3,13,-10
2024-06-06,Panama,Guyana,2.0,0.0,FIFA World Cup qualification,Panama City,Panama,False,2024,36,154,-118,30.5,34550000.0,26.3,1500000.0,4.199999999999999,33050000.0,1,9,12,-3
2024-06-06,Jamaica,Dominican Republic,1.0,0.0,FIFA World Cup qualification,Kingston,Jamaica,False,2024,62,141,-79,23.1,9050000.0,25.5,12830000.0,-2.3999999999999986,-3780000.0,1,9,10,-1
2024-06-06,El Salvador,Puerto Rico,0.0,0.0,FIFA World Cup qualification,San Salvador,El Salvador,False,2024,83,157,-74,26.8,7130000.0,23.1,825000.0,3.6999999999999993,6305000.0,0,2,9,-7
2024-06-07,Zimbabwe,Lesotho,0.0,2.0,FIFA World Cup qualification,Johannesburg,South Africa,True,2024,121,149,-28,26.0,25330000.0,28.3,575000.0,-2.3000000000000007,24755000.0,2,5,3,2
2024-06-07,Nigeria,South Africa,1.0,1.0,FIFA World Cup qualification,Uyo,Nigeria,False,2024,44,57,-13,26.6,172050000.0,26.8,49250000.0,-0.1999999999999993,122800000.0,0,10,5,5
2024-06-07,Angola,Eswatini,1.0,0.0,FIFA World Cup qualification,Luanda,Angola,False,2024,85,159,-74,29.4,46550000.0,26.5,1080000.0,2.8999999999999986,45470000.0,1,10,5,5
2024-06-07,Morocco,Zambia,2.0,1.0,FIFA World Cup qualification,Agadir,Morocco,False,2024,14,87,-73,26.6,447700000.0,26.3,14130000.0,0.3000000000000007,433570000.0,1,10,5,5
2024-06-07,Kenya,Burundi,1.0,1.0,FIFA World Cup qualification,Lilongwe,Malawi,True,2024,108,139,-31,23.8,3300000.0,26.6,10930000.0,-2.8000000000000007,-7630000.0,0,6,6,0
2024-06-07,Côte d'Ivoire,Gabon,1.0,0.0,FIFA World Cup qualification,Korhogo,Côte d'Ivoire,False,2024,46,84,-38,25.9,522100000.0,27.6,35280000.0,-1.7000000000000028,486820000.0,1,10,6,4
2024-06-07,Mozambique,Somalia,2.0,1.0,FIFA World Cup qualification,Maputo,Mozambique,False,2024,96,202,-106,27.5,1480000.0,25.9,760000.0,1.6000000000000014,720000.0,1,5,1,4
2024-06-07,Uganda,Botswana,1.0,0.0,FIFA World Cup qualification,Kira,Uganda,False,2024,88,136,-48,28.0,8630000.0,30.1,3050000.0,-2.1000000000000014,5580000.0,1,9,4,5
2024-06-07,Madagascar,Comoros,2.0,1.0,FIFA World Cup qualification,Johannesburg,South Africa,True,2024,116,103,13,28.0,6800000.0,23.7,3800000.0,4.300000000000001,3000000.0,1,8,7,1
2024-06-08,Latvia,Lithuania,0.0,2.0,Baltic Cup,Liepāja,Latvia,False,2024,140,142,-2,27.0,8230000.0,26.3,16180000.0,0.6999999999999993,-7950000.0,2,3,10,-7
2024-06-08,Estonia,Faroe Islands,4.0,1.0,Baltic Cup,Tallinn,Estonia,False,2024,123,137,-14,25.5,13930000.0,27.5,5100000.0,-2.0,8830000.0,1,0,1,-1
2024-06-08,Cameroon,Cabo Verde,4.0,1.0,FIFA World Cup qualification,Yaoundé,Cameroon,False,2024,49,72,-23,23.7,198700000.0,29.7,54500000.0,-6.0,144200000.0,1,5,11,-6
2024-06-08,The Gambia,Seychelles,5.0,1.0,FIFA World Cup qualification,Berkane,Morocco,True,2024,125,201,-76,25.2,78780000.0,24.5,1030000.0,0.6999999999999993,77750000.0,1,0,0,0
2024-06-08,Cayman Islands,Antigua and Barbuda,1.0,0.0,FIFA World Cup qualification,George Town,Cayman Islands,False,2024,194,161,33,25.9,,23.2,650000.0,2.6999999999999993,,1,4,5,-1
2024-06-08,Bahamas,Trinidad and Tobago,1.0,7.0,FIFA World Cup qualification,Basseterre,St Kitts and Nevis,True,2024,205,102,103,21.8,,26.3,2150000.0,-4.5,,2,1,4,-3
2024-06-08,Aruba,Curaçao,0.0,2.0,FIFA World Cup qualification,Oranjestad,Aruba,False,2024,195,91,104,24.3,175000.0,28.0,25780000.0,-3.6999999999999993,-25605000.0,2,12,7,5
2024-06-08,Belize,Nicaragua,0.0,4.0,FIFA World Cup qualification,Belmopan,Belize,False,2024,178,133,45,27.0,350000.0,25.6,3780000.0,1.3999999999999986,-3430000.0,2,1,13,-12
2024-06-08,British Virgin Islands,Guatemala,0.0,3.0,FIFA World Cup qualification,Road Town,British Virgin Islands,False,2024,207,105,102,22.3,,25.8,7780000.0,-3.5,,2,4,7,-3
2024-06-08,Anguilla,Suriname,0.0,4.0,FIFA World Cup qualification,The Valley,Anguilla,False,2024,209,138,71,25.4,,29.1,35930000.0,-3.700000000000003,,2,3,8,-5
2024-06-09,Djibouti,Ethiopia,1.0,1.0,FIFA World Cup qualification,El Jadida,Morocco,True,2024,191,146,45,26.3,575000.0,27.6,2900000.0,-1.3000000000000007,-2325000.0,0,1,3,-2
2024-06-09,Mauritania,Senegal,0.0,1.0,FIFA World Cup qualification,Nouakchott,Mauritania,False,2024,109,17,92,26.9,25350000.0,27.1,478100000.0,-0.20000000000000284,-452750000.0,2,3,11,-8
2024-06-09,Congo DR,Togo,1.0,0.0,FIFA World Cup qualification,Kinshasa,Congo DR,False,2024,61,119,-58,29.1,143900000.0,25.7,27800000.0,3.400000000000002,116100000.0,1,6,9,-3
2024-06-09,São Tomé and Príncipe,Liberia,0.0,1.0,FIFA World Cup qualification,Oujda,Morocco,True,2024,189,145,44,25.8,1430000.0,24.5,14330000.0,1.3000000000000007,-12900000.0,2,2,8,-6
2024-06-09,Namibia,Tunisia,0.0,0.0,FIFA World Cup qualification,Johannesburg,South Africa,True,2024,111,52,59,27.3,2080000.0,26.7,69950000.0,0.6000000000000014,-67870000.0,0,5,7,-2
2024-06-09,Bermuda,Honduras,1.0,6.0,FIFA World Cup qualification,Hamilton,Bermuda,False,2024,166,75,91,27.4,375000.0,25.4,20930000.0,2.0,-20555000.0,2,8,9,-1
2024-06-09,Grenada,Costa Rica,0.0,3.0,FIFA World Cup qualification,St. George's,Grenada,False,2024,174,54,120,25.4,1750000.0,24.8,28200000.0,0.5999999999999979,-26450000.0,2,2,6,-4
2024-06-09,Barbados,Haiti,1.0,3.0,FIFA World Cup qualification,Bridgetown,Barbados,False,2024,177,86,91,24.6,200000.0,27.6,55900000.0,-3.0,-55700000.0,2,0,6,-6
2024-06-09,Montserrat,Panama,1.0,3.0,FIFA World Cup qualification,Managua,Nicaragua,True,2024,181,36,145,24.3,375000.0,30.5,34550000.0,-6.199999999999999,-34175000.0,2,6,9,-3
2024-06-09,Dominica,Jamaica,2.0,3.0,FIFA World Cup qualification,Roseau,Dominica,False,2024,183,62,121,25.8,,23.1,9050000.0,2.6999999999999993,,2,10,9,1
2024-06-09,St Vincent and the Grenadines,El Salvador,1.0,3.0,FIFA World Cup qualification,Paramaribo,Suriname,True,2024,173,83,90,25.3,475000.0,26.8,7130000.0,-1.5,-6655000.0,2,9,3,6
2024-06-10,Guinea-Bissau,Egypt,1.0,1.0,FIFA World Cup qualification,Bissau,Guinea-Bissau,False,2024,120,33,87,26.6,39450000.0,29.1,116480000.0,-2.5,-77030000.0,0,4,8,-4
2024-06-10,Burkina Faso,Sierra Leone,2.0,2.0,FIFA World Cup qualification,Bamako,Mali,True,2024,66,129,-63,25.0,110500000.0,24.3,13330000.0,0.6999999999999993,97170000.0,0,4,4,0
2024-06-10,Benin,Nigeria,2.0,1.0,FIFA World Cup qualification,Abidjan,Côte d'Ivoire,True,2024,94,44,50,26.2,18080000.0,26.6,172050000.0,-0.40000000000000213,-153970000.0,1,5,8,-3
2024-06-10,Somalia,Botswana,1.0,3.0,FIFA World Cup qualification,Maputo,Mozambique,True,2024,202,136,66,25.9,760000.0,30.1,3050000.0,-4.200000000000003,-2290000.0,2,1,4,-3
2024-06-10,Uganda,Algeria,1.0,2.0,FIFA World Cup qualification,Kira,Uganda,False,2024,88,37,51,28.0,8630000.0,26.9,256899999.99999997,1.1000000000000014,-248269999.99999997,2,9,5,4
2024-06-10,Guinea,Mozambique,0.0,1.0,FIFA World Cup qualification,El Jadida,Morocco,True,2024,78,96,-18,24.6,74130000.0,27.5,1480000.0,-2.8999999999999986,72650000.0,2,12,5,7
2024-06-10,Equatorial Guinea,Malawi,1.0,0.0,FIFA World Cup qualification,Malabo,Equatorial Guinea,False,2024,93,131,-38,26.2,4200000.0,26.4,1950000.0,-0.1999999999999993,2250000.0,1,6,8,-2
2024-06-10,Ghana,Central African Republic,4.0,3.0,FIFA World Cup qualification,Kumasi,Ghana,False,2024,77,135,-58,26.8,234600000.0,25.8,8199999.999999999,1.0,226400000.0,1,5,10,-5
2024-06-11,Latvia,Faroe Islands,1.0,0.0,Baltic Cup,Liepāja,Latvia,False,2024,140,137,3,27.0,8230000.0,27.5,5100000.0,-0.5,3130000.0,1,3,1,2
2024-06-11,Lithuania,Estonia,1.0,1.0,Baltic Cup,Kaunas,Lithuania,False,2024,142,123,19,26.3,16180000.0,25.5,13930000.0,0.8000000000000007,2250000.0,0,10,3,7
2024-06-11,South Sudan,Sudan,0.0,3.0,FIFA World Cup qualification,Juba,South Sudan,False,2024,170,113,57,25.3,1600000.0,29.2,3280000.0,-3.8999999999999986,-1680000.0,2,4,7,-3
2024-06-11,Lesotho,Rwanda,0.0,1.0,FIFA World Cup qualification,Durban,South Africa,True,2024,149,124,25,28.3,575000.0,27.1,6950000.0,1.1999999999999993,-6375000.0,2,5,5,0
2024-06-11,South Africa,Zimbabwe,3.0,1.0,FIFA World Cup qualification,Bloemfontein,South Africa,False,2024,57,121,-64,26.8,49250000.0,26.0,25330000.0,0.8000000000000007,23920000.0,1,5,5,0
2024-06-11,Cabo Verde,Libya,1.0,0.0,FIFA World Cup qualification,Praia,Cabo Verde,False,2024,72,118,-46,29.7,54500000.0,26.6,10130000.0,3.099999999999998,44370000.0,1,10,8,2
2024-06-11,Mauritius,Eswatini,2.0,1.0,FIFA World Cup qualification,Saint Pierre,Mauritius,False,2024,179,159,20,28.3,800000.0,26.5,1080000.0,1.8000000000000007,-280000.0,1,1,4,-3
2024-06-11,Angola,Cameroon,1.0,1.0,FIFA World Cup qualification,Luanda,Angola,False,2024,85,49,36,29.4,46550000.0,23.7,198700000.0,5.699999999999999,-152150000.0,0,12,7,5
2024-06-11,Zambia,Tanzania,0.0,1.0,FIFA World Cup qualification,Ndola,Zambia,False,2024,87,106,-19,26.3,14130000.0,26.3,9030000.0,0.0,5100000.0,2,2,5,-3
2024-06-11,Morocco,Congo,6.0,0.0,FIFA World Cup qualification,Agadir,Morocco,False,2024,14,128,-114,26.6,447700000.0,24.6,2550000.0,2.0,445150000.0,1,10,4,6
2024-06-11,Kenya,Côte d'Ivoire,0.0,0.0,FIFA World Cup qualification,Lilongwe,Malawi,True,2024,108,46,62,23.8,3300000.0,25.9,522100000.0,-2.099999999999998,-518800000.0,0,7,13,-6
2024-06-11,Gabon,The Gambia,3.0,2.0,FIFA World Cup qualification,Franceville,Gabon,False,2024,84,125,-41,27.6,35280000.0,25.2,78780000.0,2.400000000000002,-43500000.0,1,6,3,3
2024-06-11,Seychelles,Burundi,1.0,3.0,FIFA World Cup qualification,Berkane,Morocco,True,2024,201,139,62,24.5,1030000.0,26.6,10930000.0,-2.1000000000000014,-9900000.0,2,0,7,-7
2024-06-11,Madagascar,Mali,0.0,0.0,FIFA World Cup qualification,Johannesburg,South Africa,True,2024,116,51,65,28.0,6800000.0,25.6,116550000.0,2.3999999999999986,-109750000.0,0,10,5,5
2024-06-11,Chad,Comoros,0.0,2.0,FIFA World Cup qualification,Oujda,Morocco,True,2024,176,103,73,24.3,8550000.0,23.7,3800000.0,0.6000000000000014,4750000.0,2,6,7,-1
2024-06-11,Kuwait,Afghanistan,1.0,0.0,FIFA World Cup qualification,Kuwait City,Kuwait,False,2024,134,156,-22,28.4,4230000.0,24.8,1080000.0,3.599999999999998,3150000.0,1,4,5,-1
2024-06-11,Qatar,India,2.0,1.0,FIFA World Cup qualification,Al Rayyan,Qatar,False,2024,48,126,-78,29.5,19930000.0,26.8,4000000.0,2.6999999999999993,15930000.0,1,13,2,11
2024-06-11,Japan,Syria,5.0,0.0,FIFA World Cup qualification,Hiroshima,Japan,False,2024,15,95,-80,27.8,270850000.0,28.0,7930000.0,-0.1999999999999993,262920000.0,1,12,8,4
2024-06-11,Korea DPR,Myanmar,4.0,1.0,FIFA World Cup qualification,Vientiane,Laos,True,2024,115,169,-54,25.9,6850000.0,26.5,3000000.0,-0.6000000000000014,3850000.0,1,6,1,5
2024-06-11,Thailand,Singapore,3.0,1.0,FIFA World Cup qualification,Bangkok,Thailand,False,2024,97,160,-63,28.5,6550000.0,28.2,4380000.0,0.3000000000000007,2170000.0,1,3,1,2
2024-06-11,Korea Republic,China,1.0,0.0,FIFA World Cup qualification,Seoul,Korea Republic,False,2024,23,90,-67,28.1,139050000.0,27.9,14330000.0,0.20000000000000284,124720000.0,1,10,6,4
2024-06-11,Oman,Kyrgyz Republic,1.0,1.0,FIFA World Cup qualification,Muscat,Oman,False,2024,80,107,-27,28.7,8330000.0,26.1,7050000.0,2.599999999999998,1280000.0,0,11,8,3
2024-06-11,Malaysia,Chinese Taipei,3.0,1.0,FIFA World Cup qualification,Kuala Lumpur,Malaysia,False,2024,132,165,-33,28.6,7600000.0,26.4,1920000.0,2.200000000000003,5680000.0,1,2,0,2
2024-06-11,Turkmenistan,"Hong Kong, China",0.0,0.0,FIFA World Cup qualification,Ashgabat,Turkmenistan,False,2024,143,155,-12,27.6,2950000.0,27.1,3450000.0,0.5,-500000.0,0,1,0,1
2024-06-11,IR Iran,Uzbekistan,0.0,0.0,FIFA World Cup qualification,Tehran,IR Iran,False,2024,18,58,-40,30.4,32049999.999999996,28.5,85330000.0,1.8999999999999986,-53280000.0,0,12,13,-1
2024-06-11,Indonesia,Philippines,2.0,0.0,FIFA World Cup qualification,Jakarta,Indonesia,False,2024,127,150,-23,25.7,19550000.0,26.3,3230000.0,-0.6000000000000014,16320000.0,1,6,1,5
2024-06-11,Iraq,Vietnam,3.0,1.0,FIFA World Cup qualification,Basra,Iraq,False,2024,56,114,-58,26.9,21200000.0,28.1,6380000.0,-1.2000000000000028,14820000.0,1,12,3,9
2024-06-11,Tajikistan,Pakistan,3.0,0.0,FIFA World Cup qualification,Dushanbe,Tajikistan,False,2024,104,198,-94,26.0,7780000.0,25.7,3540000.0,0.3000000000000007,4240000.0,1,2,0,2
2024-06-11,Saudi Arabia,Jordan,1.0,2.0,FIFA World Cup qualification,Riyadh,Saudi Arabia,False,2024,59,64,-5,28.5,40680000.0,28.5,20300000.0,0.0,20380000.0,2,9,12,-3
2024-06-11,United Arab Emirates,Bahrain,1.0,1.0,FIFA World Cup qualification,Dubai,United Arab Emirates,False,2024,63,81,-18,26.7,29050000.0,29.6,6150000.0,-2.900000000000002,22900000.0,0,10,10,0
2024-06-11,Yemen,Nepal,2.0,2.0,FIFA World Cup qualification,Dammam,Saudi Arabia,True,2024,158,175,-17,26.8,2200000.0,27.5,1350000.0,-0.6999999999999993,850000.0,0,4,0,4
2024-06-11,Lebanon,Bangladesh,4.0,0.0,FIFA World Cup qualification,Al Rayyan,Qatar,True,2024,112,185,-73,28.9,5550000.0,26.4,7250000.0,2.5,-1700000.0,1,2,1,1
2024-06-11,Australia,Palestine,5.0,0.0,FIFA World Cup qualification,Perth,Australia,False,2024,26,101,-75,27.4,77450000.0,26.8,10280000.0,0.5999999999999979,67170000.0,1,12,10,2
2024-06-11,Cuba,Cayman Islands,3.0,0.0,FIFA World Cup qualification,Santiago,Cuba,False,2024,163,194,-31,24.0,2600000.0,25.9,,-1.8999999999999986,,1,5,7,-2
2024-06-11,St Kitts and Nevis,Bahamas,1.0,0.0,FIFA World Cup qualification,Basseterre,St Kitts and Nevis,False,2024,144,205,-61,27.4,575000.0,21.8,,5.599999999999998,,1,1,1,0
2024-06-11,St Lucia,Aruba,2.0,2.0,FIFA World Cup qualification,Bridgetown,Barbados,True,2024,167,195,-28,23.5,250000.0,24.3,175000.0,-0.8000000000000007,75000.0,0,10,12,-2
2024-06-11,Guyana,Belize,3.0,1.0,FIFA World Cup qualification,Bridgetown,Barbados,True,2024,154,178,-24,26.3,1500000.0,27.0,350000.0,-0.6999999999999993,1150000.0,1,9,1,8
2024-06-11,Dominican Republic,British Virgin Islands,4.0,0.0,FIFA World Cup qualification,San Cristóbal,Dominican Republic,False,2024,141,207,-66,25.5,12830000.0,22.3,,3.1999999999999993,,1,7,3,4
2024-06-11,Puerto Rico,Anguilla,8.0,0.0,FIFA World Cup qualification,Bayamón,Puerto Rico,False,2024,157,209,-52,23.1,825000.0,25.4,,-2.299999999999997,,1,7,2,5
2024-06-14,Germany,Scotland,5.0,1.0,UEFA Euro,Munich,Germany,False,2024,10,45,-35,28.1,947000000.0,29.2,170250000.0,-1.0999999999999979,776750000.0,1,5,8,-3
2024-06-15,Hungary,Switzerland,1.0,3.0,UEFA Euro,Cologne,Germany,True,2024,30,20,10,25.7,209200000.0,28.3,332500000.0,-2.6000000000000014,-123300000.0,2,11,6,5
2024-06-15,Spain,Croatia,3.0,0.0,UEFA Euro,Berlin,Germany,True,2024,3,13,-10,26.8,1220000000.0,28.4,387300000.0,-1.5999999999999979,832700000.0,1,15,10,5
2024-06-15,Italy,Albania,2.0,1.0,UEFA Euro,Dortmund,Germany,True,2024,9,65,-56,21.0,315700000.0,27.4,88800000.0,-6.399999999999999,226900000.0,1,10,9,1
2024-06-15,Vanuatu,Solomon Islands,1.0,0.0,Oceania Nations Cup,Port Vila,Vanuatu,False,2024,164,147,17,29.7,535000.0,25.6,450000.0,4.099999999999998,85000.0,1,1,13,-12
2024-06-16,Slovenia,Denmark,1.0,1.0,UEFA Euro,Stuttgart,Germany,True,2024,55,21,34,26.6,100500000.0,25.5,365000000.0,1.1000000000000014,-264500000.0,0,12,12,0
2024-06-16,Serbia,England,0.0,1.0,UEFA Euro,Gelsenkirchen,Germany,True,2024,32,4,28,23.0,209500000.0,27.2,1360000000.0,-4.199999999999999,-1150500000.0,2,7,11,-4
2024-06-16,Poland,Netherlands,1.0,2.0,UEFA Euro,Hamburg,Germany,True,2024,35,7,28,26.3,231600000.0,27.8,754200000.0,-1.5,-522600000.0,2,9,12,-3
2024-06-16,Tahiti,Samoa,2.0,0.0,Oceania Nations Cup,Suva,Fiji,True,2024,153,192,-39,29.1,60000.0,24.5,225000.0,4.600000000000001,-165000.0,1,7,12,-5
2024-06-16,Fiji,Papua New Guinea,5.0,1.0,Oceania Nations Cup,Suva,Fiji,False,2024,148,172,-24,28.3,2450000.0,29.6,,-1.3000000000000007,,1,7,5,2
2024-06-17,Austria,France,0.0,1.0,UEFA Euro,Düsseldorf,Germany,True,2024,22,2,20,28.6,245200000.0,27.0,1520000000.0,1.6000000000000014,-1274800000.0,2,12,13,-1
2024-06-17,Romania,Ukraine,3.0,0.0,UEFA Euro,Munich,Germany,True,2024,38,25,13,26.0,56950000.0,26.6,247000000.0,-0.6000000000000014,-190050000.0,1,13,13,0
2024-06-17,Belgium,Slovakia,0.0,1.0,UEFA Euro,Frankfurt,Germany,True,2024,8,41,-33,27.6,547500000.0,26.9,59850000.0,0.7000000000000028,487650000.0,2,13,12,1
2024-06-18,Turkey,Georgia,3.0,1.0,UEFA Euro,Dortmund,Germany,True,2024,28,68,-40,27.7,473700000.0,26.3,260600000.00000003,1.3999999999999986,213099999.99999997,1,11,8,3
2024-06-18,Portugal,Czechia,2.0,1.0,UEFA Euro,Leipzig,Germany,True,2024,6,42,-36,28.1,1010000000.0,27.6,188180000.0,0.5,821820000.0,1,15,8,7
2024-06-18,New Zealand,Solomon Islands,3.0,0.0,Oceania Nations Cup,Port Vila,Vanuatu,True,2024,89,147,-58,28.1,34350000.0,25.6,450000.0,2.5,33900000.0,1,4,10,-6
2024-06-19,Germany,Hungary,2.0,0.0,UEFA Euro,Stuttgart,Germany,False,2024,10,30,-20,28.1,947000000.0,25.7,209200000.0,2.400000000000002,737800000.0,1,8,8,0
2024-06-19,Scotland,Switzerland,1.0,1.0,UEFA Euro,Cologne,Germany,True,2024,45,20,25,29.2,170250000.0,28.3,332500000.0,0.8999999999999986,-162250000.0,0,5,6,-1
2024-06-19,Croatia,Albania,2.0,2.0,UEFA Euro,Hamburg,Germany,True,2024,13,65,-52,28.4,387300000.0,27.4,88800000.0,1.0,298500000.0,0,10,8,2
2024-06-19,Papua New Guinea,Tahiti,1.0,1.0,Oceania Nations Cup,Suva,Fiji,True,2024,172,153,19,29.6,,29.1,60000.0,0.5,,0,4,10,-6
2024-06-19,Fiji,Samoa,9.0,1.0,Oceania Nations Cup,Suva,Fiji,False,2024,148,192,-44,28.3,2450000.0,24.5,225000.0,3.8000000000000007,2225000.0,1,10,9,1
2024-06-20,Spain,Italy,1.0,0.0,UEFA Euro,Gelsenkirchen,Germany,True,2024,3,9,-6,26.8,1220000000.0,21.0,315700000.0,5.800000000000001,904300000.0,1,15,10,5
2024-06-20,Slovenia,Serbia,1.0,1.0,UEFA Euro,Munich,Germany,True,2024,55,32,23,26.6,100500000.0,23.0,209500000.0,3.6000000000000014,-109000000.0,0,10,7,3
2024-06-20,Denmark,England,1.0,1.0,UEFA Euro,Frankfurt,Germany,True,2024,21,4,17,25.5,365000000.0,27.2,1360000000.0,-1.6999999999999993,-995000000.0,0,10,11,-1
2024-06-20,Argentina,Canada,2.0,0.0,Copa América,Atlanta,USA,True,2024,1,31,-30,29.1,807500000.0,27.0,198650000.0,2.1000000000000014,608850000.0,1,12,10,2
2024-06-21,Poland,Austria,1.0,3.0,UEFA Euro,Berlin,Germany,True,2024,35,22,13,26.3,231600000.0,28.6,245200000.0,-2.3000000000000007,-13600000.0,2,6,9,-3
2024-06-21,Netherlands,France,0.0,0.0,UEFA Euro,Leipzig,Germany,True,2024,7,2,5,27.8,754200000.0,27.0,1520000000.0,0.8000000000000007,-765800000.0,0,12,13,-1
2024-06-21,Slovakia,Ukraine,1.0,2.0,UEFA Euro,Düsseldorf,Germany,True,2024,41,25,16,26.9,59850000.0,26.6,247000000.0,0.29999999999999716,-187150000.0,2,12,10,2
2024-06-21,Vanuatu,New Zealand,0.0,4.0,Oceania Nations Cup,Port Vila,Vanuatu,False,2024,164,89,75,29.7,535000.0,28.1,34350000.0,1.5999999999999979,-33815000.0,2,3,4,-1
2024-06-21,Peru,Chile,0.0,0.0,Copa América,Arlington,USA,True,2024,40,50,-10,27.1,30580000.0,25.9,66800000.0,1.2000000000000028,-36220000.0,0,1,5,-4
2024-06-22,Belgium,Romania,2.0,0.0,UEFA Euro,Cologne,Germany,True,2024,8,38,-30,27.6,547500000.0,26.0,56950000.0,1.6000000000000014,490550000.0,1,10,13,-3
2024-06-22,Georgia,Czechia,1.0,1.0,UEFA Euro,Hamburg,Germany,True,2024,68,42,26,26.3,260600000.00000003,27.6,188180000.0,-1.3000000000000007,72420000.00000003,0,5,7,-2
2024-06-22,Turkey,Portugal,0.0,3.0,UEFA Euro,Dortmund,Germany,True,2024,28,6,22,27.7,473700000.0,28.1,1010000000.0,-0.40000000000000213,-536300000.0,2,11,15,-4
2024-06-22,Samoa,Papua New Guinea,1.0,2.0,Oceania Nations Cup,Suva,Fiji,True,2024,192,172,20,24.5,225000.0,29.6,,-5.100000000000001,,2,9,2,7
2024-06-22,Fiji,Tahiti,1.0,0.0,Oceania Nations Cup,Suva,Fiji,False,2024,148,153,-5,28.3,2450000.0,29.1,60000.0,-0.8000000000000007,2390000.0,1,10,11,-1
2024-06-22,Ecuador,Venezuela,1.0,2.0,Copa América,Santa Clara,USA,True,2024,24,47,-23,26.1,368700000.0,25.6,79000000.0,0.5,289700000.0,2,11,9,2
2024-06-22,Mexico,Jamaica,1.0,0.0,Copa América,Houston,USA,True,2024,19,62,-43,27.9,191850000.0,23.1,9050000.0,4.799999999999997,182800000.0,1,9,12,-3
2024-06-23,Germany,Switzerland,1.0,1.0,UEFA Euro,Frankfurt,Germany,False,2024,10,20,-10,28.1,947000000.0,28.3,332500000.0,-0.1999999999999993,614500000.0,0,10,6,4
2024-06-23,Scotland,Hungary,0.0,1.0,UEFA Euro,Stuttgart,Germany,True,2024,45,30,15,29.2,170250000.0,25.7,209200000.0,3.5,-38950000.0,2,3,5,-2
2024-06-23,USA,Bolivia,2.0,0.0,Copa América,Arlington,USA,False,2024,16,79,-63,26.9,385650000.0,23.8,18050000.0,3.099999999999998,367600000.0,1,10,6,4
2024-06-23,Uruguay,Panama,3.0,1.0,Copa América,Miami Gardens,USA,True,2024,11,36,-25,28.8,359300000.0,30.5,34550000.0,-1.6999999999999993,324750000.0,1,10,9,1
2024-06-24,Albania,Spain,0.0,1.0,UEFA Euro,Düsseldorf,Germany,True,2024,65,3,62,27.4,88800000.0,26.8,1220000000.0,0.5999999999999979,-1131200000.0,2,6,15,-9
2024-06-24,Croatia,Italy,1.0,1.0,UEFA Euro,Leipzig,Germany,True,2024,13,9,4,28.4,387300000.0,21.0,315700000.0,7.399999999999999,71600000.0,0,8,7,1
2024-06-24,Colombia,Paraguay,2.0,1.0,Copa América,Houston,USA,True,2024,12,53,-41,30.1,302350000.0,29.1,153650000.0,1.0,148700000.0,1,9,4,5
2024-06-24,Brazil,Costa Rica,0.0,0.0,Copa América,Inglewood,USA,True,2024,5,54,-49,29.4,928200000.0,24.8,28200000.0,4.599999999999998,900000000.0,0,4,9,-5
2024-06-25,England,Slovenia,0.0,0.0,UEFA Euro,Cologne,Germany,True,2024,4,55,-51,27.2,1360000000.0,26.6,100500000.0,0.5999999999999979,1259500000.0,0,11,8,3
2024-06-25,Denmark,Serbia,0.0,0.0,UEFA Euro,Munich,Germany,True,2024,21,32,-11,25.5,365000000.0,23.0,209500000.0,2.5,155500000.0,0,8,5,3
2024-06-25,Netherlands,Austria,2.0,3.0,UEFA Euro,Berlin,Germany,True,2024,7,22,-15,27.8,754200000.0,28.6,245200000.0,-0.8000000000000007,509000000.0,2,13,9,4
2024-06-25,France,Poland,1.0,1.0,UEFA Euro,Dortmund,Germany,True,2024,2,35,-33,27.0,1520000000.0,26.3,231600000.0,0.6999999999999993,1288400000.0,0,11,5,6
2024-06-25,Peru,Canada,0.0,1.0,Copa América,Kansas City,USA,True,2024,40,31,9,27.1,30580000.0,27.0,198650000.0,0.10000000000000142,-168070000.0,2,2,7,-5
2024-06-25,Chile,Argentina,0.0,1.0,Copa América,East Rutherford,USA,True,2024,50,1,49,25.9,66800000.0,29.1,807500000.0,-3.200000000000003,-740700000.0,2,5,12,-7
2024-06-26,Slovakia,Romania,1.0,1.0,UEFA Euro,Frankfurt,Germany,True,2024,41,38,3,26.9,59850000.0,26.0,56950000.0,0.8999999999999986,2900000.0,0,12,12,0
2024-06-26,Ukraine,Belgium,0.0,0.0,UEFA Euro,Stuttgart,Germany,True,2024,25,8,17,26.6,247000000.0,27.6,547500000.0,-1.0,-300500000.0,0,10,10,0
2024-06-26,Georgia,Portugal,2.0,0.0,UEFA Euro,Gelsenkirchen,Germany,True,2024,68,6,62,26.3,260600000.00000003,28.1,1010000000.0,-1.8000000000000007,-749400000.0,1,5,15,-10
2024-06-26,Czechia,Turkey,1.0,2.0,UEFA Euro,Hamburg,Germany,True,2024,42,28,14,27.6,188180000.0,27.7,473700000.0,-0.09999999999999787,-285520000.0,2,8,10,-2
2024-06-26,Ecuador,Jamaica,3.0,1.0,Copa América,Las Vegas,USA,True,2024,24,62,-38,26.1,368700000.0,23.1,9050000.0,3.0,359650000.0,1,8,9,-1
2024-06-26,Venezuela,Mexico,1.0,0.0,Copa América,Inglewood,USA,True,2024,47,19,28,25.6,79000000.0,27.9,191850000.0,-2.299999999999997,-112850000.0,1,9,9,0
2024-06-27,Vanuatu,Fiji,2.0,1.0,Oceania Nations Cup,Port Vila,Vanuatu,False,2024,164,148,16,29.7,535000.0,28.3,2450000.0,1.3999999999999986,-1915000.0,1,3,12,-9
2024-06-27,New Zealand,Tahiti,5.0,0.0,Oceania Nations Cup,Port Vila,Vanuatu,True,2024,89,153,-64,28.1,34350000.0,29.1,60000.0,-1.0,34290000.0,1,7,10,-3
2024-06-27,USA,Panama,1.0,2.0,Copa América,Atlanta,USA,False,2024,16,36,-20,26.9,385650000.0,30.5,34550000.0,-3.6000000000000014,351100000.0,2,12,6,6
2024-06-27,Uruguay,Bolivia,5.0,0.0,Copa América,East Rutherford,USA,True,2024,11,79,-68,28.8,359300000.0,23.8,18050000.0,5.0,341250000.0,1,13,6,7
2024-06-28,Colombia,Costa Rica,3.0,0.0,Copa América,Glendale,USA,True,2024,12,54,-42,30.1,302350000.0,24.8,28200000.0,5.300000000000001,274150000.0,1,11,10,1
2024-06-28,Paraguay,Brazil,1.0,4.0,Copa América,Las Vegas,USA,True,2024,53,5,48,29.1,153650000.0,29.4,928200000.0,-0.29999999999999716,-774550000.0,2,4,2,2
2024-06-29,Switzerland,Italy,2.0,0.0,UEFA Euro,Berlin,Germany,True,2024,20,9,11,28.3,332500000.0,21.0,315700000.0,7.300000000000001,16800000.0,1,6,8,-2
2024-06-29,Germany,Denmark,2.0,0.0,UEFA Euro,Dortmund,Germany,False,2024,10,21,-11,28.1,947000000.0,25.5,365000000.0,2.6000000000000014,582000000.0,1,11,6,5
2024-06-29,Argentina,Peru,2.0,0.0,Copa América,Miami Gardens,USA,True,2024,1,40,-39,29.1,807500000.0,27.1,30580000.0,2.0,776920000.0,1,12,2,10
2024-06-29,Canada,Chile,0.0,0.0,Copa América,Orlando,USA,True,2024,31,50,-19,27.0,198650000.0,25.9,66800000.0,1.1000000000000014,131850000.0,0,9,2,7
2024-06-30,England,Slovakia,2.0,1.0,UEFA Euro,Gelsenkirchen,Germany,True,2024,4,41,-37,27.2,1360000000.0,26.9,59850000.0,0.3000000000000007,1300150000.0,1,9,10,-1
2024-06-30,Spain,Georgia,4.0,1.0,UEFA Euro,Cologne,Germany,True,2024,3,68,-65,26.8,1220000000.0,26.3,260600000.00000003,0.5,959400000.0,1,15,8,7
2024-06-30,Tahiti,Fiji,2.0,1.0,Oceania Nations Cup,Port Vila,Vanuatu,True,2024,153,148,5,29.1,60000.0,28.3,2450000.0,0.8000000000000007,-2390000.0,1,7,12,-5
2024-06-30,Vanuatu,New Zealand,0.0,3.0,Oceania Nations Cup,Port Vila,Vanuatu,False,2024,164,89,75,29.7,535000.0,28.1,34350000.0,1.5999999999999979,-33815000.0,2,6,10,-4
2024-06-30,Mexico,Ecuador,0.0,0.0,Copa América,Glendale,USA,True,2024,19,24,-5,27.9,191850000.0,26.1,368700000.0,1.7999999999999972,-176850000.0,0,9,8,1
2024-06-30,Jamaica,Venezuela,0.0,3.0,Copa América,Austin,USA,True,2024,62,47,15,23.1,9050000.0,25.6,79000000.0,-2.5,-69950000.0,2,9,11,-2
2024-07-01,France,Belgium,1.0,0.0,UEFA Euro,Düsseldorf,Germany,True,2024,2,8,-6,27.0,1520000000.0,27.6,547500000.0,-0.6000000000000014,972500000.0,1,9,8,1
2024-07-01,Portugal,Slovenia,0.0,0.0,UEFA Euro,Frankfurt,Germany,True,2024,6,55,-49,28.1,1010000000.0,26.6,100500000.0,1.5,909500000.0,0,12,6,6
2024-07-01,USA,Uruguay,0.0,1.0,Copa América,Kansas City,USA,False,2024,16,11,5,26.9,385650000.0,28.8,359300000.0,-1.9000000000000021,26350000.0,2,9,15,-6
2024-07-01,Bolivia,Panama,1.0,3.0,Copa América,Orlando,USA,True,2024,79,36,43,23.8,18050000.0,30.5,34550000.0,-6.699999999999999,-16500000.0,2,3,9,-6
2024-07-02,Romania,Netherlands,0.0,3.0,UEFA Euro,Munich,Germany,True,2024,38,7,31,26.0,56950000.0,27.8,754200000.0,-1.8000000000000007,-697250000.0,2,10,10,0
2024-07-02,Austria,Turkey,1.0,2.0,UEFA Euro,Leipzig,Germany,True,2024,22,28,-6,28.6,245200000.0,27.7,473700000.0,0.9000000000000021,-228500000.0,2,12,10,2
2024-07-02,Brazil,Colombia,1.0,1.0,Copa América,Santa Clara,USA,True,2024,5,12,-7,29.4,928200000.0,30.1,302350000.0,-0.7000000000000028,625850000.0,0,4,13,-9
2024-07-02,Costa Rica,Paraguay,2.0,1.0,Copa América,Austin,USA,True,2024,54,53,1,24.8,28200000.0,29.1,153650000.0,-4.300000000000001,-125450000.0,1,10,4,6
2024-07-04,Argentina,Ecuador,1.0,1.0,Copa América,Houston,USA,True,2024,1,24,-23,29.1,807500000.0,26.1,368700000.0,3.0,438800000.0,0,12,8,4
2024-07-05,Germany,Spain,1.0,2.0,UEFA Euro,Stuttgart,Germany,False,2024,10,3,7,28.1,947000000.0,26.8,1220000000.0,1.3000000000000007,-273000000.0,2,13,15,-2
2024-07-05,Portugal,France,0.0,0.0,UEFA Euro,Hamburg,Germany,True,2024,6,2,4,28.1,1010000000.0,27.0,1520000000.0,1.1000000000000014,-510000000.0,0,10,9,1
2024-07-05,Venezuela,Canada,1.0,1.0,Copa América,Arlington,USA,True,2024,47,31,16,25.6,79000000.0,27.0,198650000.0,-1.3999999999999986,-119650000.0,0,11,7,4
2024-07-06,England,Switzerland,1.0,1.0,UEFA Euro,Düsseldorf,Germany,True,2024,4,20,-16,27.2,1360000000.0,28.3,332500000.0,-1.1000000000000014,1027500000.0,0,9,8,1
2024-07-06,Netherlands,Turkey,2.0,1.0,UEFA Euro,Berlin,Germany,True,2024,7,28,-21,27.8,754200000.0,27.7,473700000.0,0.10000000000000142,280500000.0,1,10,10,0
2024-07-06,Uruguay,Brazil,0.0,0.0,Copa América,Las Vegas,USA,True,2024,11,5,6,28.8,359300000.0,29.4,928200000.0,-0.5999999999999979,-568900000.0,0,15,5,10
2024-07-06,Colombia,Panama,5.0,0.0,Copa América,Glendale,USA,True,2024,12,36,-24,30.1,302350000.0,30.5,34550000.0,-0.3999999999999986,267800000.0,1,13,12,1
2024-07-09,Spain,France,2.0,1.0,UEFA Euro,Munich,Germany,True,2024,3,2,1,26.8,1220000000.0,27.0,1520000000.0,-0.1999999999999993,-300000000.0,1,15,9,6
2024-07-09,Argentina,Canada,2.0,0.0,Copa América,East Rutherford,USA,True,2024,1,31,-30,29.1,807500000.0,27.0,198650000.0,2.1000000000000014,608850000.0,1,13,8,5
2024-07-10,Netherlands,England,1.0,2.0,UEFA Euro,Dortmund,Germany,True,2024,7,4,3,27.8,754200000.0,27.2,1360000000.0,0.6000000000000014,-605800000.0,2,10,9,1
2024-07-10,Uruguay,Colombia,0.0,1.0,Copa América,Charlotte,USA,True,2024,11,12,-1,28.8,359300000.0,30.1,302350000.0,-1.3000000000000007,56950000.0,2,13,13,0
2024-07-13,Canada,Uruguay,2.0,2.0,Copa América,Charlotte,USA,True,2024,31,11,20,27.0,198650000.0,28.8,359300000.0,-1.8000000000000007,-160650000.0,0,5,10,-5
2024-07-14,Spain,England,2.0,1.0,UEFA Euro,Berlin,Germany,True,2024,3,4,-1,26.8,1220000000.0,27.2,1360000000.0,-0.3999999999999986,-140000000.0,1,15,9,6
2024-07-14,Argentina,Colombia,1.0,0.0,Copa América,Miami Gardens,USA,True,2024,1,12,-11,29.1,807500000.0,30.1,302350000.0,-1.0,505150000.0,1,13,13,0
2024-09-02,Fiji,Solomon Islands,1.0,0.0,Tri-Nations Series,Suva,Fiji,False,2024,148,147,1,28.3,2450000.0,25.6,450000.0,2.6999999999999993,2000000.0,1,9,7,2
2024-09-02,Fiji,"Hong Kong, China",1.0,1.0,Tri-Nations Series,Suva,Fiji,False,2024,148,155,-7,28.3,2450000.0,27.1,3450000.0,1.1999999999999993,-1000000.0,0,9,1,8
2024-09-03,India,Mauritius,0.0,0.0,Intercontinental Cup,Hyderabad,India,False,2024,126,179,-53,26.8,4000000.0,28.3,800000.0,-1.5,3200000.0,0,2,4,-2
2024-09-04,Lebanon,Tajikistan,1.0,0.0,Merdeka Tournament,Kuala Lumpur,Malaysia,True,2024,112,104,8,28.9,5550000.0,26.0,7780000.0,2.8999999999999986,-2230000.0,1,4,4,0
2024-09-04,Malaysia,Philippines,2.0,1.0,Merdeka Tournament,Kuala Lumpur,Malaysia,False,2024,132,150,-18,28.6,7600000.0,26.3,3230000.0,2.3000000000000007,4370000.0,1,5,1,4
2024-09-04,Comoros,The Gambia,1.0,1.0,African Cup of Nations qualification,El Jadida,Morocco,True,2024,103,125,-22,23.7,3800000.0,25.2,78780000.0,-1.5,-74980000.0,0,10,3,7
2024-09-04,Libya,Rwanda,1.0,1.0,African Cup of Nations qualification,Tripoli,Libya,False,2024,118,124,-6,26.6,10130000.0,27.1,6950000.0,-0.5,3180000.0,0,8,8,0
2024-09-04,Sudan,Niger,1.0,0.0,African Cup of Nations qualification,Juba,South Sudan,True,2024,113,122,-9,29.2,3280000.0,26.4,10700000.0,2.8000000000000007,-7420000.0,1,10,3,7
2024-09-04,Tanzania,Ethiopia,0.0,0.0,African Cup of Nations qualification,Dar es Salaam,Tanzania,False,2024,106,146,-40,26.3,9030000.0,27.6,2900000.0,-1.3000000000000007,6130000.0,0,8,3,5
2024-09-04,US Virgin Islands,Bahamas,3.0,3.0,CONCACAF Nations League,Saint Croix,US Virgin Islands,False,2024,208,205,3,24.7,125000.0,21.8,,2.8999999999999986,,0,2,1,1
2024-09-04,Turks and Caicos Islands,Anguilla,0.0,2.0,CONCACAF Nations League,Providenciales,Turks and Caicos Islands,False,2024,206,209,-3,21.9,50000.0,25.4,,-3.5,,2,3,2,1
2024-09-04,Cayman Islands,British Virgin Islands,1.0,0.0,CONCACAF Nations League,George Town,Cayman Islands,False,2024,194,207,-13,25.9,,22.3,,3.599999999999998,,1,6,2,4
2024-09-05,"Hong Kong, China",Solomon Islands,3.0,0.0,Tri-Nations Series,Suva,Fiji,True,2024,155,147,8,27.1,3450000.0,25.6,450000.0,1.5,3000000.0,1,2,4,-2
2024-09-05,Sri Lanka,Cambodia,0.0,0.0,AFC Asian Cup qualification,Colombo,Sri Lanka,False,2024,200,180,20,27.2,910000.0,26.1,2580000.0,1.0999999999999979,-1670000.0,0,5,1,4
2024-09-05,Timor-Leste,Mongolia,4.0,1.0,AFC Asian Cup qualification,Gianyar,Indonesia,True,2024,197,188,9,23.5,785000.0,25.7,485000.0,-2.1999999999999993,300000.0,1,3,3,0
2024-09-05,Tunisia,Madagascar,1.0,0.0,African Cup of Nations qualification,Radès,Tunisia,False,2024,52,116,-64,26.7,69950000.0,28.0,6800000.0,-1.3000000000000007,63150000.0,1,7,8,-1
2024-09-05,Central African Republic,Lesotho,3.0,1.0,African Cup of Nations qualification,El Jadida,Morocco,True,2024,135,149,-14,25.8,8199999.999999999,28.3,575000.0,-2.5,7624999.999999999,1,10,5,5
2024-09-05,Algeria,Equatorial Guinea,2.0,0.0,African Cup of Nations qualification,Oran,Algeria,False,2024,37,93,-56,26.9,256899999.99999997,26.2,4200000.0,0.6999999999999993,252699999.99999997,1,7,6,1
2024-09-05,Ghana,Angola,0.0,1.0,African Cup of Nations qualification,Kumasi,Ghana,False,2024,77,85,-8,26.8,234600000.0,29.4,46550000.0,-2.599999999999998,188050000.0,2,8,10,-2
2024-09-05,Guinea-Bissau,Eswatini,1.0,0.0,African Cup of Nations qualification,Bissau,Guinea-Bissau,False,2024,120,159,-39,26.6,39450000.0,26.5,1080000.0,0.10000000000000142,38370000.0,1,2,4,-2
2024-09-05,Congo,South Sudan,1.0,0.0,African Cup of Nations qualification,Brazzaville,Congo,False,2024,128,170,-42,24.6,2550000.0,25.3,1600000.0,-0.6999999999999993,950000.0,1,4,4,0
2024-09-05,Malawi,Burundi,2.0,3.0,African Cup of Nations qualification,Lilongwe,Malawi,False,2024,131,139,-8,26.4,1950000.0,26.6,10930000.0,-0.20000000000000284,-8980000.0,2,7,7,0
2024-09-05,Guyana,Suriname,1.0,3.0,CONCACAF Nations League,Leonora,Guyana,False,2024,154,138,16,26.3,1500000.0,29.1,35930000.0,-2.8000000000000007,-34430000.0,2,9,10,-1
2024-09-05,Montserrat,El Salvador,1.0,4.0,CONCACAF Nations League,Rincon,Bonaire,True,2024,181,83,98,24.3,375000.0,26.8,7130000.0,-2.5,-6755000.0,2,6,5,1
2024-09-05,Portugal,Croatia,2.0,1.0,UEFA Nations League,Lisbon,Portugal,False,2024,6,13,-7,28.1,1010000000.0,28.4,387300000.0,-0.29999999999999716,622700000.0,1,8,6,2
2024-09-05,Scotland,Poland,2.0,3.0,UEFA Nations League,Glasgow,Scotland,False,2024,45,35,10,29.2,170250000.0,26.3,231600000.0,2.8999999999999986,-61350000.0,2,3,5,-2
2024-09-05,Denmark,Switzerland,2.0,0.0,UEFA Nations League,Copenhagen,Denmark,False,2024,21,20,1,25.5,365000000.0,28.3,332500000.0,-2.8000000000000007,32500000.0,1,3,9,-6
2024-09-05,Serbia,Spain,0.0,0.0,UEFA Nations League,Belgrade,Serbia,False,2024,32,3,29,23.0,209500000.0,26.8,1220000000.0,-3.8000000000000007,-1010500000.0,0,6,15,-9
2024-09-05,Azerbaijan,Sweden,1.0,3.0,UEFA Nations League,Baku,Azerbaijan,False,2024,117,27,90,27.6,19080000.0,27.6,406080000.0,0.0,-387000000.0,2,7,7,0
2024-09-05,Estonia,Slovakia,0.0,1.0,UEFA Nations League,Tallinn,Estonia,False,2024,123,41,82,25.5,13930000.0,26.9,59850000.0,-1.3999999999999986,-45920000.0,2,4,7,-3
2024-09-05,Northern Ireland,Luxembourg,2.0,0.0,UEFA Nations League,Belfast,Northern Ireland,False,2024,71,92,-21,23.8,79900000.0,26.2,14700000.0,-2.3999999999999986,65200000.0,1,6,7,-1
2024-09-05,Belarus,Bulgaria,0.0,0.0,UEFA Nations League,Zalaegerszeg,Hungary,True,2024,98,82,16,26.3,15380000.0,25.7,30050000.0,0.6000000000000014,-14670000.0,0,8,6,2
2024-09-05,San Marino,Liechtenstein,1.0,0.0,UEFA Nations League,Serravalle,San Marino,False,2024,210,204,6,23.8,1150000.0,26.4,625000.0,-2.599999999999998,525000.0,1,0,0,0
2024-09-05,Bolivia,Venezuela,4.0,0.0,FIFA World Cup qualification,El Alto,Bolivia,False,2024,79,47,32,23.8,18050000.0,25.6,79000000.0,-1.8000000000000007,-60950000.0,1,3,11,-8
2024-09-05,Argentina,Chile,3.0,0.0,FIFA World Cup qualification,Buenos Aires,Argentina,False,2024,1,50,-49,29.1,807500000.0,25.9,66800000.0,3.200000000000003,740700000.0,1,13,3,10
2024-09-05,Qatar,United Arab Emirates,1.0,3.0,FIFA World Cup qualification,Al Rayyan,Qatar,False,2024,48,63,-15,29.5,19930000.0,26.7,29050000.0,2.8000000000000007,-9120000.0,2,13,11,2
2024-09-05,Uzbekistan,Korea DPR,1.0,0.0,FIFA World Cup qualification,Tashkent,Uzbekistan,False,2024,58,115,-57,28.5,85330000.0,25.9,6850000.0,2.6000000000000014,78480000.0,1,11,9,2
2024-09-05,IR Iran,Kyrgyz Republic,1.0,0.0,FIFA World Cup qualification,Fuladshahr,IR Iran,False,2024,18,107,-89,30.4,32049999.999999996,26.1,7050000.0,4.299999999999997,24999999.999999996,1,10,9,1
2024-09-05,Iraq,Oman,1.0,0.0,FIFA World Cup qualification,Basra,Iraq,False,2024,56,80,-24,26.9,21200000.0,28.7,8330000.0,-1.8000000000000007,12870000.0,1,12,11,1
2024-09-05,Korea Republic,Palestine,0.0,0.0,FIFA World Cup qualification,Seoul,Korea Republic,False,2024,23,101,-78,28.1,139050000.0,26.8,10280000.0,1.3000000000000007,128770000.0,0,10,7,3
2024-09-05,Jordan,Kuwait,1.0,1.0,FIFA World Cup qualification,Amman,Jordan,False,2024,64,134,-70,28.5,20300000.0,28.4,4230000.0,0.10000000000000142,16070000.0,0,12,7,5
2024-09-05,Japan,China,7.0,0.0,FIFA World Cup qualification,Saitama,Japan,False,2024,15,90,-75,27.8,270850000.0,27.9,14330000.0,-0.09999999999999787,256520000.0,1,12,5,7
2024-09-05,Australia,Bahrain,0.0,1.0,FIFA World Cup qualification,Robina,Australia,False,2024,26,81,-55,27.4,77450000.0,29.6,6150000.0,-2.200000000000003,71300000.0,2,12,8,4
2024-09-05,Saudi Arabia,Indonesia,1.0,1.0,FIFA World Cup qualification,Jeddah,Saudi Arabia,False,2024,59,127,-68,28.5,40680000.0,25.7,19550000.0,2.8000000000000007,21130000.0,0,8,9,-1
2024-09-06,Syria,Mauritius,2.0,0.0,Intercontinental Cup,Hyderabad,India,True,2024,95,179,-84,28.0,7930000.0,28.3,800000.0,-0.3000000000000007,7130000.0,1,5,4,1
2024-09-06,Brunei Darussalam,Macau,3.0,0.0,AFC Asian Cup qualification,Bandar Seri Begawan,Brunei Darussalam,False,2024,184,193,-9,28.5,800000.0,24.6,335000.0,3.8999999999999986,465000.0,1,3,1,2
2024-09-06,Morocco,Gabon,4.0,1.0,African Cup of Nations qualification,Agadir,Morocco,False,2024,14,84,-70,26.6,447700000.0,27.6,35280000.0,-1.0,412420000.0,1,10,9,1
2024-09-06,Egypt,Cabo Verde,3.0,0.0,African Cup of Nations qualification,Cairo,Egypt,False,2024,33,72,-39,29.1,116480000.0,29.7,54500000.0,-0.5999999999999979,61980000.0,1,8,10,-2
2024-09-06,Togo,Liberia,1.0,1.0,African Cup of Nations qualification,Lomé,Togo,False,2024,119,145,-26,25.7,27800000.0,24.5,14330000.0,1.1999999999999993,13470000.0,0,6,11,-5
2024-09-06,Sierra Leone,Chad,0.0,0.0,African Cup of Nations qualification,Monrovia,Liberia,True,2024,129,176,-47,24.3,13330000.0,24.3,8550000.0,0.0,4780000.0,0,5,6,-1
2024-09-06,Côte d'Ivoire,Zambia,2.0,0.0,African Cup of Nations qualification,Bouaké,Côte d'Ivoire,False,2024,46,87,-41,25.9,522100000.0,26.3,14130000.0,-0.40000000000000213,507970000.0,1,13,2,11
2024-09-06,Congo DR,Guinea,1.0,0.0,African Cup of Nations qualification,Kinshasa,Congo DR,False,2024,61,78,-17,29.1,143900000.0,24.6,74130000.0,4.5,69770000.0,1,8,9,-1
2024-09-06,Mali,Mozambique,1.0,1.0,African Cup of Nations qualification,Bamako,Mali,False,2024,51,96,-45,25.6,116550000.0,27.5,1480000.0,-1.8999999999999986,115070000.0,0,5,8,-3
2024-09-06,Kenya,Zimbabwe,0.0,0.0,African Cup of Nations qualification,Kampala,Uganda,True,2024,108,121,-13,23.8,3300000.0,26.0,25330000.0,-2.1999999999999993,-22030000.0,0,5,5,0
2024-09-06,South Africa,Uganda,2.0,2.0,African Cup of Nations qualification,Johannesburg,South Africa,False,2024,57,88,-31,26.8,49250000.0,28.0,8630000.0,-1.1999999999999993,40620000.0,0,7,9,-2
2024-09-06,Senegal,Burkina Faso,1.0,1.0,African Cup of Nations qualification,Diamniadio,Senegal,False,2024,17,66,-49,27.1,478100000.0,25.0,110500000.0,2.1000000000000014,367600000.0,0,11,2,9
2024-09-06,Jamaica,Cuba,0.0,0.0,CONCACAF Nations League,Kingston,Jamaica,False,2024,62,163,-101,23.1,9050000.0,24.0,2600000.0,-0.8999999999999986,6450000.0,0,6,7,-1
2024-09-06,Honduras,Trinidad and Tobago,4.0,0.0,CONCACAF Nations League,Tegucigalpa,Honduras,False,2024,75,102,-27,25.4,20930000.0,26.3,2150000.0,-0.9000000000000021,18780000.0,1,9,7,2
2024-09-06,St Lucia,Curaçao,2.0,1.0,CONCACAF Nations League,Saint George's,Grenada,True,2024,167,91,76,23.5,250000.0,28.0,25780000.0,-4.5,-25530000.0,1,8,9,-1
2024-09-06,Puerto Rico,Haiti,1.0,4.0,CONCACAF Nations League,Mayagüez,Puerto Rico,False,2024,157,86,71,23.1,825000.0,27.6,55900000.0,-4.5,-55075000.0,2,10,8,2
2024-09-06,Belgium,Israel,3.0,1.0,UEFA Nations League,Debrecen,Hungary,True,2024,8,76,-68,27.6,547500000.0,25.4,68100000.0,2.200000000000003,479400000.0,1,7,4,3
2024-09-06,France,Italy,1.0,3.0,UEFA Nations League,Paris,France,False,2024,2,9,-7,27.0,1520000000.0,21.0,315700000.0,6.0,1204300000.0,2,6,5,1
2024-09-06,Kazakhstan,Norway,0.0,0.0,UEFA Nations League,Almaty,Kazakhstan,False,2024,110,43,67,26.0,16300000.0,26.8,589900000.0,-0.8000000000000007,-573600000.0,0,6,10,-4
2024-09-06,Slovenia,Austria,1.0,1.0,UEFA Nations League,Ljubljana,Slovenia,False,2024,55,22,33,26.6,100500000.0,28.6,245200000.0,-2.0,-144700000.0,0,7,9,-2
2024-09-06,Iceland,Montenegro,2.0,0.0,UEFA Nations League,Reykjavík,Iceland,False,2024,70,73,-3,27.7,89100000.0,27.9,68550000.0,-0.1999999999999993,20550000.0,1,6,7,-1
2024-09-06,Wales,Turkey,0.0,0.0,UEFA Nations League,Cardiff,Wales,False,2024,29,28,1,26.6,180650000.0,27.7,473700000.0,-1.0999999999999979,-293050000.0,0,9,9,0
2024-09-06,Kosovo,Romania,0.0,3.0,UEFA Nations League,Pristina,Kosovo,False,2024,99,38,61,26.5,147480000.0,26.0,56950000.0,0.5,90530000.0,2,7,7,0
2024-09-06,Lithuania,Cyprus,0.0,1.0,UEFA Nations League,Kaunas,Lithuania,False,2024,142,130,12,26.3,16180000.0,26.8,19900000.0,-0.5,-3720000.0,2,10,0,10
2024-09-06,Cook Islands,Tonga,1.0,3.0,FIFA World Cup qualification,Apia,Samoa,True,2024,190,199,-9,29.0,110000.0,23.9,10000.0,5.100000000000001,100000.0,2,3,3,0
2024-09-06,Samoa,American Samoa,2.0,0.0,FIFA World Cup qualification,Apia,Samoa,False,2024,192,187,5,24.5,225000.0,24.5,,0.0,,1,6,0,6
2024-09-06,Peru,Colombia,1.0,1.0,FIFA World Cup qualification,Lima,Peru,False,2024,40,12,28,27.1,30580000.0,30.1,302350000.0,-3.0,-271770000.0,0,2,10,-8
2024-09-06,Uruguay,Paraguay,0.0,0.0,FIFA World Cup qualification,Montevideo,Uruguay,False,2024,11,53,-42,28.8,359300000.0,29.1,153650000.0,-0.3000000000000007,205650000.0,0,8,1,7
2024-09-06,Brazil,Ecuador,1.0,0.0,FIFA World Cup qualification,Curitiba,Brazil,False,2024,5,24,-19,29.4,928200000.0,26.1,368700000.0,3.299999999999997,559500000.0,1,6,8,-2
2024-09-07,Mauritania,Botswana,1.0,0.0,African Cup of Nations qualification,Nouakchott,Mauritania,False,2024,109,136,-27,26.9,25350000.0,30.1,3050000.0,-3.200000000000003,22300000.0,1,3,6,-3
2024-09-07,Nigeria,Benin,3.0,0.0,African Cup of Nations qualification,Uyo,Nigeria,False,2024,44,94,-50,26.6,172050000.0,26.2,18080000.0,0.40000000000000213,153970000.0,1,5,7,-2
2024-09-07,Cameroon,Namibia,1.0,0.0,African Cup of Nations qualification,Douala,Cameroon,False,2024,49,111,-62,23.7,198700000.0,27.3,2080000.0,-3.6000000000000014,196620000.0,1,7,3,4
2024-09-07,Bermuda,Dominican Republic,2.0,3.0,CONCACAF Nations League,Piggotts,Antigua and Barbuda,True,2024,166,141,25,27.4,375000.0,25.5,12830000.0,1.8999999999999986,-12455000.0,2,7,7,0
2024-09-07,Antigua and Barbuda,Dominica,1.0,2.0,CONCACAF Nations League,Piggotts,Antigua and Barbuda,False,2024,161,183,-22,23.2,650000.0,25.8,,-2.6000000000000014,,2,2,7,-5
2024-09-07,Bahamas,Barbados,2.0,3.0,CONCACAF Nations League,Saint Croix,US Virgin Islands,True,2024,205,177,28,21.8,,24.6,200000.0,-2.8000000000000007,,2,2,0,2
2024-09-07,Turks and Caicos Islands,Belize,0.0,4.0,CONCACAF Nations League,Providenciales,Turks and Caicos Islands,False,2024,206,178,28,21.9,50000.0,27.0,350000.0,-5.100000000000001,-300000.0,2,3,1,2
2024-09-07,Cayman Islands,St Kitts and Nevis,1.0,4.0,CONCACAF Nations League,George Town,Cayman Islands,False,2024,194,144,50,25.9,,27.4,575000.0,-1.5,,2,9,4,5
2024-09-07,Germany,Hungary,5.0,0.0,UEFA Nations League,Düsseldorf,Germany,False,2024,10,30,-20,28.1,947000000.0,25.7,209200000.0,2.400000000000002,737800000.0,1,10,7,3
2024-09-07,Netherlands,Bosnia and Herzegovina,5.0,2.0,UEFA Nations League,Eindhoven,Netherlands,False,2024,7,74,-67,27.8,754200000.0,26.4,151600000.0,1.4000000000000021,602600000.0,1,7,3,4
2024-09-07,Georgia,Czechia,4.0,1.0,UEFA Nations League,Tbilisi,Georgia,False,2024,68,42,26,26.3,260600000.00000003,27.6,188180000.0,-1.3000000000000007,72420000.00000003,1,5,5,0
2024-09-07,Ukraine,Albania,1.0,2.0,UEFA Nations League,Prague,Czechia,True,2024,25,65,-40,26.6,247000000.0,27.4,88800000.0,-0.7999999999999972,158200000.0,2,10,3,7
2024-09-07,Republic of Ireland,England,0.0,2.0,UEFA Nations League,Dublin,Republic of Ireland,False,2024,60,4,56,24.9,146850000.0,27.2,1360000000.0,-2.3000000000000007,-1213150000.0,2,3,8,-5
2024-09-07,Greece,Finland,3.0,0.0,UEFA Nations League,Piraeus,Greece,False,2024,39,69,-30,26.3,275600000.0,26.1,41850000.0,0.1999999999999993,233750000.0,1,8,6,2
2024-09-07,Faroe Islands,North Macedonia,1.0,1.0,UEFA Nations League,Toftir,Faroe Islands,False,2024,137,67,70,27.5,5100000.0,27.8,34450000.0,-0.3000000000000007,-29350000.0,0,1,5,-4
2024-09-07,Armenia,Latvia,4.0,1.0,UEFA Nations League,Yerevan,Armenia,False,2024,100,140,-40,26.0,42230000.0,27.0,8230000.0,-1.0,34000000.0,1,2,6,-4
2024-09-07,Moldova,Malta,2.0,0.0,UEFA Nations League,Chișinău,Moldova,False,2024,151,168,-17,25.1,9700000.0,27.1,14950000.0,-2.0,-5250000.0,1,8,0,8
2024-09-08,Tajikistan,Philippines,0.0,0.0,Merdeka Tournament,Kuala Lumpur,Malaysia,True,2024,104,150,-46,26.0,7780000.0,26.3,3230000.0,-0.3000000000000007,4550000.0,0,4,0,4
2024-09-08,Malaysia,Lebanon,1.0,0.0,Merdeka Tournament,Kuala Lumpur,Malaysia,False,2024,132,112,20,28.6,7600000.0,28.9,5550000.0,-0.29999999999999716,2050000.0,1,7,7,0
2024-09-08,The Gambia,Tunisia,1.0,2.0,African Cup of Nations qualification,El Jadida,Morocco,True,2024,125,52,73,25.2,78780000.0,26.7,69950000.0,-1.5,8830000.0,2,4,9,-5
2024-09-08,St Vincent and the Grenadines,Montserrat,2.0,0.0,CONCACAF Nations League,Rincon,Bonaire,True,2024,173,181,-8,25.3,475000.0,24.3,375000.0,1.0,100000.0,1,6,6,0
2024-09-08,Portugal,Scotland,2.0,1.0,UEFA Nations League,Lisbon,Portugal,False,2024,6,45,-39,28.1,1010000000.0,29.2,170250000.0,-1.0999999999999979,839750000.0,1,8,2,6
2024-09-08,Croatia,Poland,1.0,0.0,UEFA Nations League,Osijek,Croatia,False,2024,13,35,-22,28.4,387300000.0,26.3,231600000.0,2.099999999999998,155700000.0,1,5,5,0
2024-09-08,Denmark,Serbia,2.0,0.0,UEFA Nations League,Copenhagen,Denmark,False,2024,21,32,-11,25.5,365000000.0,23.0,209500000.0,2.5,155500000.0,1,6,4,2
2024-09-08,Switzerland,Spain,1.0,4.0,UEFA Nations League,Geneva,Switzerland,False,2024,20,3,17,28.3,332500000.0,26.8,1220000000.0,1.5,-887500000.0,2,6,13,-7
2024-09-08,Slovakia,Azerbaijan,2.0,0.0,UEFA Nations League,Košice,Slovakia,False,2024,41,117,-76,26.9,59850000.0,27.6,19080000.0,-0.7000000000000028,40770000.0,1,7,7,0
2024-09-08,Sweden,Estonia,3.0,0.0,UEFA Nations League,Stockholm,Sweden,False,2024,27,123,-96,27.6,406080000.0,25.5,13930000.0,2.1000000000000014,392150000.0,1,7,4,3
2024-09-08,Luxembourg,Belarus,0.0,1.0,UEFA Nations League,Luxembourg,Luxembourg,False,2024,92,98,-6,26.2,14700000.0,26.3,15380000.0,-0.10000000000000142,-680000.0,2,6,9,-3
2024-09-08,Bulgaria,Northern Ireland,1.0,0.0,UEFA Nations League,Plovdiv,Bulgaria,False,2024,82,71,11,25.7,30050000.0,23.8,79900000.0,1.8999999999999986,-49850000.0,1,7,9,-2
2024-09-08,Gibraltar,Liechtenstein,2.0,2.0,UEFA Nations League,Gibraltar,Gibraltar,False,2024,196,204,-8,23.7,1840000.0,26.4,625000.0,-2.6999999999999993,1215000.0,0,0,0,0
2024-09-09,India,Syria,0.0,3.0,Intercontinental Cup,Hyderabad,India,False,2024,126,95,31,26.8,4000000.0,28.0,7930000.0,-1.1999999999999993,-3930000.0,2,3,7,-4
2024-09-09,Madagascar,Comoros,1.0,1.0,African Cup of Nations qualification,Radès,Tunisia,True,2024,116,103,13,28.0,6800000.0,23.7,3800000.0,4.300000000000001,3000000.0,0,7,10,-3
2024-09-09,Morocco,Lesotho,1.0,0.0,African Cup of Nations qualification,Agadir,Morocco,False,2024,14,149,-135,26.6,447700000.0,28.3,575000.0,-1.6999999999999993,447125000.0,1,12,5,7
2024-09-09,Equatorial Guinea,Togo,2.0,2.0,African Cup of Nations qualification,Malabo,Equatorial Guinea,False,2024,93,119,-26,26.2,4200000.0,25.7,27800000.0,0.5,-23600000.0,0,6,4,2
2024-09-09,Niger,Ghana,1.0,1.0,African Cup of Nations qualification,Berkane,Morocco,True,2024,122,77,45,26.4,10700000.0,26.8,234600000.0,-0.40000000000000213,-223900000.0,0,3,8,-5
2024-09-09,Angola,Sudan,2.0,1.0,African Cup of Nations qualification,Luanda,Angola,False,2024,85,113,-28,29.4,46550000.0,29.2,3280000.0,0.1999999999999993,43270000.0,1,10,13,-3
2024-09-09,Ethiopia,Congo DR,0.0,2.0,African Cup of Nations qualification,Dar es Salaam,Tanzania,True,2024,146,61,85,27.6,2900000.0,29.1,143900000.0,-1.5,-141000000.0,2,4,8,-4
2024-09-09,Uganda,Congo,2.0,0.0,African Cup of Nations qualification,Kira,Uganda,False,2024,88,128,-40,28.0,8630000.0,24.6,2550000.0,3.3999999999999986,6080000.0,1,7,4,3
2024-09-09,Burundi,Senegal,0.0,1.0,African Cup of Nations qualification,Lilongwe,Malawi,True,2024,139,17,122,26.6,10930000.0,27.1,478100000.0,-0.5,-467170000.0,2,10,9,1
2024-09-09,Guatemala,Costa Rica,0.0,0.0,CONCACAF Nations League,Guatemala City,Guatemala,False,2024,105,54,51,25.8,7780000.0,24.8,28200000.0,1.0,-20420000.0,0,7,10,-3
2024-09-09,Grenada,St Lucia,1.0,2.0,CONCACAF Nations League,Saint George's,Grenada,False,2024,174,167,7,25.4,1750000.0,23.5,250000.0,1.8999999999999986,1500000.0,2,1,8,-7
2024-09-09,Puerto Rico,Aruba,1.0,0.0,CONCACAF Nations League,Mayagüez,Puerto Rico,False,2024,157,195,-38,23.1,825000.0,24.3,175000.0,-1.1999999999999993,650000.0,1,10,10,0
2024-09-09,France,Belgium,2.0,0.0,UEFA Nations League,Décines-Charpieu,France,False,2024,2,8,-6,27.0,1520000000.0,27.6,547500000.0,-0.6000000000000014,972500000.0,1,5,7,-2
2024-09-09,Israel,Italy,1.0,2.0,UEFA Nations League,Budapest,Hungary,True,2024,76,9,67,25.4,68100000.0,21.0,315700000.0,4.399999999999999,-247600000.0,2,4,7,-3
2024-09-09,Norway,Austria,2.0,1.0,UEFA Nations League,Oslo,Norway,False,2024,43,22,21,26.8,589900000.0,28.6,245200000.0,-1.8000000000000007,344700000.0,1,8,7,1
2024-09-09,Slovenia,Kazakhstan,3.0,0.0,UEFA Nations League,Ljubljana,Slovenia,False,2024,55,110,-55,26.6,100500000.0,26.0,16300000.0,0.6000000000000014,84200000.0,1,5,7,-2
2024-09-09,Montenegro,Wales,1.0,2.0,UEFA Nations League,Nikšić,Montenegro,False,2024,73,29,44,27.9,68550000.0,26.6,180650000.0,1.2999999999999972,-112100000.0,2,6,7,-1
2024-09-09,Turkey,Iceland,3.0,1.0,UEFA Nations League,Izmir,Turkey,False,2024,28,70,-42,27.7,473700000.0,27.7,89100000.0,0.0,384600000.0,1,7,6,1
2024-09-09,Cyprus,Kosovo,0.0,4.0,UEFA Nations League,Larnaca,Cyprus,False,2024,130,99,31,26.8,19900000.0,26.5,147480000.0,0.3000000000000007,-127580000.0,2,3,7,-4
2024-09-09,Romania,Lithuania,3.0,1.0,UEFA Nations League,Bucharest,Romania,False,2024,38,142,-104,26.0,56950000.0,26.3,16180000.0,-0.3000000000000007,40770000.0,1,7,10,-3
2024-09-09,Samoa,Tonga,2.0,1.0,FIFA World Cup qualification,Apia,Samoa,False,2024,192,199,-7,24.5,225000.0,23.9,10000.0,0.6000000000000014,215000.0,1,6,6,0
2024-09-10,Cambodia,Sri Lanka,2.0,2.0,AFC Asian Cup qualification,Phnom Penh,Cambodia,False,2024,180,200,-20,26.1,2580000.0,27.2,910000.0,-1.0999999999999979,1670000.0,0,2,6,-4
2024-09-10,Macau,Brunei Darussalam,0.0,1.0,AFC Asian Cup qualification,Taipa,Macau,False,2024,193,184,9,24.6,335000.0,28.5,800000.0,-3.8999999999999986,-465000.0,2,1,6,-5
2024-09-10,Mongolia,Timor-Leste,2.0,0.0,AFC Asian Cup qualification,Ulaanbaatar,Mongolia,False,2024,188,197,-9,25.7,485000.0,23.5,785000.0,2.1999999999999993,-300000.0,1,0,6,-6
2024-09-10,Gabon,Central African Republic,2.0,0.0,African Cup of Nations qualification,Franceville,Gabon,False,2024,84,135,-51,27.6,35280000.0,25.8,8199999.999999999,1.8000000000000007,27080000.0,1,9,12,-3
2024-09-10,Botswana,Egypt,0.0,4.0,African Cup of Nations qualification,Francistown,Botswana,False,2024,136,33,103,30.1,3050000.0,29.1,116480000.0,1.0,-113430000.0,2,6,10,-4
2024-09-10,Cabo Verde,Mauritania,2.0,0.0,African Cup of Nations qualification,Praia,Cabo Verde,False,2024,72,109,-37,29.7,54500000.0,26.9,25350000.0,2.8000000000000007,29150000.0,1,9,6,3
2024-09-10,Rwanda,Nigeria,0.0,0.0,African Cup of Nations qualification,Kigali,Rwanda,False,2024,124,44,80,27.1,6950000.0,26.6,172050000.0,0.5,-165100000.0,0,8,5,3
2024-09-10,Benin,Libya,2.0,1.0,African Cup of Nations qualification,Abidjan,Côte d'Ivoire,True,2024,94,118,-24,26.2,18080000.0,26.6,10130000.0,-0.40000000000000213,7950000.0,1,7,8,-1
2024-09-10,Liberia,Algeria,0.0,3.0,African Cup of Nations qualification,Monrovia,Liberia,False,2024,145,37,108,24.5,14330000.0,26.9,256899999.99999997,-2.3999999999999986,-242569999.99999997,2,9,10,-1
2024-09-10,Zambia,Sierra Leone,3.0,2.0,African Cup of Nations qualification,Ndola,Zambia,False,2024,87,129,-42,26.3,14130000.0,24.3,13330000.0,2.0,800000.0,1,1,6,-5
2024-09-10,Chad,Côte d'Ivoire,0.0,2.0,African Cup of Nations qualification,Yaounde,Cameroon,True,2024,176,46,130,24.3,8550000.0,25.9,522100000.0,-1.5999999999999979,-513550000.0,2,7,13,-6
2024-09-10,Guinea,Tanzania,1.0,2.0,African Cup of Nations qualification,Yamoussoukro,Côte d'Ivoire,True,2024,78,106,-28,24.6,74130000.0,26.3,9030000.0,-1.6999999999999993,65100000.0,2,9,8,1
2024-09-10,Mozambique,Guinea-Bissau,2.0,1.0,African Cup of Nations qualification,Maputo,Mozambique,False,2024,96,120,-24,27.5,1480000.0,26.6,39450000.0,0.8999999999999986,-37970000.0,1,8,5,3
2024-09-10,Eswatini,Mali,0.0,1.0,African Cup of Nations qualification,Mbombela,South Africa,True,2024,159,51,108,26.5,1080000.0,25.6,116550000.0,0.8999999999999986,-115470000.0,2,4,5,-1
2024-09-10,Namibia,Kenya,1.0,2.0,African Cup of Nations qualification,Johannesburg,South Africa,True,2024,111,108,3,27.3,2080000.0,23.8,3300000.0,3.5,-1220000.0,2,3,6,-3
2024-09-10,South Sudan,South Africa,2.0,3.0,African Cup of Nations qualification,Juba,South Sudan,False,2024,170,57,113,25.3,1600000.0,26.8,49250000.0,-1.5,-47650000.0,2,3,7,-4
2024-09-10,Burkina Faso,Malawi,3.0,1.0,African Cup of Nations qualification,Bamako,Mali,True,2024,66,131,-65,25.0,110500000.0,26.4,1950000.0,-1.3999999999999986,108550000.0,1,2,6,-4
2024-09-10,Cuba,Nicaragua,1.0,1.0,CONCACAF Nations League,Santiago,Cuba,False,2024,163,133,30,24.0,2600000.0,25.6,3780000.0,-1.6000000000000014,-1180000.0,0,5,13,-8
2024-09-10,Honduras,Jamaica,1.0,2.0,CONCACAF Nations League,Tegucigalpa,Honduras,False,2024,75,62,13,25.4,20930000.0,23.1,9050000.0,2.299999999999997,11880000.0,2,9,4,5
2024-09-10,Dominican Republic,Dominica,2.0,0.0,CONCACAF Nations League,Piggotts,Antigua and Barbuda,True,2024,141,183,-42,25.5,12830000.0,25.8,,-0.3000000000000007,,1,7,9,-2
2024-09-10,Antigua and Barbuda,Bermuda,0.0,1.0,CONCACAF Nations League,Piggotts,Antigua and Barbuda,False,2024,161,166,-5,23.2,650000.0,27.4,375000.0,-4.199999999999999,275000.0,2,1,4,-3
2024-09-10,US Virgin Islands,Barbados,0.0,3.0,CONCACAF Nations League,Saint Croix,US Virgin Islands,False,2024,208,177,31,24.7,125000.0,24.6,200000.0,0.09999999999999787,-75000.0,2,3,3,0
2024-09-10,Belize,Anguilla,1.0,0.0,CONCACAF Nations League,Providenciales,Turks and Caicos Islands,True,2024,178,209,-31,27.0,350000.0,25.4,,1.6000000000000014,,1,4,5,-1
2024-09-10,St Kitts and Nevis,British Virgin Islands,2.0,0.0,CONCACAF Nations League,George Town,Cayman Islands,True,2024,144,207,-63,27.4,575000.0,22.3,,5.099999999999998,,1,7,2,5
2024-09-10,Hungary,Bosnia and Herzegovina,0.0,0.0,UEFA Nations League,Budapest,Hungary,False,2024,30,74,-44,25.7,209200000.0,26.4,151600000.0,-0.6999999999999993,57600000.0,0,6,0,6
2024-09-10,Netherlands,Germany,2.0,2.0,UEFA Nations League,Amsterdam,Netherlands,False,2024,7,10,-3,27.8,754200000.0,28.1,947000000.0,-0.3000000000000007,-192800000.0,0,9,10,-1
2024-09-10,Albania,Georgia,0.0,1.0,UEFA Nations League,Tirana,Albania,False,2024,65,68,-3,27.4,88800000.0,26.3,260600000.00000003,1.0999999999999979,-171800000.00000003,2,5,7,-2
2024-09-10,Czechia,Ukraine,3.0,2.0,UEFA Nations League,Prague,Czechia,False,2024,42,25,17,27.6,188180000.0,26.6,247000000.0,1.0,-58820000.0,1,4,7,-3
2024-09-10,England,Finland,2.0,0.0,UEFA Nations League,London,England,False,2024,4,69,-65,27.2,1360000000.0,26.1,41850000.0,1.0999999999999979,1318150000.0,1,10,6,4
2024-09-10,Republic of Ireland,Greece,0.0,2.0,UEFA Nations League,Dublin,Republic of Ireland,False,2024,60,39,21,24.9,146850000.0,26.3,275600000.0,-1.4000000000000021,-128750000.0,2,3,8,-5
2024-09-10,Latvia,Faroe Islands,1.0,0.0,UEFA Nations League,Riga,Latvia,False,2024,140,137,3,27.0,8230000.0,27.5,5100000.0,-0.5,3130000.0,1,3,2,1
2024-09-10,North Macedonia,Armenia,2.0,0.0,UEFA Nations League,Skopje,North Macedonia,False,2024,67,100,-33,27.8,34450000.0,26.0,42230000.0,1.8000000000000007,-7780000.0,1,5,4,1
2024-09-10,Andorra,Malta,0.0,1.0,UEFA Nations League,Andorra la Vella,Andorra,False,2024,171,168,3,29.1,3710000.0,27.1,14950000.0,2.0,-11240000.0,2,1,0,1
2024-09-10,Colombia,Argentina,2.0,1.0,FIFA World Cup qualification,Barranquilla,Colombia,False,2024,12,1,11,30.1,302350000.0,29.1,807500000.0,1.0,-505150000.0,1,8,13,-5
2024-09-10,Ecuador,Peru,1.0,0.0,FIFA World Cup qualification,Quito,Ecuador,False,2024,24,40,-16,26.1,368700000.0,27.1,30580000.0,-1.0,338120000.0,1,5,3,2
2024-09-10,Chile,Bolivia,1.0,2.0,FIFA World Cup qualification,Santiago,Chile,False,2024,50,79,-29,25.9,66800000.0,23.8,18050000.0,2.099999999999998,48750000.0,2,2,6,-4
2024-09-10,Venezuela,Uruguay,0.0,0.0,FIFA World Cup qualification,Maturín,Venezuela,False,2024,47,11,36,25.6,79000000.0,28.8,359300000.0,-3.1999999999999993,-280300000.0,0,10,6,4
2024-09-10,Paraguay,Brazil,1.0,0.0,FIFA World Cup qualification,Asunción,Paraguay,False,2024,53,5,48,29.1,153650000.0,29.4,928200000.0,-0.29999999999999716,-774550000.0,1,1,9,-8
2024-09-10,Korea DPR,Qatar,2.0,2.0,FIFA World Cup qualification,Vientiane,Laos,True,2024,115,48,67,25.9,6850000.0,29.5,19930000.0,-3.6000000000000014,-13080000.0,0,9,10,-1
2024-09-10,Kyrgyz Republic,Uzbekistan,2.0,3.0,FIFA World Cup qualification,Bishkek,Kyrgyz Republic,False,2024,107,58,49,26.1,7050000.0,28.5,85330000.0,-2.3999999999999986,-78280000.0,2,8,13,-5
2024-09-10,United Arab Emirates,IR Iran,0.0,1.0,FIFA World Cup qualification,Al Ain,United Arab Emirates,False,2024,63,18,45,26.7,29050000.0,30.4,32049999.999999996,-3.6999999999999993,-2999999.9999999963,2,13,13,0
2024-09-10,Oman,Korea Republic,1.0,3.0,FIFA World Cup qualification,Muscat,Oman,False,2024,80,23,57,28.7,8330000.0,28.1,139050000.0,0.5999999999999979,-130720000.0,2,10,11,-1
2024-09-10,Kuwait,Iraq,0.0,0.0,FIFA World Cup qualification,Kuwait City,Kuwait,False,2024,134,56,78,28.4,4230000.0,26.9,21200000.0,1.5,-16970000.0,0,5,15,-10
2024-09-10,Palestine,Jordan,1.0,3.0,FIFA World Cup qualification,Kuala Lumpur,Malaysia,True,2024,101,64,37,26.8,10280000.0,28.5,20300000.0,-1.6999999999999993,-10020000.0,2,8,13,-5
2024-09-10,Bahrain,Japan,0.0,5.0,FIFA World Cup qualification,Riffa,Bahrain,False,2024,81,15,66,29.6,6150000.0,27.8,270850000.0,1.8000000000000007,-264700000.0,2,11,12,-1
2024-09-10,Indonesia,Australia,0.0,0.0,FIFA World Cup qualification,Jakarta,Indonesia,False,2024,127,26,101,25.7,19550000.0,27.4,77450000.0,-1.6999999999999993,-57900000.0,0,10,12,-2
2024-09-10,China,Saudi Arabia,1.0,2.0,FIFA World Cup qualification,Dalian,China,False,2024,90,59,31,27.9,14330000.0,28.5,40680000.0,-0.6000000000000014,-26350000.0,2,5,8,-3
2024-09-10,Zimbabwe,Cameroon,0.0,0.0,African Cup of Nations qualification,Kampala,Uganda,True,2024,121,49,72,26.0,25330000.0,23.7,198700000.0,2.3000000000000007,-173370000.0,0,3,10,-7
2024-10-08,Brunei Darussalam,Timor-Leste,0.0,1.0,ASEAN Championship qualification,Bandar Seri Begawan,Brunei Darussalam,False,2024,184,197,-13,28.5,800000.0,23.5,785000.0,5.0,15000.0,2,9,6,3
2024-10-09,Barbados,US Virgin Islands,5.0,0.0,CONCACAF Nations League,Bridgetown,Barbados,False,2024,177,208,-31,24.6,200000.0,24.7,125000.0,-0.09999999999999787,75000.0,1,6,3,3
2024-10-09,Belize,Anguilla,1.0,0.0,CONCACAF Nations League,Belmopan,Belize,False,2024,178,209,-31,27.0,350000.0,25.4,,1.6000000000000014,,1,6,4,2
2024-10-09,St Kitts and Nevis,British Virgin Islands,3.0,1.0,CONCACAF Nations League,Basseterre,St Kitts and Nevis,False,2024,144,207,-63,27.4,575000.0,22.3,,5.099999999999998,,1,10,1,9
2024-10-10,Cabo Verde,Botswana,0.0,1.0,African Cup of Nations qualification,Praia,Cabo Verde,False,2024,72,136,-64,29.7,54500000.0,30.1,3050000.0,-0.40000000000000213,51450000.0,2,9,6,3
2024-10-10,Algeria,Togo,5.0,1.0,African Cup of Nations qualification,Annaba,Algeria,False,2024,37,119,-82,26.9,256899999.99999997,25.7,27800000.0,1.1999999999999993,229099999.99999997,1,10,4,6
2024-10-10,Ghana,Sudan,0.0,0.0,African Cup of Nations qualification,Accra,Ghana,False,2024,77,113,-36,26.8,234600000.0,29.2,3280000.0,-2.3999999999999986,231320000.0,0,8,12,-4
2024-10-10,Congo DR,Tanzania,1.0,0.0,African Cup of Nations qualification,Kinshasa,Congo DR,False,2024,61,106,-45,29.1,143900000.0,26.3,9030000.0,2.8000000000000007,134870000.0,1,11,10,1
2024-10-10,Namibia,Zimbabwe,0.0,1.0,African Cup of Nations qualification,Johannesburg,South Africa,True,2024,111,121,-10,27.3,2080000.0,26.0,25330000.0,1.3000000000000007,-23250000.0,2,2,3,-1
2024-10-10,Burkina Faso,Burundi,4.0,1.0,African Cup of Nations qualification,Ebimpé,Côte d'Ivoire,True,2024,66,139,-73,25.0,110500000.0,26.6,10930000.0,-1.6000000000000014,99570000.0,1,5,7,-2
2024-10-10,Cuba,Trinidad and Tobago,2.0,2.0,CONCACAF Nations League,Santiago,Cuba,False,2024,163,102,61,24.0,2600000.0,26.3,2150000.0,-2.3000000000000007,450000.0,0,5,7,-2
2024-10-10,Nicaragua,Jamaica,0.0,2.0,CONCACAF Nations League,Managua,Nicaragua,False,2024,133,62,71,25.6,3780000.0,23.1,9050000.0,2.5,-5270000.0,2,11,4,7
2024-10-10,St Vincent and the Grenadines,El Salvador,2.0,3.0,CONCACAF Nations League,Kingstown,St Vincent and the Grenadines,False,2024,173,83,90,25.3,475000.0,26.8,7130000.0,-1.5,-6655000.0,2,6,7,-1
2024-10-10,Israel,France,1.0,4.0,UEFA Nations League,Budapest,Hungary,True,2024,76,2,74,25.4,68100000.0,27.0,1520000000.0,-1.6000000000000014,-1451900000.0,2,3,7,-4
2024-10-10,Italy,Belgium,2.0,2.0,UEFA Nations League,Rome,Italy,False,2024,9,8,1,21.0,315700000.0,27.6,547500000.0,-6.600000000000001,-231800000.0,0,7,7,0
2024-10-10,England,Greece,1.0,2.0,UEFA Nations League,London,England,False,2024,4,39,-35,27.2,1360000000.0,26.3,275600000.0,0.8999999999999986,1084400000.0,2,10,11,-1
2024-10-10,Finland,Republic of Ireland,1.0,2.0,UEFA Nations League,Helsinki,Finland,False,2024,69,60,9,26.1,41850000.0,24.9,146850000.0,1.2000000000000028,-105000000.0,2,6,3,3
2024-10-10,Austria,Kazakhstan,4.0,0.0,UEFA Nations League,Salzburg,Austria,False,2024,22,110,-88,28.6,245200000.0,26.0,16300000.0,2.6000000000000014,228900000.0,1,7,4,3
2024-10-10,Norway,Slovenia,3.0,0.0,UEFA Nations League,Oslo,Norway,False,2024,43,55,-12,26.8,589900000.0,26.6,100500000.0,0.1999999999999993,489400000.0,1,8,7,1
2024-10-10,Latvia,North Macedonia,0.0,3.0,UEFA Nations League,Riga,Latvia,False,2024,140,67,73,27.0,8230000.0,27.8,34450000.0,-0.8000000000000007,-26220000.0,2,6,5,1
2024-10-10,Faroe Islands,Armenia,2.0,2.0,UEFA Nations League,Tórshavn,Faroe Islands,False,2024,137,100,37,27.5,5100000.0,26.0,42230000.0,1.5,-37130000.0,0,2,4,-2
2024-10-10,Gibraltar,San Marino,1.0,0.0,UEFA Nations League,Gibraltar,Gibraltar,False,2024,196,210,-14,23.7,1840000.0,23.8,1150000.0,-0.10000000000000142,690000.0,1,1,3,-2
2024-10-10,Moldova,Andorra,2.0,0.0,UEFA Nations League,Chișinău,Moldova,False,2024,151,171,-20,25.1,9700000.0,29.1,3710000.0,-4.0,5990000.0,1,8,1,7
2024-10-10,Bolivia,Colombia,1.0,0.0,FIFA World Cup qualification,El Alto,Bolivia,False,2024,79,12,67,23.8,18050000.0,30.1,302350000.0,-6.300000000000001,-284300000.0,1,6,10,-4
2024-10-10,Ecuador,Paraguay,0.0,0.0,FIFA World Cup qualification,Quito,Ecuador,False,2024,24,53,-29,26.1,368700000.0,29.1,153650000.0,-3.0,215050000.0,0,8,4,4
2024-10-10,Venezuela,Argentina,1.0,1.0,FIFA World Cup qualification,Maturín,Venezuela,False,2024,47,1,46,25.6,79000000.0,29.1,807500000.0,-3.5,-728500000.0,0,8,10,-2
2024-10-10,Chile,Brazil,1.0,2.0,FIFA World Cup qualification,Santiago,Chile,False,2024,50,5,45,25.9,66800000.0,29.4,928200000.0,-3.5,-861400000.0,2,2,8,-6
2024-10-10,Papua New Guinea,New Caledonia,1.0,3.0,FIFA World Cup qualification,Suva,Fiji,True,2024,172,152,20,29.6,,28.8,5200000.0,0.8000000000000007,,2,5,10,-5
2024-10-10,Fiji,Solomon Islands,1.0,0.0,FIFA World Cup qualification,Suva,Fiji,False,2024,148,147,1,28.3,2450000.0,25.6,450000.0,2.6999999999999993,2000000.0,1,7,1,6
2024-10-10,Qatar,Kyrgyz Republic,3.0,1.0,FIFA World Cup qualification,Doha,Qatar,False,2024,48,107,-59,29.5,19930000.0,26.1,7050000.0,3.3999999999999986,12880000.0,1,8,5,3
2024-10-10,Uzbekistan,IR Iran,0.0,0.0,FIFA World Cup qualification,Tashkent,Uzbekistan,False,2024,58,18,40,28.5,85330000.0,30.4,32049999.999999996,-1.8999999999999986,53280000.0,0,13,13,0
2024-10-10,United Arab Emirates,Korea DPR,1.0,1.0,FIFA World Cup qualification,Al Ain,United Arab Emirates,False,2024,63,115,-52,26.7,29050000.0,25.9,6850000.0,0.8000000000000007,22200000.0,0,10,7,3
2024-10-10,Jordan,Korea Republic,0.0,2.0,FIFA World Cup qualification,Amman,Jordan,False,2024,64,23,41,28.5,20300000.0,28.1,139050000.0,0.3999999999999986,-118750000.0,2,13,13,0
2024-10-10,Oman,Kuwait,4.0,0.0,FIFA World Cup qualification,Muscat,Oman,False,2024,80,134,-54,28.7,8330000.0,28.4,4230000.0,0.3000000000000007,4100000.0,1,7,6,1
2024-10-10,Iraq,Palestine,1.0,0.0,FIFA World Cup qualification,Basra,Iraq,False,2024,56,101,-45,26.9,21200000.0,26.8,10280000.0,0.09999999999999787,10920000.0,1,13,5,8
2024-10-10,Bahrain,Indonesia,2.0,2.0,FIFA World Cup qualification,Riffa,Bahrain,False,2024,81,127,-46,29.6,6150000.0,25.7,19550000.0,3.900000000000002,-13400000.0,0,8,8,0
2024-10-10,Australia,China,3.0,1.0,FIFA World Cup qualification,Adelaide,Australia,False,2024,26,90,-64,27.4,77450000.0,27.9,14330000.0,-0.5,63120000.0,1,10,4,6
2024-10-10,Saudi Arabia,Japan,0.0,2.0,FIFA World Cup qualification,Jeddah,Saudi Arabia,False,2024,59,15,44,28.5,40680000.0,27.8,270850000.0,0.6999999999999993,-230170000.0,2,8,15,-7
2024-10-11,Madagascar,The Gambia,1.0,1.0,African Cup of Nations qualification,Casablanca,Morocco,True,2024,116,125,-9,28.0,6800000.0,25.2,78780000.0,2.8000000000000007,-71980000.0,0,8,4,4
2024-10-11,Tunisia,Comoros,0.0,1.0,African Cup of Nations qualification,Radès,Tunisia,False,2024,52,103,-51,26.7,69950000.0,23.7,3800000.0,3.0,66150000.0,2,11,8,3
2024-10-11,Gabon,Lesotho,0.0,0.0,African Cup of Nations qualification,Franceville,Gabon,False,2024,84,149,-65,27.6,35280000.0,28.3,575000.0,-0.6999999999999993,34705000.0,0,9,4,5
2024-10-11,Egypt,Mauritania,2.0,0.0,African Cup of Nations qualification,Cairo,Egypt,False,2024,33,109,-76,29.1,116480000.0,26.9,25350000.0,2.200000000000003,91130000.0,1,10,3,7
2024-10-11,Benin,Rwanda,3.0,0.0,African Cup of Nations qualification,Abidjan,Côte d'Ivoire,True,2024,94,124,-30,26.2,18080000.0,27.1,6950000.0,-0.9000000000000021,11130000.0,1,10,8,2
2024-10-11,Nigeria,Libya,1.0,0.0,African Cup of Nations qualification,Uyo,Nigeria,False,2024,44,118,-74,26.6,172050000.0,26.6,10130000.0,0.0,161920000.0,1,5,5,0
2024-10-11,Equatorial Guinea,Liberia,1.0,0.0,African Cup of Nations qualification,Malabo,Equatorial Guinea,False,2024,93,145,-52,26.2,4200000.0,24.5,14330000.0,1.6999999999999993,-10130000.0,1,4,6,-2
2024-10-11,Angola,Niger,2.0,0.0,African Cup of Nations qualification,Luanda,Angola,False,2024,85,122,-37,29.4,46550000.0,26.4,10700000.0,3.0,35850000.0,1,10,4,6
2024-10-11,Zambia,Chad,0.0,0.0,African Cup of Nations qualification,Ndola,Zambia,False,2024,87,176,-89,26.3,14130000.0,24.3,8550000.0,2.0,5580000.0,0,3,4,-1
2024-10-11,Côte d'Ivoire,Sierra Leone,4.0,1.0,African Cup of Nations qualification,San-Pédro,Côte d'Ivoire,False,2024,46,129,-83,25.9,522100000.0,24.3,13330000.0,1.5999999999999979,508770000.0,1,13,5,8
2024-10-11,Mozambique,Eswatini,1.0,1.0,African Cup of Nations qualification,Maputo,Mozambique,False,2024,96,159,-63,27.5,1480000.0,26.5,1080000.0,1.0,400000.0,0,11,1,10
2024-10-11,Mali,Guinea-Bissau,1.0,0.0,African Cup of Nations qualification,Bamako,Mali,False,2024,51,120,-69,25.6,116550000.0,26.6,39450000.0,-1.0,77100000.0,1,5,5,0
2024-10-11,Cameroon,Kenya,4.0,1.0,African Cup of Nations qualification,Douala,Cameroon,False,2024,49,108,-59,23.7,198700000.0,23.8,3300000.0,-0.10000000000000142,195400000.0,1,8,9,-1
2024-10-11,Uganda,South Sudan,1.0,0.0,African Cup of Nations qualification,Kira,Uganda,False,2024,88,170,-82,28.0,8630000.0,25.3,1600000.0,2.6999999999999993,7030000.0,1,10,2,8
2024-10-11,South Africa,Congo,5.0,0.0,African Cup of Nations qualification,Gqeberha,South Africa,False,2024,57,128,-71,26.8,49250000.0,24.6,2550000.0,2.1999999999999993,46700000.0,1,9,4,5
2024-10-11,Senegal,Malawi,4.0,0.0,African Cup of Nations qualification,Diamniadio,Senegal,False,2024,17,131,-114,27.1,478100000.0,26.4,1950000.0,0.7000000000000028,476150000.0,1,9,3,6
2024-10-11,Suriname,Costa Rica,1.0,1.0,CONCACAF Nations League,Paramaribo,Suriname,False,2024,138,54,84,29.1,35930000.0,24.8,28200000.0,4.300000000000001,7730000.0,0,13,8,5
2024-10-11,Guyana,Guatemala,1.0,3.0,CONCACAF Nations League,Leonora,Guyana,False,2024,154,105,49,26.3,1500000.0,25.8,7780000.0,0.5,-6280000.0,2,6,7,-1
2024-10-11,Grenada,Curaçao,0.0,0.0,CONCACAF Nations League,Gros Islet,St Lucia,True,2024,174,91,83,25.4,1750000.0,28.0,25780000.0,-2.6000000000000014,-24030000.0,0,1,9,-8
2024-10-11,Aruba,Haiti,1.0,3.0,CONCACAF Nations League,Oranjestad,Aruba,False,2024,195,86,109,24.3,175000.0,27.6,55900000.0,-3.3000000000000007,-55725000.0,2,7,10,-3
2024-10-11,Bosnia and Herzegovina,Germany,1.0,2.0,UEFA Nations League,Zenica,Bosnia and Herzegovina,False,2024,74,10,64,26.4,151600000.0,28.1,947000000.0,-1.7000000000000028,-795400000.0,2,1,8,-7
2024-10-11,Hungary,Netherlands,1.0,1.0,UEFA Nations League,Budapest,Hungary,False,2024,30,7,23,25.7,209200000.0,27.8,754200000.0,-2.1000000000000014,-545000000.0,0,4,10,-6
2024-10-11,Czechia,Albania,2.0,0.0,UEFA Nations League,Prague,Czechia,False,2024,42,65,-23,27.6,188180000.0,27.4,88800000.0,0.20000000000000284,99380000.0,1,4,4,0
2024-10-11,Ukraine,Georgia,1.0,0.0,UEFA Nations League,Poznań,Poland,True,2024,25,68,-43,26.6,247000000.0,26.3,260600000.00000003,0.3000000000000007,-13600000.00000003,1,4,10,-6
2024-10-11,Iceland,Wales,2.0,2.0,UEFA Nations League,Reykjavík,Iceland,False,2024,70,29,41,27.7,89100000.0,26.6,180650000.0,1.0999999999999979,-91550000.0,0,6,9,-3
2024-10-11,Turkey,Montenegro,1.0,0.0,UEFA Nations League,Tekkeköy,Turkey,False,2024,28,73,-45,27.7,473700000.0,27.9,68550000.0,-0.1999999999999993,405150000.0,1,10,3,7
2024-10-11,Estonia,Azerbaijan,3.0,1.0,UEFA Nations League,Tallinn,Estonia,False,2024,123,117,6,25.5,13930000.0,27.6,19080000.0,-2.1000000000000014,-5150000.0,1,4,4,0
2024-10-11,Slovakia,Sweden,2.0,2.0,UEFA Nations League,Bratislava,Slovakia,False,2024,41,27,14,26.9,59850000.0,27.6,406080000.0,-0.7000000000000028,-346230000.0,0,7,10,-3
2024-10-11,Peru,Uruguay,1.0,0.0,FIFA World Cup qualification,Lima,Peru,False,2024,40,11,29,27.1,30580000.0,28.8,359300000.0,-1.6999999999999993,-328720000.0,1,2,4,-2
2024-10-11,New Zealand,Tahiti,3.0,0.0,FIFA World Cup qualification,Port Vila,Vanuatu,True,2024,89,153,-64,28.1,34350000.0,29.1,60000.0,-1.0,34290000.0,1,13,7,6
2024-10-11,Syria,Tajikistan,1.0,0.0,King's Cup,Songkhla,Thailand,True,2024,95,104,-9,28.0,7930000.0,26.0,7780000.0,2.0,150000.0,1,9,5,4
2024-10-11,Thailand,Philippines,3.0,1.0,King's Cup,Songkhla,Thailand,False,2024,97,150,-53,28.5,6550000.0,26.3,3230000.0,2.1999999999999993,3320000.0,1,5,1,4
2024-10-12,Morocco,Central African Republic,5.0,0.0,African Cup of Nations qualification,Oujda,Morocco,False,2024,14,135,-121,26.6,447700000.0,25.8,8199999.999999999,0.8000000000000007,439500000.0,1,12,9,3
2024-10-12,Guinea,Ethiopia,4.0,1.0,African Cup of Nations qualification,Ebimpé,Côte d'Ivoire,True,2024,78,146,-68,24.6,74130000.0,27.6,2900000.0,-3.0,71230000.0,1,6,3,3
2024-10-12,Antigua and Barbuda,Dominican Republic,0.0,5.0,CONCACAF Nations League,Hamilton,Bermuda,True,2024,161,141,20,23.2,650000.0,25.5,12830000.0,-2.3000000000000007,-12180000.0,2,1,10,-9
2024-10-12,Bermuda,Dominica,6.0,1.0,CONCACAF Nations League,Hamilton,Bermuda,False,2024,166,183,-17,27.4,375000.0,25.8,,1.5999999999999979,,1,4,6,-2
2024-10-12,Bahamas,US Virgin Islands,3.0,1.0,CONCACAF Nations League,Bridgetown,Barbados,True,2024,205,208,-3,21.8,,24.7,125000.0,-2.8999999999999986,,1,1,3,-2
2024-10-12,Turks and Caicos Islands,Anguilla,2.0,1.0,CONCACAF Nations League,Belmopan,Belize,True,2024,206,209,-3,21.9,50000.0,25.4,,-3.5,,1,2,3,-1
2024-10-12,Cayman Islands,British Virgin Islands,1.0,0.0,CONCACAF Nations League,Basseterre,St Kitts and Nevis,True,2024,194,207,-13,25.9,,22.3,,3.599999999999998,,1,6,0,6
2024-10-12,Croatia,Scotland,2.0,1.0,UEFA Nations League,Zagreb,Croatia,False,2024,13,45,-32,28.4,387300000.0,29.2,170250000.0,-0.8000000000000007,217050000.0,1,5,1,4
2024-10-12,Poland,Portugal,1.0,3.0,UEFA Nations League,Warsaw,Poland,False,2024,35,6,29,26.3,231600000.0,28.1,1010000000.0,-1.8000000000000007,-778400000.0,2,4,8,-4
2024-10-12,Serbia,Switzerland,2.0,0.0,UEFA Nations League,Leskovac,Serbia,False,2024,32,20,12,23.0,209500000.0,28.3,332500000.0,-5.300000000000001,-123000000.0,1,3,5,-2
2024-10-12,Spain,Denmark,1.0,0.0,UEFA Nations League,Murcia,Spain,False,2024,3,21,-18,26.8,1220000000.0,25.5,365000000.0,1.3000000000000007,855000000.0,1,13,8,5
2024-10-12,Lithuania,Kosovo,1.0,2.0,UEFA Nations League,Kaunas,Lithuania,False,2024,142,99,43,26.3,16180000.0,26.5,147480000.0,-0.1999999999999993,-131300000.0,2,7,7,0
2024-10-12,Cyprus,Romania,0.0,3.0,UEFA Nations League,Larnaca,Cyprus,False,2024,130,38,92,26.8,19900000.0,26.0,56950000.0,0.8000000000000007,-37050000.0,2,3,7,-4
2024-10-12,Bulgaria,Luxembourg,0.0,0.0,UEFA Nations League,Plovdiv,Bulgaria,False,2024,82,92,-10,25.7,30050000.0,26.2,14700000.0,-0.5,15350000.0,0,9,6,3
2024-10-12,Belarus,Northern Ireland,0.0,0.0,UEFA Nations League,Zalaegerszeg,Hungary,True,2024,98,71,27,26.3,15380000.0,23.8,79900000.0,2.5,-64520000.0,0,11,6,5
2024-10-12,Vanuatu,Samoa,4.0,1.0,FIFA World Cup qualification,Port Vila,Vanuatu,False,2024,164,192,-28,29.7,535000.0,24.5,225000.0,5.199999999999999,310000.0,1,6,6,0
2024-10-13,Burundi,Burkina Faso,0.0,2.0,African Cup of Nations qualification,Abidjan,Côte d'Ivoire,True,2024,139,66,73,26.6,10930000.0,25.0,110500000.0,1.6000000000000014,-99570000.0,2,7,8,-1
2024-10-13,St Vincent and the Grenadines,El Salvador,2.0,1.0,CONCACAF Nations League,Kingstown,St Vincent and the Grenadines,False,2024,173,83,90,25.3,475000.0,26.8,7130000.0,-1.5,-6655000.0,1,6,10,-4
2024-10-13,Finland,England,1.0,3.0,UEFA Nations League,Helsinki,Finland,False,2024,69,4,65,26.1,41850000.0,27.2,1360000000.0,-1.0999999999999979,-1318150000.0,2,3,9,-6
2024-10-13,Greece,Republic of Ireland,2.0,0.0,UEFA Nations League,Piraeus,Greece,False,2024,39,60,-21,26.3,275600000.0,24.9,146850000.0,1.4000000000000021,128750000.0,1,13,6,7
2024-10-13,Kazakhstan,Slovenia,0.0,1.0,UEFA Nations League,Astana,Kazakhstan,False,2024,110,55,55,26.0,16300000.0,26.6,100500000.0,-0.6000000000000014,-84200000.0,2,1,6,-5
2024-10-13,Austria,Norway,5.0,1.0,UEFA Nations League,Linz,Austria,False,2024,22,43,-21,28.6,245200000.0,26.8,589900000.0,1.8000000000000007,-344700000.0,1,7,8,-1
2024-10-13,Faroe Islands,Latvia,1.0,1.0,UEFA Nations League,Tórshavn,Faroe Islands,False,2024,137,140,-3,27.5,5100000.0,27.0,8230000.0,0.5,-3130000.0,0,2,6,-4
2024-10-13,Armenia,North Macedonia,0.0,2.0,UEFA Nations League,Yerevan,Armenia,False,2024,100,67,33,26.0,42230000.0,27.8,34450000.0,-1.8000000000000007,7780000.0,2,5,8,-3
2024-10-13,Liechtenstein,Gibraltar,0.0,0.0,UEFA Nations League,Vaduz,Liechtenstein,False,2024,204,196,8,26.4,625000.0,23.7,1840000.0,2.6999999999999993,-1215000.0,0,1,4,-3
2024-10-13,Malta,Moldova,1.0,0.0,UEFA Nations League,Ta' Qali,Malta,False,2024,168,151,17,27.1,14950000.0,25.1,9700000.0,2.0,5250000.0,1,3,8,-5
2024-10-14,The Gambia,Madagascar,1.0,0.0,African Cup of Nations qualification,El Jadida,Morocco,True,2024,125,116,9,25.2,78780000.0,28.0,6800000.0,-2.8000000000000007,71980000.0,1,5,6,-1
2024-10-14,Liberia,Equatorial Guinea,1.0,2.0,African Cup of Nations qualification,Monrovia,Liberia,False,2024,145,93,52,24.5,14330000.0,26.2,4200000.0,-1.6999999999999993,10130000.0,2,5,7,-2
2024-10-14,Togo,Algeria,0.0,1.0,African Cup of Nations qualification,Lomé,Togo,False,2024,119,37,82,25.7,27800000.0,26.9,256899999.99999997,-1.1999999999999993,-229099999.99999997,2,3,12,-9
2024-10-14,Eswatini,Mozambique,0.0,3.0,African Cup of Nations qualification,Mbombela,South Africa,True,2024,159,96,63,26.5,1080000.0,27.5,1480000.0,-1.0,-400000.0,2,1,11,-10
2024-10-14,Kenya,Cameroon,0.0,1.0,African Cup of Nations qualification,Kampala,Uganda,True,2024,108,49,59,23.8,3300000.0,23.7,198700000.0,0.10000000000000142,-195400000.0,2,6,11,-5
2024-10-14,Zimbabwe,Namibia,3.0,1.0,African Cup of Nations qualification,Johannesburg,South Africa,True,2024,121,111,10,26.0,25330000.0,27.3,2080000.0,-1.3000000000000007,23250000.0,1,5,2,3
2024-10-14,Jamaica,Honduras,0.0,0.0,CONCACAF Nations League,Kingston,Jamaica,False,2024,62,75,-13,23.1,9050000.0,25.4,20930000.0,-2.299999999999997,-11880000.0,0,7,9,-2
2024-10-14,Trinidad and Tobago,Cuba,3.0,1.0,CONCACAF Nations League,Bacolet,Trinidad and Tobago,False,2024,102,163,-61,26.3,2150000.0,24.0,2600000.0,2.3000000000000007,-450000.0,1,5,6,-1
2024-10-14,Curaçao,Grenada,1.0,0.0,CONCACAF Nations League,Gros Islet,St Lucia,True,2024,91,174,-83,28.0,25780000.0,25.4,1750000.0,2.6000000000000014,24030000.0,1,10,2,8
2024-10-14,Aruba,Haiti,3.0,5.0,CONCACAF Nations League,Oranjestad,Aruba,False,2024,195,86,109,24.3,175000.0,27.6,55900000.0,-3.3000000000000007,-55725000.0,2,4,12,-8
2024-10-14,Belgium,France,1.0,2.0,UEFA Nations League,Leuven,Belgium,False,2024,8,2,6,27.6,547500000.0,27.0,1520000000.0,0.6000000000000014,-972500000.0,2,5,7,-2
2024-10-14,Italy,Israel,4.0,1.0,UEFA Nations League,Udine,Italy,False,2024,9,76,-67,21.0,315700000.0,25.4,68100000.0,-4.399999999999999,247600000.0,1,8,3,5
2024-10-14,Bosnia and Herzegovina,Hungary,0.0,2.0,UEFA Nations League,Zenica,Bosnia and Herzegovina,False,2024,74,30,44,26.4,151600000.0,25.7,209200000.0,0.6999999999999993,-57600000.0,2,1,5,-4
2024-10-14,Germany,Netherlands,1.0,0.0,UEFA Nations League,Munich,Germany,False,2024,10,7,3,28.1,947000000.0,27.8,754200000.0,0.3000000000000007,192800000.0,1,10,8,2
2024-10-14,Georgia,Albania,0.0,1.0,UEFA Nations League,Tbilisi,Georgia,False,2024,68,65,3,26.3,260600000.00000003,27.4,88800000.0,-1.0999999999999979,171800000.00000003,2,9,4,5
2024-10-14,Ukraine,Czechia,1.0,1.0,UEFA Nations League,Wrocław,Poland,True,2024,25,42,-17,26.6,247000000.0,27.6,188180000.0,-1.0,58820000.0,0,7,7,0
2024-10-14,Iceland,Turkey,2.0,4.0,UEFA Nations League,Reykjavík,Iceland,False,2024,70,28,42,27.7,89100000.0,27.7,473700000.0,0.0,-384600000.0,2,7,10,-3
2024-10-14,Wales,Montenegro,1.0,0.0,UEFA Nations League,Cardiff,Wales,False,2024,29,73,-44,26.6,180650000.0,27.9,68550000.0,-1.2999999999999972,112100000.0,1,9,3,6
2024-10-14,Azerbaijan,Slovakia,1.0,3.0,UEFA Nations League,Baku,Azerbaijan,False,2024,117,41,76,27.6,19080000.0,26.9,59850000.0,0.7000000000000028,-40770000.0,2,4,8,-4
2024-10-14,Estonia,Sweden,0.0,3.0,UEFA Nations League,Tallinn,Estonia,False,2024,123,27,96,25.5,13930000.0,27.6,406080000.0,-2.1000000000000014,-392150000.0,2,7,10,-3
2024-10-14,Tajikistan,Philippines,0.0,3.0,King's Cup,Songkhla,Thailand,True,2024,104,150,-46,26.0,7780000.0,26.3,3230000.0,-0.3000000000000007,4550000.0,2,4,1,3
2024-10-14,Thailand,Syria,2.0,1.0,King's Cup,Songkhla,Thailand,False,2024,97,95,2,28.5,6550000.0,28.0,7930000.0,0.5,-1380000.0,1,8,9,-1
2024-10-15,Comoros,Tunisia,1.0,1.0,African Cup of Nations qualification,Abidjan,Côte d'Ivoire,True,2024,103,52,51,23.7,3800000.0,26.7,69950000.0,-3.0,-66150000.0,0,8,10,-2
2024-10-15,Lesotho,Gabon,0.0,2.0,African Cup of Nations qualification,Durban,South Africa,True,2024,149,84,65,28.3,575000.0,27.6,35280000.0,0.6999999999999993,-34705000.0,2,4,7,-3
2024-10-15,Morocco,Central African Republic,4.0,0.0,African Cup of Nations qualification,Oujda,Morocco,False,2024,14,135,-121,26.6,447700000.0,25.8,8199999.999999999,0.8000000000000007,439500000.0,1,15,6,9
2024-10-15,Mauritania,Egypt,0.0,1.0,African Cup of Nations qualification,Nouakchott,Mauritania,False,2024,109,33,76,26.9,25350000.0,29.1,116480000.0,-2.200000000000003,-91130000.0,2,3,13,-10
2024-10-15,Botswana,Cabo Verde,1.0,0.0,African Cup of Nations qualification,Francistown,Botswana,False,2024,136,72,64,30.1,3050000.0,29.7,54500000.0,0.40000000000000213,-51450000.0,1,6,6,0
2024-10-15,Rwanda,Benin,2.0,1.0,African Cup of Nations qualification,Kigali,Rwanda,False,2024,124,94,30,27.1,6950000.0,26.2,18080000.0,0.9000000000000021,-11130000.0,1,5,12,-7
2024-10-15,Sudan,Ghana,2.0,0.0,African Cup of Nations qualification,Benghazi,Libya,True,2024,113,77,36,29.2,3280000.0,26.8,234600000.0,2.3999999999999986,-231320000.0,1,10,8,2
2024-10-15,Niger,Angola,0.0,1.0,African Cup of Nations qualification,Casablanca,Morocco,True,2024,122,85,37,26.4,10700000.0,29.4,46550000.0,-3.0,-35850000.0,2,4,13,-9
2024-10-15,Chad,Zambia,0.0,1.0,African Cup of Nations qualification,Yaounde,Cameroon,True,2024,176,87,89,24.3,8550000.0,26.3,14130000.0,-2.0,-5580000.0,2,2,4,-2
2024-10-15,Sierra Leone,Côte d'Ivoire,1.0,0.0,African Cup of Nations qualification,Monrovia,Liberia,True,2024,129,46,83,24.3,13330000.0,25.9,522100000.0,-1.5999999999999979,-508770000.0,1,5,13,-8
2024-10-15,Tanzania,Congo DR,0.0,2.0,African Cup of Nations qualification,Dar es Salaam,Tanzania,False,2024,106,61,45,26.3,9030000.0,29.1,143900000.0,-2.8000000000000007,-134870000.0,2,10,13,-3
2024-10-15,Ethiopia,Guinea,0.0,3.0,African Cup of Nations qualification,Ebimpé,Côte d'Ivoire,True,2024,146,78,68,27.6,2900000.0,24.6,74130000.0,3.0,-71230000.0,2,3,6,-3
2024-10-15,Guinea-Bissau,Mali,0.0,0.0,African Cup of Nations qualification,Bissau,Guinea-Bissau,False,2024,120,51,69,26.6,39450000.0,25.6,116550000.0,1.0,-77100000.0,0,5,8,-3
2024-10-15,South Sudan,Uganda,1.0,2.0,African Cup of Nations qualification,Juba,South Sudan,False,2024,170,88,82,25.3,1600000.0,28.0,8630000.0,-2.6999999999999993,-7030000.0,2,1,10,-9
2024-10-15,Congo,South Africa,1.0,1.0,African Cup of Nations qualification,Brazzaville,Congo,False,2024,128,57,71,24.6,2550000.0,26.8,49250000.0,-2.1999999999999993,-46700000.0,0,3,11,-8
2024-10-15,Malawi,Senegal,0.0,1.0,African Cup of Nations qualification,Lilongwe,Malawi,False,2024,131,17,114,26.4,1950000.0,27.1,478100000.0,-0.7000000000000028,-476150000.0,2,3,11,-8
2024-10-15,Costa Rica,Guatemala,3.0,0.0,CONCACAF Nations League,San José,Costa Rica,False,2024,54,105,-51,24.8,28200000.0,25.8,7780000.0,-1.0,20420000.0,1,6,10,-4
2024-10-15,Suriname,Guyana,5.0,1.0,CONCACAF Nations League,Paramaribo,Suriname,False,2024,138,154,-16,29.1,35930000.0,26.3,1500000.0,2.8000000000000007,34430000.0,1,13,6,7
2024-10-15,Dominican Republic,Antigua and Barbuda,5.0,0.0,CONCACAF Nations League,Hamilton,Bermuda,True,2024,141,161,-20,25.5,12830000.0,23.2,650000.0,2.3000000000000007,12180000.0,1,12,1,11
2024-10-15,Bermuda,Dominica,3.0,2.0,CONCACAF Nations League,Hamilton,Bermuda,False,2024,166,183,-17,27.4,375000.0,25.8,,1.5999999999999979,,1,7,3,4
2024-10-15,Barbados,Bahamas,6.0,2.0,CONCACAF Nations League,Bridgetown,Barbados,False,2024,177,205,-28,24.6,200000.0,21.8,,2.8000000000000007,,1,9,4,5
2024-10-15,Belize,Turks and Caicos Islands,3.0,0.0,CONCACAF Nations League,Belmopan,Belize,False,2024,178,206,-28,27.0,350000.0,21.9,50000.0,5.100000000000001,300000.0,1,9,5,4
2024-10-15,St Kitts and Nevis,Cayman Islands,1.0,1.0,CONCACAF Nations League,Basseterre,St Kitts and Nevis,False,2024,144,194,-50,27.4,575000.0,25.9,,1.5,,0,12,9,3
2024-10-15,Scotland,Portugal,0.0,0.0,UEFA Nations League,Glasgow,Scotland,False,2024,45,6,39,29.2,170250000.0,28.1,1010000000.0,1.0999999999999979,-839750000.0,0,1,11,-10
2024-10-15,Poland,Croatia,3.0,3.0,UEFA Nations League,Warsaw,Poland,False,2024,35,13,22,26.3,231600000.0,28.4,387300000.0,-2.099999999999998,-155700000.0,0,4,8,-4
2024-10-15,Spain,Serbia,3.0,0.0,UEFA Nations League,Cordoba,Spain,False,2024,3,32,-29,26.8,1220000000.0,23.0,209500000.0,3.8000000000000007,1010500000.0,1,13,6,7
2024-10-15,Switzerland,Denmark,2.0,2.0,UEFA Nations League,St. Gallen,Switzerland,False,2024,20,21,-1,28.3,332500000.0,25.5,365000000.0,2.8000000000000007,-32500000.0,0,4,7,-3
2024-10-15,Kosovo,Cyprus,3.0,0.0,UEFA Nations League,Pristina,Kosovo,False,2024,99,130,-31,26.5,147480000.0,26.8,19900000.0,-0.3000000000000007,127580000.0,1,7,3,4
2024-10-15,Lithuania,Romania,1.0,2.0,UEFA Nations League,Kaunas,Lithuania,False,2024,142,38,104,26.3,16180000.0,26.0,56950000.0,0.3000000000000007,-40770000.0,2,4,10,-6
2024-10-15,Northern Ireland,Bulgaria,5.0,0.0,UEFA Nations League,Belfast,Northern Ireland,False,2024,71,82,-11,23.8,79900000.0,25.7,30050000.0,-1.8999999999999986,49850000.0,1,7,9,-2
2024-10-15,Belarus,Luxembourg,1.0,1.0,UEFA Nations League,Zalaegerszeg,Hungary,True,2024,98,92,6,26.3,15380000.0,26.2,14700000.0,0.10000000000000142,680000.0,0,11,4,7
2024-10-15,Colombia,Chile,4.0,0.0,FIFA World Cup qualification,Barranquilla,Colombia,False,2024,12,50,-38,30.1,302350000.0,25.9,66800000.0,4.200000000000003,235550000.0,1,7,1,6
2024-10-15,Paraguay,Venezuela,2.0,1.0,FIFA World Cup qualification,Asunción,Paraguay,False,2024,53,47,6,29.1,153650000.0,25.6,79000000.0,3.5,74650000.0,1,5,6,-1
2024-10-15,Uruguay,Ecuador,0.0,0.0,FIFA World Cup qualification,Montevideo,Uruguay,False,2024,11,24,-13,28.8,359300000.0,26.1,368700000.0,2.6999999999999993,-9400000.0,0,3,6,-3
2024-10-15,Argentina,Bolivia,6.0,0.0,FIFA World Cup qualification,Buenos Aires,Argentina,False,2024,1,79,-78,29.1,807500000.0,23.8,18050000.0,5.300000000000001,789450000.0,1,10,9,1
2024-10-15,Brazil,Peru,4.0,0.0,FIFA World Cup qualification,Brasília,Brazil,False,2024,5,40,-35,29.4,928200000.0,27.1,30580000.0,2.299999999999997,897620000.0,1,8,4,4
2024-10-15,Uzbekistan,United Arab Emirates,1.0,0.0,FIFA World Cup qualification,Tashkent,Uzbekistan,False,2024,58,63,-5,28.5,85330000.0,26.7,29050000.0,1.8000000000000007,56280000.0,1,11,8,3
2024-10-15,IR Iran,Qatar,4.0,1.0,FIFA World Cup qualification,Dubai,United Arab Emirates,True,2024,18,48,-30,30.4,32049999.999999996,29.5,19930000.0,0.8999999999999986,12119999.999999996,1,11,8,3
2024-10-15,Kyrgyz Republic,Korea DPR,1.0,0.0,FIFA World Cup qualification,Bishkek,Kyrgyz Republic,False,2024,107,115,-8,26.1,7050000.0,25.9,6850000.0,0.20000000000000284,200000.0,1,2,8,-6
2024-10-15,Jordan,Oman,4.0,0.0,FIFA World Cup qualification,Amman,Jordan,False,2024,64,80,-16,28.5,20300000.0,28.7,8330000.0,-0.1999999999999993,11970000.0,1,10,7,3
2024-10-15,Palestine,Kuwait,2.0,2.0,FIFA World Cup qualification,Al Rayyan,Qatar,True,2024,101,134,-33,26.8,10280000.0,28.4,4230000.0,-1.5999999999999979,6050000.0,0,2,6,-4
2024-10-15,Korea Republic,Iraq,3.0,2.0,FIFA World Cup qualification,Yongin,Korea Republic,False,2024,23,56,-33,28.1,139050000.0,26.9,21200000.0,1.2000000000000028,117850000.0,1,13,13,0
2024-10-15,Japan,Australia,1.0,1.0,FIFA World Cup qualification,Saitama,Japan,False,2024,15,26,-11,27.8,270850000.0,27.4,77450000.0,0.40000000000000213,193400000.0,0,15,10,5
2024-10-15,China,Indonesia,2.0,1.0,FIFA World Cup qualification,Qingdao,China,False,2024,90,127,-37,27.9,14330000.0,25.7,19550000.0,2.1999999999999993,-5220000.0,1,1,6,-5
2024-10-15,Saudi Arabia,Bahrain,0.0,0.0,FIFA World Cup qualification,Jeddah,Saudi Arabia,False,2024,59,81,-22,28.5,40680000.0,29.6,6150000.0,-1.1000000000000014,34530000.0,0,7,6,1
2024-10-15,Timor-Leste,Brunei Darussalam,0.0,0.0,ASEAN Championship qualification,Chonburi,Thailand,True,2024,197,184,13,23.5,785000.0,28.5,800000.0,-5.0,-15000.0,0,6,9,-3
2024-11-13,Liberia,Togo,1.0,0.0,African Cup of Nations qualification,Monrovia,Liberia,False,2024,145,119,26,24.5,14330000.0,25.7,27800000.0,-1.1999999999999993,-13470000.0,1,4,2,2
2024-11-13,Chad,Sierra Leone,1.0,1.0,African Cup of Nations qualification,Abidjan,Côte d'Ivoire,True,2024,176,129,47,24.3,8550000.0,24.3,13330000.0,0.0,-4780000.0,0,2,5,-3
2024-11-13,Namibia,Cameroon,0.0,0.0,African Cup of Nations qualification,Johannesburg,South Africa,True,2024,111,49,62,27.3,2080000.0,23.7,198700000.0,3.6000000000000014,-196620000.0,0,1,11,-10
2024-11-14,Belgium,Italy,0.0,1.0,UEFA Nations League,Brussels,Belgium,False,2024,8,9,-1,27.6,547500000.0,21.0,315700000.0,6.600000000000001,231800000.0,2,4,10,-6
2024-11-14,France,Israel,0.0,0.0,UEFA Nations League,Paris,France,False,2024,2,76,-74,27.0,1520000000.0,25.4,68100000.0,1.6000000000000014,1451900000.0,0,9,0,9
2024-11-14,Republic of Ireland,Finland,1.0,0.0,UEFA Nations League,Dublin,Republic of Ireland,False,2024,60,69,-9,24.9,146850000.0,26.1,41850000.0,-1.2000000000000028,105000000.0,1,3,0,3
2024-11-14,Greece,England,0.0,3.0,UEFA Nations League,Athens,Greece,False,2024,39,4,35,26.3,275600000.0,27.2,1360000000.0,-0.8999999999999986,-1084400000.0,2,13,9,4
2024-11-14,Kazakhstan,Austria,0.0,2.0,UEFA Nations League,Almaty,Kazakhstan,False,2024,110,22,88,26.0,16300000.0,28.6,245200000.0,-2.6000000000000014,-228900000.0,2,1,7,-6
2024-11-14,Slovenia,Norway,1.0,4.0,UEFA Nations League,Ljubljana,Slovenia,False,2024,55,43,12,26.6,100500000.0,26.8,589900000.0,-0.1999999999999993,-489400000.0,2,8,8,0
2024-11-14,North Macedonia,Latvia,1.0,0.0,UEFA Nations League,Skopje,North Macedonia,False,2024,67,140,-73,27.8,34450000.0,27.0,8230000.0,0.8000000000000007,26220000.0,1,11,7,4
2024-11-14,Armenia,Faroe Islands,0.0,1.0,UEFA Nations League,Yerevan,Armenia,False,2024,100,137,-37,26.0,42230000.0,27.5,5100000.0,-1.5,37130000.0,2,4,3,1
2024-11-14,Montserrat,St Vincent and the Grenadines,1.0,2.0,CONCACAF Nations League,San Salvador,El Salvador,True,2024,181,173,8,24.3,375000.0,25.3,475000.0,-1.0,-100000.0,2,3,6,-3
2024-11-14,St Kitts and Nevis,Cuba,2.0,1.0,CONCACAF Nations League,Basseterre,St Kitts and Nevis,False,2024,144,163,-19,27.4,575000.0,24.0,2600000.0,3.3999999999999986,-2025000.0,1,13,6,7
2024-11-14,Costa Rica,Panama,0.0,1.0,CONCACAF Nations League,San José,Costa Rica,False,2024,54,36,18,24.8,28200000.0,30.5,34550000.0,-5.699999999999999,-6350000.0,2,8,9,-1
2024-11-14,Jamaica,USA,0.0,1.0,CONCACAF Nations League,Kingston,Jamaica,False,2024,62,16,46,23.1,9050000.0,26.9,385650000.0,-3.799999999999997,-376600000.0,2,8,9,-1
2024-11-14,Venezuela,Brazil,1.0,1.0,FIFA World Cup qualification,Maturín,Venezuela,False,2024,47,5,42,25.6,79000000.0,29.4,928200000.0,-3.799999999999997,-849200000.0,0,3,10,-7
2024-11-14,Ecuador,Bolivia,4.0,0.0,FIFA World Cup qualification,Guayaquil,Ecuador,False,2024,24,79,-55,26.1,368700000.0,23.8,18050000.0,2.3000000000000007,350650000.0,1,6,9,-3
2024-11-14,Paraguay,Argentina,2.0,1.0,FIFA World Cup qualification,Asunción,Paraguay,False,2024,53,1,52,29.1,153650000.0,29.1,807500000.0,0.0,-653850000.0,1,8,10,-2
2024-11-14,Solomon Islands,New Caledonia,2.0,3.0,FIFA World Cup qualification,Port Moresby,Papua New Guinea,True,2024,147,152,-5,25.6,450000.0,28.8,5200000.0,-3.1999999999999993,-4750000.0,2,0,13,-13
2024-11-14,Papua New Guinea,Fiji,3.0,3.0,FIFA World Cup qualification,Port Moresby,Papua New Guinea,False,2024,172,148,24,29.6,,28.3,2450000.0,1.3000000000000007,,0,4,7,-3
2024-11-14,Korea DPR,IR Iran,2.0,3.0,FIFA World Cup qualification,Vientiane,Laos,True,2024,115,18,97,25.9,6850000.0,30.4,32049999.999999996,-4.5,-25199999.999999996,2,5,11,-6
2024-11-14,Qatar,Uzbekistan,3.0,2.0,FIFA World Cup qualification,Al Rayyan,Qatar,False,2024,48,58,-10,29.5,19930000.0,28.5,85330000.0,1.0,-65400000.0,1,7,11,-4
2024-11-14,United Arab Emirates,Kyrgyz Republic,3.0,0.0,FIFA World Cup qualification,Abu Dhabi,United Arab Emirates,False,2024,63,107,-44,26.7,29050000.0,26.1,7050000.0,0.5999999999999979,22000000.0,1,5,4,1
2024-11-14,Kuwait,Korea Republic,1.0,3.0,FIFA World Cup qualification,Kuwait City,Kuwait,False,2024,134,23,111,28.4,4230000.0,28.1,139050000.0,0.29999999999999716,-134820000.0,2,6,13,-7
2024-11-14,Iraq,Jordan,0.0,0.0,FIFA World Cup qualification,Basra,Iraq,False,2024,56,64,-8,26.9,21200000.0,28.5,20300000.0,-1.6000000000000014,900000.0,0,10,10,0
2024-11-14,Oman,Palestine,1.0,0.0,FIFA World Cup qualification,Muscat,Oman,False,2024,80,101,-21,28.7,8330000.0,26.8,10280000.0,1.8999999999999986,-1950000.0,1,4,2,2
2024-11-14,Bahrain,China,0.0,1.0,FIFA World Cup qualification,Riffa,Bahrain,False,2024,81,90,-9,29.6,6150000.0,27.9,14330000.0,1.7000000000000028,-8180000.0,2,6,3,3
2024-11-14,Australia,Saudi Arabia,0.0,0.0,FIFA World Cup qualification,Melbourne,Australia,False,2024,26,59,-33,27.4,77450000.0,28.5,40680000.0,-1.1000000000000014,36770000.0,0,8,5,3
2024-11-14,Madagascar,Tunisia,2.0,3.0,African Cup of Nations qualification,Pretoria,South Africa,True,2024,116,52,64,28.0,6800000.0,26.7,69950000.0,1.3000000000000007,-63150000.0,2,3,8,-5
2024-11-14,Lesotho,Central African Republic,1.0,0.0,African Cup of Nations qualification,Bloemfontein,South Africa,True,2024,149,135,14,28.3,575000.0,25.8,8199999.999999999,2.5,-7624999.999999999,1,1,3,-2
2024-11-14,Rwanda,Libya,0.0,1.0,African Cup of Nations qualification,Kigali,Rwanda,False,2024,124,118,6,27.1,6950000.0,26.6,10130000.0,0.5,-3180000.0,2,8,4,4
2024-11-14,Benin,Nigeria,1.0,1.0,African Cup of Nations qualification,Abidjan,Côte d'Ivoire,True,2024,94,44,50,26.2,18080000.0,26.6,172050000.0,-0.40000000000000213,-153970000.0,0,9,8,1
2024-11-14,Equatorial Guinea,Algeria,0.0,0.0,African Cup of Nations qualification,Malabo,Equatorial Guinea,False,2024,93,37,56,26.2,4200000.0,26.9,256899999.99999997,-0.6999999999999993,-252699999.99999997,0,10,15,-5
2024-11-14,Niger,Sudan,4.0,0.0,African Cup of Nations qualification,Lomé,Togo,True,2024,122,113,9,26.4,10700000.0,29.2,3280000.0,-2.8000000000000007,7420000.0,1,4,10,-6
2024-11-14,South Sudan,Congo,3.0,2.0,African Cup of Nations qualification,Juba,South Sudan,False,2024,170,128,42,25.3,1600000.0,24.6,2550000.0,0.6999999999999993,-950000.0,1,0,4,-4
2024-11-14,Burundi,Malawi,0.0,0.0,African Cup of Nations qualification,Abidjan,Côte d'Ivoire,True,2024,139,131,8,26.6,10930000.0,26.4,1950000.0,0.20000000000000284,8980000.0,0,6,0,6
2024-11-14,Burkina Faso,Senegal,0.0,1.0,African Cup of Nations qualification,Bamako,Mali,True,2024,66,17,49,25.0,110500000.0,27.1,478100000.0,-2.1000000000000014,-367600000.0,2,11,13,-2
2024-11-15,Portugal,Poland,5.0,1.0,UEFA Nations League,Porto,Portugal,False,2024,6,35,-29,28.1,1010000000.0,26.3,231600000.0,1.8000000000000007,778400000.0,1,11,5,6
2024-11-15,Scotland,Croatia,1.0,0.0,UEFA Nations League,Glasgow,Scotland,False,2024,45,13,32,29.2,170250000.0,28.4,387300000.0,0.8000000000000007,-217050000.0,1,1,8,-7
2024-11-15,Denmark,Spain,1.0,2.0,UEFA Nations League,Copenhagen,Denmark,False,2024,21,3,18,25.5,365000000.0,26.8,1220000000.0,-1.3000000000000007,-855000000.0,2,7,13,-6
2024-11-15,Switzerland,Serbia,1.0,1.0,UEFA Nations League,Zürich,Switzerland,False,2024,20,32,-12,28.3,332500000.0,23.0,209500000.0,5.300000000000001,123000000.0,0,2,5,-3
2024-11-15,Cyprus,Lithuania,2.0,1.0,UEFA Nations League,Larnaca,Cyprus,False,2024,130,142,-12,26.8,19900000.0,26.3,16180000.0,0.5,3720000.0,1,3,1,2
2024-11-15,Romania,Kosovo,0.0,0.0,UEFA Nations League,Bucharest,Romania,False,2024,38,99,-61,26.0,56950000.0,26.5,147480000.0,-0.5,-90530000.0,0,12,9,3
2024-11-15,Northern Ireland,Belarus,2.0,0.0,UEFA Nations League,Belfast,Northern Ireland,False,2024,71,98,-27,23.8,79900000.0,26.3,15380000.0,-2.5,64520000.0,1,10,9,1
2024-11-15,Luxembourg,Bulgaria,0.0,1.0,UEFA Nations League,Luxembourg,Luxembourg,False,2024,92,82,10,26.2,14700000.0,25.7,30050000.0,0.5,-15350000.0,2,2,6,-4
2024-11-15,San Marino,Gibraltar,1.0,1.0,UEFA Nations League,Serravalle,San Marino,False,2024,210,196,14,23.8,1150000.0,23.7,1840000.0,0.10000000000000142,-690000.0,0,3,5,-2
2024-11-15,St Lucia,Grenada,0.0,4.0,CONCACAF Nations League,Willemstad,Curaçao,True,2024,167,174,-7,23.5,250000.0,25.4,1750000.0,-1.8999999999999986,-1500000.0,2,8,2,6
2024-11-15,Puerto Rico,Aruba,5.0,1.0,CONCACAF Nations League,Mayagüez,Puerto Rico,False,2024,157,195,-38,23.1,825000.0,24.3,175000.0,-1.1999999999999993,650000.0,1,10,1,9
2024-11-15,Barbados,Guyana,1.0,4.0,CONCACAF Nations League,Bridgetown,Barbados,False,2024,177,154,23,24.6,200000.0,26.3,1500000.0,-1.6999999999999993,-1300000.0,2,12,3,9
2024-11-15,Honduras,Mexico,2.0,0.0,CONCACAF Nations League,San Pedro Sula,Honduras,False,2024,75,19,56,25.4,20930000.0,27.9,191850000.0,-2.5,-170920000.0,1,10,7,3
2024-11-15,Suriname,Canada,0.0,1.0,CONCACAF Nations League,Paramaribo,Suriname,False,2024,138,31,107,29.1,35930000.0,27.0,198650000.0,2.1000000000000014,-162720000.0,2,13,6,7
2024-11-15,Peru,Chile,0.0,0.0,FIFA World Cup qualification,Lima,Peru,False,2024,40,50,-10,27.1,30580000.0,25.9,66800000.0,1.2000000000000028,-36220000.0,0,4,1,3
2024-11-15,Uruguay,Colombia,3.0,2.0,FIFA World Cup qualification,Montevideo,Uruguay,False,2024,11,12,-1,28.8,359300000.0,30.1,302350000.0,-1.3000000000000007,56950000.0,1,4,7,-3
2024-11-15,Samoa,Tahiti,0.0,3.0,FIFA World Cup qualification,Hamilton,New Zealand,True,2024,192,153,39,24.5,225000.0,29.1,60000.0,-4.600000000000001,165000.0,2,6,4,2
2024-11-15,New Zealand,Vanuatu,8.0,1.0,FIFA World Cup qualification,Hamilton,New Zealand,False,2024,89,164,-75,28.1,34350000.0,29.7,535000.0,-1.5999999999999979,33815000.0,1,15,9,6
2024-11-15,Indonesia,Japan,0.0,4.0,FIFA World Cup qualification,Jakarta,Indonesia,False,2024,127,15,112,25.7,19550000.0,27.8,270850000.0,-2.1000000000000014,-251300000.0,2,6,13,-7
2024-11-15,The Gambia,Comoros,1.0,2.0,African Cup of Nations qualification,Berkane,Morocco,True,2024,125,103,22,25.2,78780000.0,23.7,3800000.0,1.5,74980000.0,2,5,9,-4
2024-11-15,Gabon,Morocco,1.0,5.0,African Cup of Nations qualification,Franceville,Gabon,False,2024,84,14,70,27.6,35280000.0,26.6,447700000.0,1.0,-412420000.0,2,10,15,-5
2024-11-15,Botswana,Mauritania,1.0,1.0,African Cup of Nations qualification,Francistown,Botswana,False,2024,136,109,27,30.1,3050000.0,26.9,25350000.0,3.200000000000003,-22300000.0,0,9,3,6
2024-11-15,Cabo Verde,Egypt,1.0,1.0,African Cup of Nations qualification,Praia,Cabo Verde,False,2024,72,33,39,29.7,54500000.0,29.1,116480000.0,0.5999999999999979,-61980000.0,0,6,13,-7
2024-11-15,Angola,Ghana,1.0,1.0,African Cup of Nations qualification,Talatona,Angola,False,2024,85,77,8,29.4,46550000.0,26.8,234600000.0,2.599999999999998,-188050000.0,0,13,5,8
2024-11-15,Zambia,Côte d'Ivoire,1.0,0.0,African Cup of Nations qualification,Ndola,Zambia,False,2024,87,46,41,26.3,14130000.0,25.9,522100000.0,0.40000000000000213,-507970000.0,1,7,10,-3
2024-11-15,Eswatini,Guinea-Bissau,1.0,1.0,African Cup of Nations qualification,Mbombela,South Africa,True,2024,159,120,39,26.5,1080000.0,26.6,39450000.0,-0.10000000000000142,-38370000.0,0,1,5,-4
2024-11-15,Mozambique,Mali,0.0,1.0,African Cup of Nations qualification,Maputo,Mozambique,False,2024,96,51,45,27.5,1480000.0,25.6,116550000.0,1.8999999999999986,-115070000.0,2,11,9,2
2024-11-15,Zimbabwe,Kenya,1.0,1.0,African Cup of Nations qualification,Polokwane,South Africa,True,2024,121,108,13,26.0,25330000.0,23.8,3300000.0,2.1999999999999993,22030000.0,0,8,5,3
2024-11-15,Uganda,South Africa,0.0,2.0,African Cup of Nations qualification,Kampala,Uganda,False,2024,88,57,31,28.0,8630000.0,26.8,49250000.0,1.1999999999999993,-40620000.0,2,10,11,-1
2024-11-16,Germany,Bosnia and Herzegovina,7.0,0.0,UEFA Nations League,Freiburg,Germany,False,2024,10,74,-64,28.1,947000000.0,26.4,151600000.0,1.7000000000000028,795400000.0,1,10,1,9
2024-11-16,Netherlands,Hungary,4.0,0.0,UEFA Nations League,Amsterdam,Netherlands,False,2024,7,30,-23,27.8,754200000.0,25.7,209200000.0,2.1000000000000014,545000000.0,1,5,8,-3
2024-11-16,Albania,Czechia,0.0,0.0,UEFA Nations League,Tirana,Albania,False,2024,65,42,23,27.4,88800000.0,27.6,188180000.0,-0.20000000000000284,-99380000.0,0,6,7,-1
2024-11-16,Georgia,Ukraine,1.0,1.0,UEFA Nations League,Batumi,Georgia,False,2024,68,25,43,26.3,260600000.00000003,26.6,247000000.0,-0.3000000000000007,13600000.00000003,0,6,5,1
2024-11-16,Montenegro,Iceland,0.0,2.0,UEFA Nations League,Nikšić,Montenegro,False,2024,73,70,3,27.9,68550000.0,27.7,89100000.0,0.1999999999999993,-20550000.0,2,0,4,-4
2024-11-16,Turkey,Wales,0.0,0.0,UEFA Nations League,Kayseri,Turkey,False,2024,28,29,-1,27.7,473700000.0,26.6,180650000.0,1.0999999999999979,293050000.0,0,10,9,1
2024-11-16,Azerbaijan,Estonia,0.0,0.0,UEFA Nations League,Gabala,Azerbaijan,False,2024,117,123,-6,27.6,19080000.0,25.5,13930000.0,2.1000000000000014,5150000.0,0,1,4,-3
2024-11-16,Sweden,Slovakia,2.0,1.0,UEFA Nations League,Solna,Sweden,False,2024,27,41,-14,27.6,406080000.0,26.9,59850000.0,0.7000000000000028,346230000.0,1,13,10,3
2024-11-16,Andorra,Moldova,0.0,1.0,UEFA Nations League,Andorra la Vella,Andorra,False,2024,171,151,20,29.1,3710000.0,25.1,9700000.0,4.0,-5990000.0,2,1,7,-6
2024-11-16,Bermuda,Antigua and Barbuda,2.0,1.0,CONCACAF Nations League,Santiago de los Caballeros,Dominican Republic,True,2024,166,161,5,27.4,375000.0,23.2,650000.0,4.199999999999999,-275000.0,1,9,0,9
2024-11-16,Dominican Republic,Dominica,6.0,1.0,CONCACAF Nations League,Santiago de los Caballeros,Dominican Republic,False,2024,141,183,-42,25.5,12830000.0,25.8,,-0.3000000000000007,,1,15,3,12
2024-11-16,Ethiopia,Tanzania,0.0,2.0,African Cup of Nations qualification,Kinshasa,Congo DR,True,2024,146,106,40,27.6,2900000.0,26.3,9030000.0,1.3000000000000007,-6130000.0,2,2,7,-5
2024-11-16,Guinea,Congo DR,1.0,0.0,African Cup of Nations qualification,Abidjan,Côte d'Ivoire,True,2024,78,61,17,24.6,74130000.0,29.1,143900000.0,-4.5,-69770000.0,1,6,15,-9
2024-11-17,Israel,Belgium,1.0,0.0,UEFA Nations League,Budapest,Hungary,True,2024,76,8,68,25.4,68100000.0,27.6,547500000.0,-2.200000000000003,-479400000.0,1,1,4,-3
2024-11-17,Italy,France,1.0,3.0,UEFA Nations League,Milan,Italy,False,2024,9,2,7,21.0,315700000.0,27.0,1520000000.0,-6.0,-1204300000.0,2,13,10,3
2024-11-17,England,Republic of Ireland,5.0,0.0,UEFA Nations League,London,England,False,2024,4,60,-56,27.2,1360000000.0,24.9,146850000.0,2.3000000000000007,1213150000.0,1,12,6,6
2024-11-17,Finland,Greece,0.0,2.0,UEFA Nations League,Helsinki,Finland,False,2024,69,39,30,26.1,41850000.0,26.3,275600000.0,-0.1999999999999993,-233750000.0,2,0,12,-12
2024-11-17,Norway,Kazakhstan,5.0,0.0,UEFA Nations League,Oslo,Norway,False,2024,43,110,-67,26.8,589900000.0,26.0,16300000.0,0.8000000000000007,573600000.0,1,10,1,9
2024-11-17,Austria,Slovenia,1.0,1.0,UEFA Nations League,Vienna,Austria,False,2024,22,55,-33,28.6,245200000.0,26.6,100500000.0,2.0,144700000.0,0,10,7,3
2024-11-17,North Macedonia,Faroe Islands,1.0,0.0,UEFA Nations League,Skopje,North Macedonia,False,2024,67,137,-70,27.8,34450000.0,27.5,5100000.0,0.3000000000000007,29350000.0,1,13,6,7
2024-11-17,Latvia,Armenia,1.0,2.0,UEFA Nations League,Riga,Latvia,False,2024,140,100,40,27.0,8230000.0,26.0,42230000.0,1.0,-34000000.0,2,4,4,0
2024-11-17,El Salvador,Montserrat,1.0,0.0,CONCACAF Nations League,San Salvador,El Salvador,False,2024,83,181,-98,26.8,7130000.0,24.3,375000.0,2.5,6755000.0,1,10,0,10
2024-11-17,Fiji,New Caledonia,1.0,1.0,FIFA World Cup qualification,Port Moresby,Papua New Guinea,True,2024,148,152,-4,28.3,2450000.0,28.8,5200000.0,-0.5,-2750000.0,0,8,13,-5
2024-11-17,Papua New Guinea,Solomon Islands,1.0,2.0,FIFA World Cup qualification,Port Moresby,Papua New Guinea,False,2024,172,147,25,29.6,,25.6,450000.0,4.0,,2,5,0,5
2024-11-17,Algeria,Liberia,5.0,1.0,African Cup of Nations qualification,Tizi Ouzou,Algeria,False,2024,37,145,-108,26.9,256899999.99999997,24.5,14330000.0,2.3999999999999986,242569999.99999997,1,13,4,9
2024-11-17,Togo,Equatorial Guinea,3.0,0.0,African Cup of Nations qualification,Lomé,Togo,False,2024,119,93,26,25.7,27800000.0,26.2,4200000.0,-0.5,23600000.0,1,2,8,-6
2024-11-18,Croatia,Portugal,1.0,1.0,UEFA Nations League,Split,Croatia,False,2024,13,6,7,28.4,387300000.0,28.1,1010000000.0,0.29999999999999716,-622700000.0,0,7,13,-6
2024-11-18,Poland,Scotland,1.0,2.0,UEFA Nations League,Warsaw,Poland,False,2024,35,45,-10,26.3,231600000.0,29.2,170250000.0,-2.8999999999999986,61350000.0,2,4,4,0
2024-11-18,Serbia,Denmark,0.0,0.0,UEFA Nations League,Leskovac,Serbia,False,2024,32,21,11,23.0,209500000.0,25.5,365000000.0,-2.5,-155500000.0,0,5,7,-2
2024-11-18,Spain,Switzerland,3.0,2.0,UEFA Nations League,Santa Cruz de Tenerife,Spain,False,2024,3,20,-17,26.8,1220000000.0,28.3,332500000.0,-1.5,887500000.0,1,13,2,11
2024-11-18,Kosovo,Lithuania,1.0,0.0,UEFA Nations League,Pristina,Kosovo,False,2024,99,142,-43,26.5,147480000.0,26.3,16180000.0,0.1999999999999993,131300000.0,1,10,0,10
2024-11-18,Romania,Cyprus,4.0,1.0,UEFA Nations League,Bucharest,Romania,False,2024,38,130,-92,26.0,56950000.0,26.8,19900000.0,-0.8000000000000007,37050000.0,1,13,6,7
2024-11-18,Luxembourg,Northern Ireland,2.0,2.0,UEFA Nations League,Luxembourg,Luxembourg,False,2024,92,71,21,26.2,14700000.0,23.8,79900000.0,2.3999999999999986,-65200000.0,0,2,10,-8
2024-11-18,Bulgaria,Belarus,1.0,1.0,UEFA Nations League,Sofia,Bulgaria,False,2024,82,98,-16,25.7,30050000.0,26.3,15380000.0,-0.6000000000000014,14670000.0,0,8,6,2
2024-11-18,Liechtenstein,San Marino,1.0,3.0,UEFA Nations League,Vaduz,Liechtenstein,False,2024,204,210,-6,26.4,625000.0,23.8,1150000.0,2.599999999999998,-525000.0,2,2,4,-2
2024-11-18,St Lucia,Curaçao,1.0,4.0,CONCACAF Nations League,Gros Islet,St Lucia,False,2024,167,91,76,23.5,250000.0,28.0,25780000.0,-4.5,-25530000.0,2,7,10,-3
2024-11-18,Puerto Rico,Haiti,0.0,3.0,CONCACAF Nations League,Mayagüez,Puerto Rico,False,2024,157,86,71,23.1,825000.0,27.6,55900000.0,-4.5,-55075000.0,2,10,15,-5
2024-11-18,Cuba,St Kitts and Nevis,4.0,0.0,CONCACAF Nations League,Santiago,Cuba,False,2024,163,144,19,24.0,2600000.0,27.4,575000.0,-3.3999999999999986,2025000.0,1,3,13,-10
2024-11-18,Panama,Costa Rica,2.0,2.0,CONCACAF Nations League,Panama City,Panama,False,2024,36,54,-18,30.5,34550000.0,24.8,28200000.0,5.699999999999999,6350000.0,0,9,8,1
2024-11-18,USA,Jamaica,4.0,2.0,CONCACAF Nations League,Saint Louis,USA,False,2024,16,62,-46,26.9,385650000.0,23.1,9050000.0,3.799999999999997,376600000.0,1,9,8,1
2024-11-18,Tahiti,Vanuatu,2.0,0.0,FIFA World Cup qualification,Auckland,New Zealand,True,2024,153,164,-11,29.1,60000.0,29.7,535000.0,-0.5999999999999979,-475000.0,1,6,6,0
2024-11-18,New Zealand,Samoa,8.0,0.0,FIFA World Cup qualification,Auckland,New Zealand,False,2024,89,192,-103,28.1,34350000.0,24.5,225000.0,3.6000000000000014,34125000.0,1,15,6,9
2024-11-18,Tunisia,The Gambia,0.0,1.0,African Cup of Nations qualification,Tunis,Tunisia,False,2024,52,125,-73,26.7,69950000.0,25.2,78780000.0,1.5,-8830000.0,2,10,5,5
2024-11-18,Comoros,Madagascar,1.0,0.0,African Cup of Nations qualification,Al Hoceima,Morocco,True,2024,103,116,-13,23.7,3800000.0,28.0,6800000.0,-4.300000000000001,-3000000.0,1,9,2,7
2024-11-18,Morocco,Lesotho,7.0,0.0,African Cup of Nations qualification,Oujda,Morocco,False,2024,14,149,-135,26.6,447700000.0,28.3,575000.0,-1.6999999999999993,447125000.0,1,15,4,11
2024-11-18,Central African Republic,Gabon,0.0,1.0,African Cup of Nations qualification,Johannesburg,South Africa,True,2024,135,84,51,25.8,8199999.999999999,27.6,35280000.0,-1.8000000000000007,-27080000.0,2,3,7,-4
2024-11-18,Nigeria,Rwanda,1.0,2.0,African Cup of Nations qualification,Uyo,Nigeria,False,2024,44,124,-80,26.6,172050000.0,27.1,6950000.0,-0.5,165100000.0,2,8,5,3
2024-11-18,Libya,Benin,0.0,0.0,African Cup of Nations qualification,Tripoli,Libya,False,2024,118,94,24,26.6,10130000.0,26.2,18080000.0,0.40000000000000213,-7950000.0,0,4,7,-3
2024-11-18,Ghana,Niger,1.0,2.0,African Cup of Nations qualification,Accra,Ghana,False,2024,77,122,-45,26.8,234600000.0,26.4,10700000.0,0.40000000000000213,223900000.0,2,3,4,-1
2024-11-18,Sudan,Angola,0.0,0.0,African Cup of Nations qualification,Benghazi,Libya,True,2024,113,85,28,29.2,3280000.0,29.4,46550000.0,-0.1999999999999993,-43270000.0,0,7,13,-6
2024-11-18,Malawi,Burkina Faso,3.0,0.0,African Cup of Nations qualification,Lilongwe,Malawi,False,2024,131,66,65,26.4,1950000.0,25.0,110500000.0,1.3999999999999986,-108550000.0,1,1,10,-9
2024-11-19,Bosnia and Herzegovina,Netherlands,1.0,1.0,UEFA Nations League,Zenica,Bosnia and Herzegovina,False,2024,74,7,67,26.4,151600000.0,27.8,754200000.0,-1.4000000000000021,-602600000.0,0,1,8,-7
2024-11-19,Hungary,Germany,1.0,1.0,UEFA Nations League,Budapest,Hungary,False,2024,30,10,20,25.7,209200000.0,28.1,947000000.0,-2.400000000000002,-737800000.0,0,5,13,-8
2024-11-19,Albania,Ukraine,1.0,2.0,UEFA Nations League,Tirana,Albania,False,2024,65,25,40,27.4,88800000.0,26.6,247000000.0,0.7999999999999972,-158200000.0,2,7,5,2
2024-11-19,Czechia,Georgia,2.0,1.0,UEFA Nations League,Olomouc,Czechia,False,2024,42,68,-26,27.6,188180000.0,26.3,260600000.00000003,1.3000000000000007,-72420000.00000003,1,8,7,1
2024-11-19,Wales,Iceland,4.0,1.0,UEFA Nations League,Cardiff,Wales,False,2024,29,70,-41,26.6,180650000.0,27.7,89100000.0,-1.0999999999999979,91550000.0,1,9,7,2
2024-11-19,Montenegro,Turkey,3.0,1.0,UEFA Nations League,Podgorica,Montenegro,False,2024,73,28,45,27.9,68550000.0,27.7,473700000.0,0.1999999999999993,-405150000.0,1,0,11,-11
2024-11-19,Slovakia,Estonia,1.0,0.0,UEFA Nations League,Trnava,Slovakia,False,2024,41,123,-82,26.9,59850000.0,25.5,13930000.0,1.3999999999999986,45920000.0,1,10,4,6
2024-11-19,Sweden,Azerbaijan,6.0,0.0,UEFA Nations League,Solna,Sweden,False,2024,27,117,-90,27.6,406080000.0,27.6,19080000.0,0.0,387000000.0,1,13,1,12
2024-11-19,Malta,Andorra,0.0,0.0,UEFA Nations League,Ta' Qali,Malta,False,2024,168,171,-3,27.1,14950000.0,29.1,3710000.0,-2.0,11240000.0,0,6,1,5
2024-11-19,Antigua and Barbuda,Dominica,0.0,0.0,CONCACAF Nations League,Santiago de los Caballeros,Dominican Republic,True,2024,161,183,-22,23.2,650000.0,25.8,,-2.6000000000000014,,0,0,3,-3
2024-11-19,Dominican Republic,Bermuda,6.0,1.0,CONCACAF Nations League,Santiago de los Caballeros,Dominican Republic,False,2024,141,166,-25,25.5,12830000.0,27.4,375000.0,-1.8999999999999986,12455000.0,1,15,12,3
2024-11-19,Guyana,Barbados,5.0,3.0,CONCACAF Nations League,Georgetown,Guyana,False,2024,154,177,-23,26.3,1500000.0,24.6,200000.0,1.6999999999999993,1300000.0,1,6,12,-6
2024-11-19,Canada,Suriname,3.0,0.0,CONCACAF Nations League,Toronto,Canada,False,2024,31,138,-107,27.0,198650000.0,29.1,35930000.0,-2.1000000000000014,162720000.0,1,6,10,-4
2024-11-19,Mexico,Honduras,4.0,0.0,CONCACAF Nations League,Toluca,Mexico,False,2024,19,75,-56,27.9,191850000.0,25.4,20930000.0,2.5,170920000.0,1,4,10,-6
2024-11-19,Bolivia,Paraguay,2.0,2.0,FIFA World Cup qualification,El Alto,Bolivia,False,2024,79,53,26,23.8,18050000.0,29.1,153650000.0,-5.300000000000001,-135600000.0,0,9,11,-2
2024-11-19,Colombia,Ecuador,0.0,1.0,FIFA World Cup qualification,Barranquilla,Colombia,False,2024,12,24,-12,30.1,302350000.0,26.1,368700000.0,4.0,-66350000.0,2,7,8,-1
2024-11-19,Argentina,Peru,1.0,0.0,FIFA World Cup qualification,Buenos Aires,Argentina,False,2024,1,40,-39,29.1,807500000.0,27.1,30580000.0,2.0,776920000.0,1,7,5,2
2024-11-19,Chile,Venezuela,4.0,2.0,FIFA World Cup qualification,Santiago,Chile,False,2024,50,47,3,25.9,66800000.0,25.6,79000000.0,0.29999999999999716,-12200000.0,1,1,3,-2
2024-11-19,Brazil,Uruguay,1.0,1.0,FIFA World Cup qualification,Salvador,Brazil,False,2024,5,11,-6,29.4,928200000.0,28.8,359300000.0,0.5999999999999979,568900000.0,0,10,6,4
2024-11-19,Korea DPR,Uzbekistan,0.0,1.0,FIFA World Cup qualification,Vientiane,Laos,True,2024,115,58,57,25.9,6850000.0,28.5,85330000.0,-2.6000000000000014,-78480000.0,2,2,10,-8
2024-11-19,Kyrgyz Republic,IR Iran,2.0,3.0,FIFA World Cup qualification,Bishkek,Kyrgyz Republic,False,2024,107,18,89,26.1,7050000.0,30.4,32049999.999999996,-4.299999999999997,-24999999.999999996,2,3,13,-10
2024-11-19,United Arab Emirates,Qatar,5.0,0.0,FIFA World Cup qualification,Abu Dhabi,United Arab Emirates,False,2024,63,48,15,26.7,29050000.0,29.5,19930000.0,-2.8000000000000007,9120000.0,1,7,7,0
2024-11-19,Palestine,Korea Republic,1.0,1.0,FIFA World Cup qualification,Amman,Jordan,True,2024,101,23,78,26.8,10280000.0,28.1,139050000.0,-1.3000000000000007,-128770000.0,0,2,13,-11
2024-11-19,Oman,Iraq,0.0,1.0,FIFA World Cup qualification,Muscat,Oman,False,2024,80,56,24,28.7,8330000.0,26.9,21200000.0,1.8000000000000007,-12870000.0,2,6,8,-2
2024-11-19,Kuwait,Jordan,1.0,1.0,FIFA World Cup qualification,Kuwait City,Kuwait,False,2024,134,64,70,28.4,4230000.0,28.5,20300000.0,-0.10000000000000142,-16070000.0,0,3,8,-5
2024-11-19,Bahrain,Australia,2.0,2.0,FIFA World Cup qualification,Riffa,Bahrain,False,2024,81,26,55,29.6,6150000.0,27.4,77450000.0,2.200000000000003,-71300000.0,0,5,6,-1
2024-11-19,Indonesia,Saudi Arabia,2.0,0.0,FIFA World Cup qualification,Jakarta,Indonesia,False,2024,127,59,68,25.7,19550000.0,28.5,40680000.0,-2.8000000000000007,-21130000.0,1,3,6,-3
2024-11-19,China,Japan,1.0,3.0,FIFA World Cup qualification,Xiamen,China,False,2024,90,15,75,27.9,14330000.0,27.8,270850000.0,0.09999999999999787,-256520000.0,2,6,13,-7
2024-11-19,Egypt,Botswana,1.0,1.0,African Cup of Nations qualification,Cairo,Egypt,False,2024,33,136,-103,29.1,116480000.0,30.1,3050000.0,-1.0,113430000.0,0,13,7,6
2024-11-19,Mauritania,Cabo Verde,1.0,0.0,African Cup of Nations qualification,Nouakchott,Mauritania,False,2024,109,72,37,26.9,25350000.0,29.7,54500000.0,-2.8000000000000007,-29150000.0,1,4,4,0
2024-11-19,Côte d'Ivoire,Chad,4.0,0.0,African Cup of Nations qualification,Abidjan,Côte d'Ivoire,False,2024,46,176,-130,25.9,522100000.0,24.3,8550000.0,1.5999999999999979,513550000.0,1,9,3,6
2024-11-19,Sierra Leone,Zambia,0.0,2.0,African Cup of Nations qualification,Monrovia,Liberia,True,2024,129,87,42,24.3,13330000.0,26.3,14130000.0,-2.0,-800000.0,2,5,10,-5
2024-11-19,Congo DR,Ethiopia,1.0,2.0,African Cup of Nations qualification,Kinshasa,Congo DR,False,2024,61,146,-85,29.1,143900000.0,27.6,2900000.0,1.5,141000000.0,2,12,1,11
2024-11-19,Tanzania,Guinea,1.0,0.0,African Cup of Nations qualification,Dar es Salaam,Tanzania,False,2024,106,78,28,26.3,9030000.0,24.6,74130000.0,1.6999999999999993,-65100000.0,1,7,9,-2
2024-11-19,Mali,Eswatini,6.0,0.0,African Cup of Nations qualification,Bamako,Mali,False,2024,51,159,-108,25.6,116550000.0,26.5,1080000.0,-0.8999999999999986,115470000.0,1,11,2,9
2024-11-19,Guinea-Bissau,Mozambique,1.0,2.0,African Cup of Nations qualification,Bissau,Guinea-Bissau,False,2024,120,96,24,26.6,39450000.0,27.5,1480000.0,-0.8999999999999986,37970000.0,2,5,8,-3
2024-11-19,Cameroon,Zimbabwe,2.0,1.0,African Cup of Nations qualification,Yaoundé,Cameroon,False,2024,49,121,-72,23.7,198700000.0,26.0,25330000.0,-2.3000000000000007,173370000.0,1,11,9,2
2024-11-19,Kenya,Namibia,0.0,0.0,African Cup of Nations qualification,Polokwane,South Africa,True,2024,108,111,-3,23.8,3300000.0,27.3,2080000.0,-3.5,1220000.0,0,5,1,4
2024-11-19,South Africa,South Sudan,3.0,0.0,African Cup of Nations qualification,Cape Town,South Africa,False,2024,57,170,-113,26.8,49250000.0,25.3,1600000.0,1.5,47650000.0,1,11,3,8
2024-11-19,Congo,Uganda,0.0,1.0,African Cup of Nations qualification,Brazzaville,Congo,False,2024,128,88,40,24.6,2550000.0,28.0,8630000.0,-3.3999999999999986,-6080000.0,2,4,10,-6
2024-11-19,Senegal,Burundi,2.0,0.0,African Cup of Nations qualification,Dakar,Senegal,False,2024,17,139,-122,27.1,478100000.0,26.6,10930000.0,0.5,467170000.0,1,13,4,9
2024-12-08,Cambodia,Malaysia,2.0,2.0,ASEAN Championship,Phnom Penh,Cambodia,False,2024,180,132,48,26.1,2580000.0,28.6,7600000.0,-2.5,-5020000.0,0,2,10,-8
2024-12-08,Timor-Leste,Thailand,0.0,10.0,ASEAN Championship,Hanoi,Vietnam,True,2024,197,97,100,23.5,785000.0,28.5,6550000.0,-5.0,-5765000.0,2,7,10,-3
2024-12-08,"Hong Kong, China",Mongolia,3.0,0.0,EAFF Championship qualification,Hong Kong,"Hong Kong, China",False,2024,155,188,-33,27.1,3450000.0,25.7,485000.0,1.4000000000000021,2965000.0,1,5,3,2
2024-12-09,Myanmar,Indonesia,0.0,1.0,ASEAN Championship,Yangon,Myanmar,False,2024,169,127,42,26.5,3000000.0,25.7,19550000.0,0.8000000000000007,-16550000.0,2,1,5,-4
2024-12-09,Laos,Vietnam,1.0,4.0,ASEAN Championship,Vientiane,Laos,False,2024,186,114,72,23.2,1320000.0,28.1,6380000.0,-4.900000000000002,-5060000.0,2,4,3,1
2024-12-09,Solomon Islands,Vanuatu,4.0,1.0,MSG Prime Minister's Cup,Honiara,Solomon Islands,False,2024,147,164,-17,25.6,450000.0,29.7,535000.0,-4.099999999999998,-85000.0,1,3,6,-3
2024-12-11,Singapore,Cambodia,2.0,1.0,ASEAN Championship,Singapore,Singapore,False,2024,160,180,-20,28.2,4380000.0,26.1,2580000.0,2.099999999999998,1800000.0,1,1,3,-2
2024-12-11,Malaysia,Timor-Leste,3.0,2.0,ASEAN Championship,Kuala Lumpur,Malaysia,False,2024,132,197,-65,28.6,7600000.0,23.5,785000.0,5.100000000000001,6815000.0,1,11,7,4
2024-12-11,Chinese Taipei,Mongolia,4.0,0.0,EAFF Championship qualification,Hong Kong,"Hong Kong, China",True,2024,165,188,-23,26.4,1920000.0,25.7,485000.0,0.6999999999999993,1435000.0,1,0,3,-3
2024-12-12,Philippines,Myanmar,1.0,1.0,ASEAN Championship,Manila,Philippines,False,2024,150,169,-19,26.3,3230000.0,26.5,3000000.0,-0.1999999999999993,230000.0,0,4,1,3
2024-12-12,Indonesia,Laos,3.0,3.0,ASEAN Championship,Surakarta,Indonesia,False,2024,127,186,-59,25.7,19550000.0,23.2,1320000.0,2.5,18230000.0,0,7,4,3
2024-12-12,Fiji,Vanuatu,1.0,1.0,MSG Prime Minister's Cup,Honiara,Solomon Islands,True,2024,148,164,-16,28.3,2450000.0,29.7,535000.0,-1.3999999999999986,1915000.0,0,9,3,6
2024-12-14,Timor-Leste,Singapore,0.0,3.0,ASEAN Championship,Hanoi,Vietnam,True,2024,197,160,37,23.5,785000.0,28.2,4380000.0,-4.699999999999999,-3595000.0,2,4,4,0
2024-12-14,Thailand,Malaysia,1.0,0.0,ASEAN Championship,Bangkok,Thailand,False,2024,97,132,-35,28.5,6550000.0,28.6,7600000.0,-0.10000000000000142,-1050000.0,1,13,13,0
2024-12-14,Macau,Guam,1.0,2.0,EAFF Championship qualification,Hong Kong,"Hong Kong, China",True,2024,193,203,-10,24.6,335000.0,23.3,240000.0,1.3000000000000007,95000.0,2,1,0,1
2024-12-14,"Hong Kong, China",Chinese Taipei,2.0,1.0,EAFF Championship qualification,Hong Kong,"Hong Kong, China",False,2024,155,165,-10,27.1,3450000.0,26.4,1920000.0,0.7000000000000028,1530000.0,1,8,3,5
2024-12-15,Laos,Philippines,1.0,1.0,ASEAN Championship,Vientiane,Laos,False,2024,186,150,36,23.2,1320000.0,26.3,3230000.0,-3.1000000000000014,-1910000.0,0,2,5,-3
2024-12-15,Vietnam,Indonesia,1.0,0.0,ASEAN Championship,Việt Trì,Vietnam,False,2024,114,127,-13,28.1,6380000.0,25.7,19550000.0,2.400000000000002,-13170000.0,1,6,7,-1
2024-12-15,Papua New Guinea,Fiji,1.0,1.0,MSG Prime Minister's Cup,Honiara,Solomon Islands,True,2024,172,148,24,29.6,,28.3,2450000.0,1.3000000000000007,,0,5,7,-2
2024-12-17,Cambodia,Timor-Leste,2.0,1.0,ASEAN Championship,Phnom Penh,Cambodia,False,2024,180,197,-17,26.1,2580000.0,23.5,785000.0,2.6000000000000014,1795000.0,1,3,4,-1
2024-12-17,Singapore,Thailand,2.0,4.0,ASEAN Championship,Singapore,Singapore,False,2024,160,97,63,28.2,4380000.0,28.5,6550000.0,-0.3000000000000007,-2170000.0,2,6,15,-9
2024-12-17,"Hong Kong, China",Guam,5.0,0.0,EAFF Championship qualification,Hong Kong,"Hong Kong, China",False,2024,155,203,-48,27.1,3450000.0,23.3,240000.0,3.8000000000000007,3210000.0,1,11,3,8
2024-12-18,Myanmar,Laos,3.0,2.0,ASEAN Championship,Yangon,Myanmar,False,2024,169,186,-17,26.5,3000000.0,23.2,1320000.0,3.3000000000000007,1680000.0,1,1,3,-2
2024-12-18,Philippines,Vietnam,1.0,1.0,ASEAN Championship,Manila,Philippines,False,2024,150,114,36,26.3,3230000.0,28.1,6380000.0,-1.8000000000000007,-3150000.0,0,6,9,-3
2024-12-18,Solomon Islands,Papua New Guinea,2.0,3.0,MSG Prime Minister's Cup,Honiara,Solomon Islands,False,2024,147,172,-25,25.6,450000.0,29.6,,-4.0,,2,6,5,1
2024-12-20,Thailand,Cambodia,3.0,2.0,ASEAN Championship,Bangkok,Thailand,False,2024,97,180,-83,28.5,6550000.0,26.1,2580000.0,2.3999999999999986,3970000.0,1,15,6,9
2024-12-20,Malaysia,Singapore,0.0,0.0,ASEAN Championship,Kuala Lumpur,Malaysia,False,2024,132,160,-28,28.6,7600000.0,28.2,4380000.0,0.40000000000000213,3220000.0,0,10,6,4
2024-12-21,Vietnam,Myanmar,5.0,0.0,ASEAN Championship,Việt Trì,Vietnam,False,2024,114,169,-55,28.1,6380000.0,26.5,3000000.0,1.6000000000000014,3380000.0,1,10,4,6
2024-12-21,Indonesia,Philippines,0.0,1.0,ASEAN Championship,Surakarta,Indonesia,False,2024,127,150,-23,25.7,19550000.0,26.3,3230000.0,-0.6000000000000014,16320000.0,2,7,6,1
2024-12-21,Kuwait,Oman,1.0,1.0,Gulf Cup,Kuwait City,Kuwait,False,2024,134,80,54,28.4,4230000.0,28.7,8330000.0,-0.3000000000000007,-4100000.0,0,3,6,-3
2024-12-21,Qatar,United Arab Emirates,1.0,1.0,Gulf Cup,Sulaibikhat,Kuwait,True,2024,48,63,-15,29.5,19930000.0,26.7,29050000.0,2.8000000000000007,-9120000.0,0,7,7,0
2024-12-21,Vanuatu,Papua New Guinea,1.0,2.0,MSG Prime Minister's Cup,Honiara,Solomon Islands,True,2024,164,172,-8,29.7,535000.0,29.6,,0.09999999999999787,,2,4,5,-1
2024-12-21,Solomon Islands,Fiji,1.0,3.0,MSG Prime Minister's Cup,Honiara,Solomon Islands,False,2024,147,148,-1,25.6,450000.0,28.3,2450000.0,-2.6999999999999993,-2000000.0,2,6,7,-1
2024-12-22,Iraq,Yemen,1.0,0.0,Gulf Cup,Sulaibikhat,Kuwait,True,2024,56,158,-102,26.9,21200000.0,26.8,2200000.0,0.09999999999999787,19000000.0,1,8,5,3
2024-12-22,Saudi Arabia,Bahrain,2.0,3.0,Gulf Cup,Kuwait City,Kuwait,True,2024,59,81,-22,28.5,40680000.0,29.6,6150000.0,-1.1000000000000014,34530000.0,2,5,3,2
2024-12-24,Oman,Qatar,2.0,1.0,Gulf Cup,Sulaibikhat,Kuwait,True,2024,80,48,32,28.7,8330000.0,29.5,19930000.0,-0.8000000000000007,-11600000.0,1,7,7,0
2024-12-24,Kuwait,United Arab Emirates,2.0,1.0,Gulf Cup,Kuwait City,Kuwait,False,2024,134,63,71,28.4,4230000.0,26.7,29050000.0,1.6999999999999993,-24820000.0,1,3,8,-5
2024-12-25,Yemen,Saudi Arabia,2.0,3.0,Gulf Cup,Sulaibikhat,Kuwait,True,2024,158,59,99,26.8,2200000.0,28.5,40680000.0,-1.6999999999999993,-38480000.0,2,2,2,0
2024-12-25,Bahrain,Iraq,2.0,0.0,Gulf Cup,Kuwait City,Kuwait,True,2024,81,56,25,29.6,6150000.0,26.9,21200000.0,2.700000000000003,-15050000.0,1,6,10,-4
2024-12-26,Singapore,Vietnam,0.0,2.0,ASEAN Championship,Singapore,Singapore,False,2024,160,114,46,28.2,4380000.0,28.1,6380000.0,0.09999999999999787,-2000000.0,2,7,10,-3
2024-12-27,Philippines,Thailand,2.0,1.0,ASEAN Championship,Manila,Philippines,False,2024,150,97,53,26.3,3230000.0,28.5,6550000.0,-2.1999999999999993,-3320000.0,1,9,15,-6
2024-12-27,Kuwait,Qatar,1.0,1.0,Gulf Cup,Kuwait City,Kuwait,False,2024,134,48,86,28.4,4230000.0,29.5,19930000.0,-1.1000000000000014,-15700000.0,0,6,4,2
2024-12-27,United Arab Emirates,Oman,1.0,1.0,Gulf Cup,Sulaibikhat,Kuwait,True,2024,63,80,-17,26.7,29050000.0,28.7,8330000.0,-2.0,20720000.0,0,7,7,0
2024-12-28,Iraq,Saudi Arabia,1.0,3.0,Gulf Cup,Kuwait City,Kuwait,True,2024,56,59,-3,26.9,21200000.0,28.5,40680000.0,-1.6000000000000014,-19480000.0,2,7,5,2
2024-12-28,Bahrain,Yemen,1.0,2.0,Gulf Cup,Sulaibikhat,Kuwait,True,2024,81,158,-77,29.6,6150000.0,26.8,2200000.0,2.8000000000000007,3950000.0,2,8,2,6
2024-12-29,Vietnam,Singapore,3.0,1.0,ASEAN Championship,Việt Trì,Vietnam,False,2024,114,160,-46,28.1,6380000.0,28.2,4380000.0,-0.09999999999999787,2000000.0,1,13,7,6
2024-12-30,Thailand,Philippines,3.0,1.0,ASEAN Championship,Bangkok,Thailand,False,2024,97,150,-53,28.5,6550000.0,26.3,3230000.0,2.1999999999999993,3320000.0,1,12,9,3
2024-12-31,Oman,Saudi Arabia,2.0,1.0,Gulf Cup,Sulaibikhat,Kuwait,True,2024,80,59,21,28.7,8330000.0,28.5,40680000.0,0.1999999999999993,-32350000.0,1,8,7,1
2024-12-31,Kuwait,Bahrain,0.0,1.0,Gulf Cup,Kuwait City,Kuwait,False,2024,134,81,53,28.4,4230000.0,29.6,6150000.0,-1.2000000000000028,-1920000.0,2,6,7,-1
2025-01-02,Vietnam,Thailand,2.0,1.0,ASEAN Championship,Việt Trì,Vietnam,False,2025,107,96,11,28.1,6380000.0,28.5,6550000.0,-0.3999999999999986,-170000.0,1,13,12,1
2025-01-04,Oman,Bahrain,1.0,2.0,Gulf Cup,Kuwait City,Kuwait,True,2025,79,90,-11,28.7,8330000.0,29.6,6150000.0,-0.9000000000000021,2180000.0,2,8,10,-2
2025-01-04,Burkina Faso,Kenya,1.0,1.0,Mapinduzi Cup,Gombani,Zanzibar,True,2025,62,113,-51,25.0,110500000.0,23.8,3300000.0,1.1999999999999993,107200000.0,0,9,5,4
2025-01-05,Thailand,Vietnam,2.0,3.0,ASEAN Championship,Bangkok,Thailand,False,2025,96,107,-11,28.5,6550000.0,28.1,6380000.0,0.3999999999999986,170000.0,2,9,13,-4
2025-01-07,Tanzania,Kenya,0.0,2.0,Mapinduzi Cup,Gombani,Zanzibar,True,2025,112,113,-1,26.3,9030000.0,23.8,3300000.0,2.5,5730000.0,2,9,3,6
2025-01-09,Tanzania,Burkina Faso,0.0,2.0,Mapinduzi Cup,Gombani,Zanzibar,True,2025,112,62,50,26.3,9030000.0,25.0,110500000.0,1.3000000000000007,-101470000.0,2,6,7,-1
2025-03-19,Eswatini,Cameroon,0.0,0.0,FIFA World Cup qualification,Mbombela,South Africa,True,2025,159,57,102,26.5,1080000.0,23.7,198700000.0,2.8000000000000007,-197620000.0,0,2,11,-9
2025-03-19,Liberia,Tunisia,0.0,1.0,FIFA World Cup qualification,Monrovia,Liberia,False,2025,141,41,100,24.5,14330000.0,26.7,69950000.0,-2.1999999999999993,-55620000.0,2,3,7,-4
2025-03-19,Central African Republic,Madagascar,1.0,4.0,FIFA World Cup qualification,Casablanca,Morocco,True,2025,139,105,34,25.8,8199999.999999999,28.0,6800000.0,-2.1999999999999993,1399999.999999999,2,0,2,-2
2025-03-20,Canada,Mexico,0.0,2.0,CONCACAF Nations League,Inglewood,USA,True,2025,27,15,12,27.0,198650000.0,27.9,191850000.0,-0.8999999999999986,6800000.0,2,8,7,1
2025-03-20,USA,Panama,0.0,1.0,CONCACAF Nations League,Inglewood,USA,False,2025,14,30,-16,26.9,385650000.0,30.5,34550000.0,-3.6000000000000014,351100000.0,2,9,10,-1
2025-03-20,Croatia,France,2.0,0.0,UEFA Nations League,Split,Croatia,False,2025,10,3,7,28.4,387300000.0,27.0,1520000000.0,1.3999999999999986,-1132700000.0,1,8,13,-5
2025-03-20,Denmark,Portugal,1.0,0.0,UEFA Nations League,Copenhagen,Denmark,False,2025,21,6,15,25.5,365000000.0,28.1,1010000000.0,-2.6000000000000014,-645000000.0,1,5,11,-6
2025-03-20,Italy,Germany,1.0,2.0,UEFA Nations League,Milan,Italy,False,2025,12,9,3,21.0,315700000.0,28.1,947000000.0,-7.100000000000001,-631300000.0,2,10,11,-1
2025-03-20,Netherlands,Spain,2.0,2.0,UEFA Nations League,Rotterdam,Netherlands,False,2025,7,1,6,27.8,754200000.0,26.8,1220000000.0,1.0,-465800000.0,0,6,15,-9
2025-03-20,Austria,Serbia,1.0,1.0,UEFA Nations League,Vienna,Austria,False,2025,24,37,-13,28.6,245200000.0,23.0,209500000.0,5.600000000000001,35700000.0,0,10,5,5
2025-03-20,Greece,Scotland,0.0,1.0,UEFA Nations League,Piraeus,Greece,False,2025,46,36,10,26.3,275600000.0,29.2,170250000.0,-2.8999999999999986,105350000.0,2,12,7,5
2025-03-20,Turkey,Hungary,3.0,1.0,UEFA Nations League,Istanbul,Turkey,False,2025,25,40,-15,27.7,473700000.0,25.7,209200000.0,2.0,264500000.0,1,10,6,4
2025-03-20,Ukraine,Belgium,3.0,1.0,UEFA Nations League,Murcia,Spain,True,2025,28,8,20,26.6,247000000.0,27.6,547500000.0,-1.0,-300500000.0,1,8,1,7
2025-03-20,Armenia,Georgia,0.0,3.0,UEFA Nations League,Yerevan,Armenia,False,2025,106,73,33,26.0,42230000.0,26.3,260600000.00000003,-0.3000000000000007,-218370000.00000003,2,4,4,0
2025-03-20,Bulgaria,Republic of Ireland,1.0,2.0,UEFA Nations League,Plovdiv,Bulgaria,False,2025,88,59,29,25.7,30050000.0,24.9,146850000.0,0.8000000000000007,-116800000.0,2,8,6,2
2025-03-20,Kosovo,Iceland,2.0,1.0,UEFA Nations League,Pristina,Kosovo,False,2025,80,74,6,26.5,147480000.0,27.7,89100000.0,-1.1999999999999993,58380000.0,1,13,4,9
2025-03-20,Slovakia,Slovenia,0.0,0.0,UEFA Nations League,Bratislava,Slovakia,False,2025,45,55,-10,26.9,59850000.0,26.6,100500000.0,0.29999999999999716,-40650000.0,0,10,7,3
2025-03-20,Paraguay,Chile,1.0,0.0,FIFA World Cup qualification,Asunción,Paraguay,False,2025,39,52,-13,29.1,153650000.0,25.9,66800000.0,3.200000000000003,86850000.0,1,11,4,7
2025-03-20,Peru,Bolivia,3.0,1.0,FIFA World Cup qualification,Lima,Peru,False,2025,51,76,-25,27.1,30580000.0,23.8,18050000.0,3.3000000000000007,12530000.0,1,4,7,-3
2025-03-20,Brazil,Colombia,2.0,1.0,FIFA World Cup qualification,Brasília,Brazil,False,2025,5,13,-8,29.4,928200000.0,30.1,302350000.0,-0.7000000000000028,625850000.0,1,8,6,2
2025-03-20,IR Iran,United Arab Emirates,2.0,0.0,FIFA World Cup qualification,Tehran,IR Iran,False,2025,20,68,-48,30.4,32049999.999999996,26.7,29050000.0,3.6999999999999993,2999999.9999999963,1,13,8,5
2025-03-20,Uzbekistan,Kyrgyz Republic,1.0,0.0,FIFA World Cup qualification,Tashkent,Uzbekistan,False,2025,50,104,-54,28.5,85330000.0,26.1,7050000.0,2.3999999999999986,78280000.0,1,10,3,7
2025-03-20,Qatar,Korea DPR,5.0,1.0,FIFA World Cup qualification,Al Rayyan,Qatar,False,2025,54,119,-65,29.5,19930000.0,25.9,6850000.0,3.6000000000000014,13080000.0,1,5,2,3
2025-03-20,Korea Republic,Oman,1.0,1.0,FIFA World Cup qualification,Goyang,Korea Republic,False,2025,22,79,-57,28.1,139050000.0,28.7,8330000.0,-0.5999999999999979,130720000.0,0,13,8,5
2025-03-20,Iraq,Kuwait,2.0,2.0,FIFA World Cup qualification,Basra,Iraq,False,2025,58,135,-77,26.9,21200000.0,28.4,4230000.0,-1.5,16970000.0,0,7,6,1
2025-03-20,Jordan,Palestine,3.0,1.0,FIFA World Cup qualification,Amman,Jordan,False,2025,64,95,-31,28.5,20300000.0,26.8,10280000.0,1.6999999999999993,10020000.0,1,8,2,6
2025-03-20,Japan,Bahrain,2.0,0.0,FIFA World Cup qualification,Saitama,Japan,False,2025,18,90,-72,27.8,270850000.0,29.6,6150000.0,-1.8000000000000007,264700000.0,1,13,12,1
2025-03-20,Australia,Indonesia,5.0,1.0,FIFA World Cup qualification,Sydney,Australia,False,2025,26,122,-96,27.4,77450000.0,25.7,19550000.0,1.6999999999999993,57900000.0,1,7,7,0
2025-03-20,Saudi Arabia,China,1.0,0.0,FIFA World Cup qualification,Riyadh,Saudi Arabia,False,2025,60,93,-33,28.5,40680000.0,27.9,14330000.0,0.6000000000000014,26350000.0,1,6,6,0
2025-03-20,Sierra Leone,Guinea-Bissau,3.0,1.0,FIFA World Cup qualification,Monrovia,Liberia,True,2025,120,133,-13,24.3,13330000.0,26.6,39450000.0,-2.3000000000000007,-26120000.0,1,4,2,2
2025-03-20,Zimbabwe,Benin,2.0,2.0,FIFA World Cup qualification,Durban,South Africa,True,2025,129,92,37,26.0,25330000.0,26.2,18080000.0,-0.1999999999999993,7250000.0,0,8,8,0
2025-03-20,Cabo Verde,Mauritius,1.0,0.0,FIFA World Cup qualification,Praia,Cabo Verde,False,2025,67,176,-109,29.7,54500000.0,28.3,800000.0,1.3999999999999986,53700000.0,1,4,4,0
2025-03-20,Libya,Angola,1.0,1.0,FIFA World Cup qualification,Benghazi,Libya,False,2025,111,89,22,26.6,10130000.0,29.4,46550000.0,-2.799999999999997,-36420000.0,0,5,11,-6
2025-03-20,The Gambia,Kenya,3.0,3.0,FIFA World Cup qualification,Ebimpé,Côte d'Ivoire,True,2025,116,113,3,25.2,78780000.0,23.8,3300000.0,1.3999999999999986,75480000.0,0,7,6,1
2025-03-20,Gabon,Seychelles,3.0,0.0,FIFA World Cup qualification,Franceville,Gabon,False,2025,78,203,-125,27.6,35280000.0,24.5,1030000.0,3.1000000000000014,34250000.0,1,10,0,10
2025-03-20,Mozambique,Uganda,3.0,1.0,FIFA World Cup qualification,Cairo,Egypt,True,2025,102,85,17,27.5,1480000.0,28.0,8630000.0,-0.5,-7150000.0,1,10,12,-2
2025-03-20,Malawi,Namibia,0.0,1.0,FIFA World Cup qualification,Lilongwe,Malawi,False,2025,126,118,8,26.4,1950000.0,27.3,2080000.0,-0.9000000000000021,-130000.0,2,4,2,2
2025-03-20,Comoros,Mali,0.0,3.0,FIFA World Cup qualification,Berkane,Morocco,True,2025,109,53,56,23.7,3800000.0,25.6,116550000.0,-1.9000000000000021,-112750000.0,2,11,13,-2
2025-03-21,Belize,Costa Rica,0.0,7.0,Gold Cup qualification,Belmopan,Belize,False,2025,181,49,132,27.0,350000.0,24.8,28200000.0,2.1999999999999993,-27850000.0,2,12,6,6
2025-03-21,Guyana,Guatemala,3.0,2.0,Gold Cup qualification,Wildey,Barbados,True,2025,151,94,57,26.3,1500000.0,25.8,7780000.0,0.5,-6280000.0,1,6,10,-4
2025-03-21,Bermuda,Honduras,3.0,5.0,Gold Cup qualification,Hamilton,Bermuda,False,2025,169,65,104,27.4,375000.0,25.4,20930000.0,2.0,-20555000.0,2,12,7,5
2025-03-21,St Vincent and the Grenadines,Jamaica,1.0,1.0,Gold Cup qualification,Kingstown,St Vincent and the Grenadines,False,2025,171,70,101,25.3,475000.0,23.1,9050000.0,2.1999999999999993,-8575000.0,0,9,7,2
2025-03-21,Cuba,Trinidad and Tobago,1.0,2.0,Gold Cup qualification,Santiago,Cuba,False,2025,166,98,68,24.0,2600000.0,26.3,2150000.0,-2.3000000000000007,450000.0,2,5,8,-3
2025-03-21,Ecuador,Venezuela,2.0,1.0,FIFA World Cup qualification,Quito,Ecuador,False,2025,23,48,-25,26.1,368700000.0,25.6,79000000.0,0.5,289700000.0,1,11,3,8
2025-03-21,Uruguay,Argentina,0.0,1.0,FIFA World Cup qualification,Montevideo,Uruguay,False,2025,16,2,14,28.8,359300000.0,29.1,807500000.0,-0.3000000000000007,-448200000.0,2,6,7,-1
2025-03-21,New Caledonia,Tahiti,3.0,0.0,FIFA World Cup qualification,Wellington,New Zealand,True,2025,150,157,-7,28.8,5200000.0,29.1,60000.0,-0.3000000000000007,5140000.0,1,11,9,2
2025-03-21,New Zealand,Fiji,7.0,0.0,FIFA World Cup qualification,Wellington,New Zealand,False,2025,87,155,-68,28.1,34350000.0,28.3,2450000.0,-0.1999999999999993,31900000.0,1,15,7,8
2025-03-21,Burkina Faso,Djibouti,4.0,1.0,FIFA World Cup qualification,El Jadida,Morocco,True,2025,62,196,-134,25.0,110500000.0,26.3,575000.0,-1.3000000000000007,109925000.0,1,7,2,5
2025-03-21,Ethiopia,Egypt,0.0,2.0,FIFA World Cup qualification,Casablanca,Morocco,True,2025,147,35,112,27.6,2900000.0,29.1,116480000.0,-1.5,-113580000.0,2,3,11,-8
2025-03-21,Congo DR,South Sudan,1.0,0.0,FIFA World Cup qualification,Kinshasa,Congo DR,False,2025,56,168,-112,29.1,143900000.0,25.3,1600000.0,3.8000000000000007,142300000.0,1,9,3,6
2025-03-21,Rwanda,Nigeria,0.0,2.0,FIFA World Cup qualification,Kigali,Rwanda,False,2025,131,38,93,27.1,6950000.0,26.6,172050000.0,0.5,-165100000.0,2,7,8,-1
2025-03-21,South Africa,Lesotho,0.0,3.0,FIFA World Cup qualification,Polokwane,South Africa,False,2025,61,144,-83,26.8,49250000.0,28.3,575000.0,-1.5,48675000.0,2,13,4,9
2025-03-21,Morocco,Niger,2.0,1.0,FIFA World Cup qualification,Oujda,Morocco,False,2025,11,110,-99,26.6,447700000.0,26.4,10700000.0,0.20000000000000284,437000000.0,1,15,7,8
2025-03-21,Burundi,Côte d'Ivoire,0.0,1.0,FIFA World Cup qualification,Meknes,Morocco,True,2025,145,42,103,26.6,10930000.0,25.9,522100000.0,0.7000000000000028,-511170000.0,2,1,9,-8
2025-03-21,Botswana,Algeria,1.0,3.0,FIFA World Cup qualification,Francistown,Botswana,False,2025,138,34,104,30.1,3050000.0,26.9,256899999.99999997,3.200000000000003,-253849999.99999997,2,8,13,-5
2025-03-21,Guinea,Somalia,0.0,0.0,FIFA World Cup qualification,Ebimpé,Côte d'Ivoire,True,2025,81,200,-119,24.6,74130000.0,25.9,760000.0,-1.2999999999999972,73370000.0,0,9,1,8
2025-03-21,Equatorial Guinea,São Tomé and Príncipe,2.0,0.0,FIFA World Cup qualification,Malabo,Equatorial Guinea,False,2025,97,189,-92,26.2,4200000.0,25.8,1430000.0,0.3999999999999986,2770000.0,1,8,2,6
2025-03-21,Ghana,Chad,5.0,0.0,FIFA World Cup qualification,Accra,Ghana,False,2025,72,177,-105,26.8,234600000.0,24.3,8550000.0,2.5,226050000.0,1,3,2,1
2025-03-21,Malta,Finland,0.0,1.0,FIFA World Cup qualification,Ta' Qali,Malta,False,2025,161,75,86,27.1,14950000.0,26.1,41850000.0,1.0,-26900000.0,2,7,0,7
2025-03-21,Poland,Lithuania,1.0,0.0,FIFA World Cup qualification,Warsaw,Poland,False,2025,31,146,-115,26.3,231600000.0,26.3,16180000.0,0.0,215420000.0,1,1,0,1
2025-03-21,Cyprus,San Marino,2.0,0.0,FIFA World Cup qualification,Larnaca,Cyprus,False,2025,128,210,-82,26.8,19900000.0,23.8,1150000.0,3.0,18750000.0,1,3,7,-4
2025-03-21,Romania,Bosnia and Herzegovina,0.0,1.0,FIFA World Cup qualification,Bucharest,Romania,False,2025,47,71,-24,26.0,56950000.0,26.4,151600000.0,-0.3999999999999986,-94650000.0,2,13,2,11
2025-03-21,England,Albania,2.0,0.0,FIFA World Cup qualification,London,England,False,2025,4,63,-59,27.2,1360000000.0,27.4,88800000.0,-0.1999999999999993,1271200000.0,1,12,4,8
2025-03-21,Andorra,Latvia,0.0,1.0,FIFA World Cup qualification,Andorra la Vella,Andorra,False,2025,172,140,32,29.1,3710000.0,27.0,8230000.0,2.1000000000000014,-4520000.0,2,1,4,-3
2025-03-22,Togo,Mauritania,2.0,2.0,FIFA World Cup qualification,Lomé,Togo,False,2025,124,115,9,25.7,27800000.0,26.9,25350000.0,-1.1999999999999993,2450000.0,0,4,4,0
2025-03-22,Sudan,Senegal,0.0,0.0,FIFA World Cup qualification,Benghazi,Libya,True,2025,117,19,98,29.2,3280000.0,27.1,478100000.0,2.099999999999998,-474820000.0,0,5,15,-10
2025-03-22,Moldova,Norway,0.0,5.0,FIFA World Cup qualification,Chișinău,Moldova,False,2025,158,29,129,25.1,9700000.0,26.8,589900000.0,-1.6999999999999993,-580200000.0,2,9,12,-3
2025-03-22,Israel,Estonia,2.0,1.0,FIFA World Cup qualification,Debrecen,Hungary,True,2025,77,130,-53,25.4,68100000.0,25.5,13930000.0,-0.10000000000000142,54170000.0,1,4,4,0
2025-03-22,Liechtenstein,North Macedonia,0.0,3.0,FIFA World Cup qualification,Vaduz,Liechtenstein,False,2025,205,66,139,26.4,625000.0,27.8,34450000.0,-1.4000000000000021,-33825000.0,2,2,15,-13
2025-03-22,Wales,Kazakhstan,3.0,1.0,FIFA World Cup qualification,Cardiff,Wales,False,2025,32,114,-82,26.6,180650000.0,26.0,16300000.0,0.6000000000000014,164350000.0,1,11,0,11
2025-03-22,Montenegro,Gibraltar,3.0,1.0,FIFA World Cup qualification,Nikšić,Montenegro,False,2025,83,202,-119,27.9,68550000.0,23.7,1840000.0,4.199999999999999,66710000.0,1,3,6,-3
2025-03-22,Czechia,Faroe Islands,2.0,1.0,FIFA World Cup qualification,Hradec Králové,Czechia,False,2025,44,125,-81,27.6,188180000.0,27.5,5100000.0,0.10000000000000142,183080000.0,1,11,5,6
2025-03-23,USA,Canada,1.0,2.0,CONCACAF Nations League,Inglewood,USA,False,2025,14,27,-13,26.9,385650000.0,27.0,198650000.0,-0.10000000000000142,187000000.0,2,6,7,-1
2025-03-23,Panama,Mexico,1.0,2.0,CONCACAF Nations League,Inglewood,USA,True,2025,30,15,15,30.5,34550000.0,27.9,191850000.0,2.6000000000000014,-157300000.0,2,10,7,3
2025-03-23,France,Croatia,2.0,0.0,UEFA Nations League,Paris,France,False,2025,3,10,-7,27.0,1520000000.0,28.4,387300000.0,-1.3999999999999986,1132700000.0,1,10,8,2
2025-03-23,Germany,Italy,3.0,3.0,UEFA Nations League,Dortmund,Germany,False,2025,9,12,-3,28.1,947000000.0,21.0,315700000.0,7.100000000000001,631300000.0,0,13,7,6
2025-03-23,Portugal,Denmark,5.0,2.0,UEFA Nations League,Lisbon,Portugal,False,2025,6,21,-15,28.1,1010000000.0,25.5,365000000.0,2.6000000000000014,645000000.0,1,8,5,3
2025-03-23,Spain,Netherlands,3.0,3.0,UEFA Nations League,Valencia,Spain,False,2025,1,7,-6,26.8,1220000000.0,27.8,754200000.0,-1.0,465800000.0,0,13,6,7
2025-03-23,Belgium,Ukraine,3.0,0.0,UEFA Nations League,Genk,Belgium,False,2025,8,28,-20,27.6,547500000.0,26.6,247000000.0,1.0,300500000.0,1,1,11,-10
2025-03-23,Hungary,Turkey,0.0,3.0,UEFA Nations League,Budapest,Hungary,False,2025,40,25,15,25.7,209200000.0,27.7,473700000.0,-2.0,-264500000.0,2,5,10,-5
2025-03-23,Scotland,Greece,0.0,3.0,UEFA Nations League,Glasgow,Scotland,False,2025,36,46,-10,29.2,170250000.0,26.3,275600000.0,2.8999999999999986,-105350000.0,2,10,9,1
2025-03-23,Serbia,Austria,2.0,0.0,UEFA Nations League,Belgrade,Serbia,False,2025,37,24,13,23.0,209500000.0,28.6,245200000.0,-5.600000000000001,-35700000.0,1,6,11,-5
2025-03-23,Georgia,Armenia,6.0,1.0,UEFA Nations League,Tbilisi,Georgia,False,2025,73,106,-33,26.3,260600000.00000003,26.0,42230000.0,0.3000000000000007,218370000.00000003,1,4,4,0
2025-03-23,Iceland,Kosovo,1.0,3.0,UEFA Nations League,Murcia,Spain,True,2025,74,80,-6,27.7,89100000.0,26.5,147480000.0,1.1999999999999993,-58380000.0,2,4,13,-9
2025-03-23,Republic of Ireland,Bulgaria,2.0,1.0,UEFA Nations League,Dublin,Republic of Ireland,False,2025,59,88,-29,24.9,146850000.0,25.7,30050000.0,-0.8000000000000007,116800000.0,1,9,5,4
2025-03-23,Slovenia,Slovakia,1.0,0.0,UEFA Nations League,Ljubljana,Slovenia,False,2025,55,45,10,26.6,100500000.0,26.9,59850000.0,-0.29999999999999716,40650000.0,1,5,8,-3
2025-03-23,Eswatini,Mauritius,3.0,3.0,FIFA World Cup qualification,Mbombela,South Africa,True,2025,159,176,-17,26.5,1080000.0,28.3,800000.0,-1.8000000000000007,280000.0,0,3,4,-1
2025-03-23,Kenya,Gabon,1.0,2.0,FIFA World Cup qualification,Nairobi,Kenya,False,2025,113,78,35,23.8,3300000.0,27.6,35280000.0,-3.8000000000000007,-31980000.0,2,7,10,-3
2025-03-24,New Zealand,New Caledonia,3.0,0.0,FIFA World Cup qualification,Auckland,New Zealand,False,2025,87,150,-63,28.1,34350000.0,28.8,5200000.0,-0.6999999999999993,29150000.0,1,15,11,4
2025-03-24,Guinea-Bissau,Burkina Faso,1.0,2.0,FIFA World Cup qualification,Bissau,Guinea-Bissau,False,2025,133,62,71,26.6,39450000.0,25.0,110500000.0,1.6000000000000014,-71050000.0,2,2,7,-5
2025-03-24,Ethiopia,Djibouti,6.0,1.0,FIFA World Cup qualification,El Jadida,Morocco,True,2025,147,196,-49,27.6,2900000.0,26.3,575000.0,1.3000000000000007,2325000.0,1,3,2,1
2025-03-24,Côte d'Ivoire,The Gambia,1.0,0.0,FIFA World Cup qualification,Abidjan,Côte d'Ivoire,False,2025,42,116,-74,25.9,522100000.0,25.2,78780000.0,0.6999999999999993,443320000.0,1,9,8,1
2025-03-24,Namibia,Equatorial Guinea,1.0,1.0,FIFA World Cup qualification,Johannesburg,South Africa,True,2025,118,97,21,27.3,2080000.0,26.2,4200000.0,1.1000000000000014,-2120000.0,0,5,10,-5
2025-03-24,Liberia,São Tomé and Príncipe,2.0,1.0,FIFA World Cup qualification,Monrovia,Liberia,False,2025,141,189,-48,24.5,14330000.0,25.8,1430000.0,-1.3000000000000007,12900000.0,1,3,2,1
2025-03-24,Tunisia,Malawi,2.0,0.0,FIFA World Cup qualification,Radès,Tunisia,False,2025,41,126,-85,26.7,69950000.0,26.4,1950000.0,0.3000000000000007,68000000.0,1,7,4,3
2025-03-24,Central African Republic,Mali,0.0,0.0,FIFA World Cup qualification,Casablanca,Morocco,True,2025,139,53,86,25.8,8199999.999999999,25.6,116550000.0,0.1999999999999993,-108350000.0,0,0,13,-13
2025-03-24,Madagascar,Ghana,0.0,3.0,FIFA World Cup qualification,Al Hoceima,Morocco,True,2025,105,72,33,28.0,6800000.0,26.8,234600000.0,1.1999999999999993,-227800000.0,2,4,5,-1
2025-03-24,Lithuania,Finland,2.0,2.0,FIFA World Cup qualification,Kaunas,Lithuania,False,2025,146,75,71,26.3,16180000.0,26.1,41850000.0,0.1999999999999993,-25670000.0,0,0,3,-3
2025-03-24,Poland,Malta,2.0,0.0,FIFA World Cup qualification,Warsaw,Poland,False,2025,31,161,-130,26.3,231600000.0,27.1,14950000.0,-0.8000000000000007,216650000.0,1,4,7,-3
2025-03-24,Bosnia and Herzegovina,Cyprus,2.0,1.0,FIFA World Cup qualification,Zenica,Bosnia and Herzegovina,False,2025,71,128,-57,26.4,151600000.0,26.8,19900000.0,-0.40000000000000213,131700000.0,1,4,6,-2
2025-03-24,San Marino,Romania,1.0,5.0,FIFA World Cup qualification,Serravalle,San Marino,False,2025,210,47,163,23.8,1150000.0,26.0,56950000.0,-2.1999999999999993,-55800000.0,2,7,10,-3
2025-03-24,England,Latvia,3.0,0.0,FIFA World Cup qualification,London,England,False,2025,4,140,-136,27.2,1360000000.0,27.0,8230000.0,0.1999999999999993,1351770000.0,1,12,4,8
2025-03-24,Albania,Andorra,3.0,0.0,FIFA World Cup qualification,Tirana,Albania,False,2025,63,172,-109,27.4,88800000.0,29.1,3710000.0,-1.7000000000000028,85090000.0,1,4,1,3
2025-03-25,Tajikistan,Timor-Leste,1.0,0.0,AFC Asian Cup qualification,Dushanbe,Tajikistan,False,2025,101,198,-97,26.0,7780000.0,23.5,785000.0,2.5,6995000.0,1,4,1,3
2025-03-25,Philippines,Maldives,4.0,1.0,AFC Asian Cup qualification,Capas,Philippines,False,2025,136,173,-37,26.3,3230000.0,29.6,675000.0,-3.3000000000000007,2555000.0,1,8,4,4
2025-03-25,Bhutan,Yemen,0.0,0.0,AFC Asian Cup qualification,Thimphu,Bhutan,False,2025,192,149,43,24.9,840000.0,26.8,2200000.0,-1.9000000000000021,-1360000.0,0,3,5,-2
2025-03-25,Lebanon,Brunei Darussalam,5.0,0.0,AFC Asian Cup qualification,Al Wakrah,Qatar,True,2025,108,188,-80,28.9,5550000.0,28.5,800000.0,0.3999999999999986,4750000.0,1,7,10,-3
2025-03-25,India,Bangladesh,0.0,0.0,AFC Asian Cup qualification,Shillong,India,False,2025,142,180,-38,26.8,4000000.0,26.4,7250000.0,0.40000000000000213,-3250000.0,0,2,1,1
2025-03-25,Singapore,"Hong Kong, China",0.0,0.0,AFC Asian Cup qualification,Kallang,Singapore,False,2025,148,153,-5,28.2,4380000.0,27.1,3450000.0,1.0999999999999979,930000.0,0,4,13,-9
2025-03-25,Chinese Taipei,Turkmenistan,1.0,2.0,AFC Asian Cup qualification,Kaohsiung,Chinese Taipei,False,2025,174,137,37,26.4,1920000.0,27.6,2950000.0,-1.2000000000000028,-1030000.0,2,3,2,1
2025-03-25,Thailand,Sri Lanka,1.0,0.0,AFC Asian Cup qualification,Bangkok,Thailand,False,2025,96,194,-98,28.5,6550000.0,27.2,910000.0,1.3000000000000007,5640000.0,1,6,7,-1
2025-03-25,Myanmar,Afghanistan,2.0,1.0,AFC Asian Cup qualification,Yangon,Myanmar,False,2025,163,162,1,26.5,3000000.0,24.8,1080000.0,1.6999999999999993,1920000.0,1,4,5,-1
2025-03-25,Syria,Pakistan,2.0,0.0,AFC Asian Cup qualification,Al Hofuf,Saudi Arabia,True,2025,86,199,-113,28.0,7930000.0,25.7,3540000.0,2.3000000000000007,4390000.0,1,9,0,9
2025-03-25,Vietnam,Laos,5.0,0.0,AFC Asian Cup qualification,Thu Dau Mot,Vietnam,False,2025,107,190,-83,28.1,6380000.0,23.2,1320000.0,4.900000000000002,5060000.0,1,15,2,13
2025-03-25,Malaysia,Nepal,2.0,0.0,AFC Asian Cup qualification,Johor,Malaysia,False,2025,121,182,-61,28.6,7600000.0,27.5,1350000.0,1.1000000000000014,6250000.0,1,8,1,7
2025-03-25,Costa Rica,Belize,6.0,1.0,Gold Cup qualification,San José,Costa Rica,False,2025,49,181,-132,24.8,28200000.0,27.0,350000.0,-2.1999999999999993,27850000.0,1,8,12,-4
2025-03-25,Guatemala,Guyana,2.0,0.0,Gold Cup qualification,Guatemala City,Guatemala,False,2025,94,151,-57,25.8,7780000.0,26.3,1500000.0,-0.5,6280000.0,1,7,9,-2
2025-03-25,Honduras,Bermuda,2.0,0.0,Gold Cup qualification,Tegucigalpa,Honduras,False,2025,65,169,-104,25.4,20930000.0,27.4,375000.0,-2.0,20555000.0,1,7,9,-2
2025-03-25,Jamaica,St Vincent and the Grenadines,3.0,0.0,Gold Cup qualification,Kingston,Jamaica,False,2025,70,171,-101,23.1,9050000.0,25.3,475000.0,-2.1999999999999993,8575000.0,1,5,10,-5
2025-03-25,Trinidad and Tobago,Cuba,4.0,0.0,Gold Cup qualification,Couva,Trinidad and Tobago,False,2025,98,166,-68,26.3,2150000.0,24.0,2600000.0,2.3000000000000007,-450000.0,1,10,4,6
2025-03-25,Bolivia,Uruguay,0.0,0.0,FIFA World Cup qualification,El Alto,Bolivia,False,2025,76,16,60,23.8,18050000.0,28.8,359300000.0,-5.0,-341250000.0,0,4,5,-1
2025-03-25,Colombia,Paraguay,2.0,2.0,FIFA World Cup qualification,Barranquilla,Colombia,False,2025,13,39,-26,30.1,302350000.0,29.1,153650000.0,1.0,148700000.0,0,3,11,-8
2025-03-25,Venezuela,Peru,1.0,0.0,FIFA World Cup qualification,Maturín,Venezuela,False,2025,48,51,-3,25.6,79000000.0,27.1,30580000.0,-1.5,48420000.0,1,2,7,-5
2025-03-25,Argentina,Brazil,4.0,1.0,FIFA World Cup qualification,Buenos Aires,Argentina,False,2025,2,5,-3,29.1,807500000.0,29.4,928200000.0,-0.29999999999999716,-120700000.0,1,10,11,-1
2025-03-25,Chile,Ecuador,0.0,0.0,FIFA World Cup qualification,Santiago,Chile,False,2025,52,23,29,25.9,66800000.0,26.1,368700000.0,-0.20000000000000284,-301900000.0,0,4,11,-7
2025-03-25,IR Iran,Uzbekistan,2.0,2.0,FIFA World Cup qualification,Tehran,IR Iran,False,2025,20,50,-30,30.4,32049999.999999996,28.5,85330000.0,1.8999999999999986,-53280000.0,0,13,10,3
2025-03-25,Kyrgyz Republic,Qatar,3.0,1.0,FIFA World Cup qualification,Bishkek,Kyrgyz Republic,False,2025,104,54,50,26.1,7050000.0,29.5,19930000.0,-3.3999999999999986,-12880000.0,1,3,5,-2
2025-03-25,Korea DPR,United Arab Emirates,1.0,2.0,FIFA World Cup qualification,Riyadh,Saudi Arabia,True,2025,119,68,51,25.9,6850000.0,26.7,29050000.0,-0.8000000000000007,-22200000.0,2,1,5,-4
2025-03-25,Korea Republic,Jordan,1.0,1.0,FIFA World Cup qualification,Suwon,Korea Republic,False,2025,22,64,-42,28.1,139050000.0,28.5,20300000.0,-0.3999999999999986,118750000.0,0,11,8,3
2025-03-25,Kuwait,Oman,0.0,1.0,FIFA World Cup qualification,Kuwait City,Kuwait,False,2025,135,79,56,28.4,4230000.0,28.7,8330000.0,-0.3000000000000007,-4100000.0,2,6,8,-2
2025-03-25,Palestine,Iraq,2.0,1.0,FIFA World Cup qualification,Amman,Jordan,True,2025,95,58,37,26.8,10280000.0,26.9,21200000.0,-0.09999999999999787,-10920000.0,1,2,7,-5
2025-03-25,China,Australia,0.0,2.0,FIFA World Cup qualification,Hangzhou,China,False,2025,93,26,67,27.9,14330000.0,27.4,77450000.0,0.5,-63120000.0,2,6,9,-3
2025-03-25,Japan,Saudi Arabia,0.0,0.0,FIFA World Cup qualification,Saitama,Japan,False,2025,18,60,-42,27.8,270850000.0,28.5,40680000.0,-0.6999999999999993,230170000.0,0,13,9,4
2025-03-25,Indonesia,Bahrain,1.0,0.0,FIFA World Cup qualification,Jakarta,Indonesia,False,2025,122,90,32,25.7,19550000.0,29.6,6150000.0,-3.900000000000002,13400000.0,1,4,9,-5
2025-03-25,Egypt,Sierra Leone,1.0,0.0,FIFA World Cup qualification,Cairo,Egypt,False,2025,35,120,-85,29.1,116480000.0,24.3,13330000.0,4.800000000000001,103150000.0,1,11,7,4
2025-03-25,Mauritania,Congo DR,0.0,2.0,FIFA World Cup qualification,Nouadhibou,Mauritania,False,2025,115,56,59,26.9,25350000.0,29.1,143900000.0,-2.200000000000003,-118550000.0,2,5,9,-4
2025-03-25,Senegal,Togo,2.0,0.0,FIFA World Cup qualification,Diamniadio,Senegal,False,2025,19,124,-105,27.1,478100000.0,25.7,27800000.0,1.4000000000000021,450300000.0,1,13,4,9
2025-03-25,Sudan,South Sudan,1.0,1.0,FIFA World Cup qualification,Benghazi,Libya,True,2025,117,168,-51,29.2,3280000.0,25.3,1600000.0,3.8999999999999986,1680000.0,0,6,3,3
2025-03-25,Benin,South Africa,0.0,2.0,FIFA World Cup qualification,Abidjan,Côte d'Ivoire,True,2025,92,61,31,26.2,18080000.0,26.8,49250000.0,-0.6000000000000014,-31170000.0,2,6,10,-4
2025-03-25,Nigeria,Zimbabwe,1.0,1.0,FIFA World Cup qualification,Uyo,Nigeria,False,2025,38,129,-91,26.6,172050000.0,26.0,25330000.0,0.6000000000000014,146720000.0,0,8,8,0
2025-03-25,Rwanda,Lesotho,1.0,1.0,FIFA World Cup qualification,Kigali,Rwanda,False,2025,131,144,-13,27.1,6950000.0,28.3,575000.0,-1.1999999999999993,6375000.0,0,6,7,-1
2025-03-25,Angola,Cabo Verde,1.0,2.0,FIFA World Cup qualification,Luanda,Angola,False,2025,89,67,22,29.4,46550000.0,29.7,54500000.0,-0.3000000000000007,-7950000.0,2,9,4,5
2025-03-25,Cameroon,Libya,3.0,1.0,FIFA World Cup qualification,Yaounde,Cameroon,False,2025,57,111,-54,23.7,198700000.0,26.6,10130000.0,-2.900000000000002,188570000.0,1,11,5,6
2025-03-25,Morocco,Tanzania,2.0,0.0,FIFA World Cup qualification,Oujda,Morocco,False,2025,11,112,-101,26.6,447700000.0,26.3,9030000.0,0.3000000000000007,438670000.0,1,15,6,9
2025-03-25,Burundi,Seychelles,5.0,0.0,FIFA World Cup qualification,Meknes,Morocco,True,2025,145,203,-58,26.6,10930000.0,24.5,1030000.0,2.1000000000000014,9900000.0,1,1,0,1
2025-03-25,Uganda,Guinea,1.0,0.0,FIFA World Cup qualification,Kira,Uganda,False,2025,85,81,4,28.0,8630000.0,24.6,74130000.0,3.3999999999999986,-65500000.0,1,9,10,-1
2025-03-25,Botswana,Somalia,2.0,0.0,FIFA World Cup qualification,Francistown,Botswana,False,2025,138,200,-62,30.1,3050000.0,25.9,760000.0,4.200000000000003,2290000.0,1,8,2,6
2025-03-25,Algeria,Mozambique,5.0,1.0,FIFA World Cup qualification,Tizi Ouzou,Algeria,False,2025,34,102,-68,26.9,256899999.99999997,27.5,1480000.0,-0.6000000000000014,255419999.99999997,1,13,10,3
2025-03-25,Comoros,Chad,1.0,0.0,FIFA World Cup qualification,Berkane,Morocco,True,2025,109,177,-68,23.7,3800000.0,24.3,8550000.0,-0.6000000000000014,-4750000.0,1,10,2,8
2025-03-25,Moldova,Estonia,2.0,3.0,FIFA World Cup qualification,Chișinău,Moldova,False,2025,158,130,28,25.1,9700000.0,25.5,13930000.0,-0.3999999999999986,-4230000.0,2,9,4,5
2025-03-25,Israel,Norway,2.0,4.0,FIFA World Cup qualification,Debrecen,Hungary,True,2025,77,29,48,25.4,68100000.0,26.8,589900000.0,-1.4000000000000021,-521800000.0,2,7,12,-5
2025-03-25,Liechtenstein,Kazakhstan,0.0,2.0,FIFA World Cup qualification,Vaduz,Liechtenstein,False,2025,205,114,91,26.4,625000.0,26.0,16300000.0,0.3999999999999986,-15675000.0,2,2,0,2
2025-03-25,North Macedonia,Wales,1.0,1.0,FIFA World Cup qualification,Skopje,North Macedonia,False,2025,66,32,34,27.8,34450000.0,26.6,180650000.0,1.1999999999999993,-146200000.0,0,15,11,4
2025-03-25,Gibraltar,Czechia,0.0,4.0,FIFA World Cup qualification,Faro-Loulé,Portugal,True,2025,202,44,158,23.7,1840000.0,27.6,188180000.0,-3.900000000000002,-186340000.0,2,6,11,-5
2025-03-25,Montenegro,Faroe Islands,1.0,0.0,FIFA World Cup qualification,Nikšić,Montenegro,False,2025,83,125,-42,27.9,68550000.0,27.5,5100000.0,0.3999999999999986,63450000.0,1,6,5,1
2025-05-27,Jamaica,Trinidad and Tobago,3.0,2.0,Unity Cup,London,England,True,2025,70,98,-28,23.1,9050000.0,26.3,2150000.0,-3.1999999999999993,6900000.0,1,5,10,-5
2025-05-28,Nigeria,Ghana,2.0,1.0,Unity Cup,London,England,True,2025,38,72,-34,26.6,172050000.0,26.8,234600000.0,-0.1999999999999993,-62550000.0,1,8,7,1
2025-05-31,Trinidad and Tobago,Ghana,0.0,4.0,Unity Cup,London,England,True,2025,98,72,26,26.3,2150000.0,26.8,234600000.0,-0.5,-232450000.0,2,10,7,3
2025-05-31,Jamaica,Nigeria,2.0,2.0,Unity Cup,London,England,True,2025,70,38,32,23.1,9050000.0,26.6,172050000.0,-3.5,-163000000.0,0,7,8,-1
2025-06-04,Germany,Portugal,1.0,2.0,UEFA Nations League,Munich,Germany,False,2025,9,6,3,28.1,947000000.0,28.1,1010000000.0,0.0,-63000000.0,2,11,8,3
2025-06-04,Bermuda,Cayman Islands,5.0,0.0,FIFA World Cup qualification,Devonshire Parish,Bermuda,False,2025,169,195,-26,27.4,375000.0,25.9,,1.5,,1,6,7,-1
2025-06-04,Grenada,Bahamas,6.0,0.0,FIFA World Cup qualification,St. George's,Grenada,False,2025,164,206,-42,25.4,1750000.0,21.8,,3.599999999999998,,1,4,4,0
2025-06-04,Barbados,Aruba,1.0,1.0,FIFA World Cup qualification,Wildey,Barbados,False,2025,178,191,-13,24.6,200000.0,24.3,175000.0,0.3000000000000007,25000.0,0,9,1,8
2025-06-04,Montserrat,Belize,1.0,0.0,FIFA World Cup qualification,Couva,Trinidad and Tobago,True,2025,175,181,-6,24.3,375000.0,27.0,350000.0,-2.6999999999999993,25000.0,1,0,9,-9
2025-06-04,Dominica,British Virgin Islands,3.0,0.0,FIFA World Cup qualification,Roseau,Dominica,False,2025,183,208,-25,25.8,,22.3,,3.5,,1,1,0,1
2025-06-04,St Vincent and the Grenadines,Anguilla,6.0,0.0,FIFA World Cup qualification,Kingstown,St Vincent and the Grenadines,False,2025,171,209,-38,25.3,475000.0,25.4,,-0.09999999999999787,,1,7,3,4
2025-06-05,Spain,France,5.0,4.0,UEFA Nations League,Stuttgart,Germany,True,2025,1,3,-2,26.8,1220000000.0,27.0,1520000000.0,-0.1999999999999993,-300000000.0,1,11,10,1
2025-06-05,Ecuador,Brazil,0.0,0.0,FIFA World Cup qualification,Guayaquil,Ecuador,False,2025,23,5,18,26.1,368700000.0,29.4,928200000.0,-3.299999999999997,-559500000.0,0,11,8,3
2025-06-05,Paraguay,Uruguay,2.0,0.0,FIFA World Cup qualification,Asunción,Paraguay,False,2025,39,16,23,29.1,153650000.0,28.8,359300000.0,0.3000000000000007,-205650000.0,1,11,6,5
2025-06-05,Chile,Argentina,0.0,1.0,FIFA World Cup qualification,Santiago,Chile,False,2025,52,2,50,25.9,66800000.0,29.1,807500000.0,-3.200000000000003,-740700000.0,2,5,12,-7
2025-06-05,United Arab Emirates,Uzbekistan,0.0,0.0,FIFA World Cup qualification,Abu Dhabi,United Arab Emirates,False,2025,68,50,18,26.7,29050000.0,28.5,85330000.0,-1.8000000000000007,-56280000.0,0,5,10,-5
2025-06-05,Korea DPR,Kyrgyz Republic,2.0,2.0,FIFA World Cup qualification,Riyadh,Saudi Arabia,True,2025,119,104,15,25.9,6850000.0,26.1,7050000.0,-0.20000000000000284,-200000.0,0,0,6,-6
2025-06-05,Qatar,IR Iran,1.0,0.0,FIFA World Cup qualification,Al Rayyan,Qatar,False,2025,54,20,34,29.5,19930000.0,30.4,32049999.999999996,-0.8999999999999986,-12119999.999999996,1,5,13,-8
2025-06-05,Oman,Jordan,0.0,3.0,FIFA World Cup qualification,Muscat,Oman,False,2025,79,64,15,28.7,8330000.0,28.5,20300000.0,0.1999999999999993,-11970000.0,2,8,9,-1
2025-06-05,Iraq,Korea Republic,0.0,2.0,FIFA World Cup qualification,Basra,Iraq,False,2025,58,22,36,26.9,21200000.0,28.1,139050000.0,-1.2000000000000028,-117850000.0,2,4,9,-5
2025-06-05,Kuwait,Palestine,0.0,2.0,FIFA World Cup qualification,Kuwait City,Kuwait,False,2025,135,95,40,28.4,4230000.0,26.8,10280000.0,1.5999999999999979,-6050000.0,2,5,5,0
2025-06-05,Bahrain,Saudi Arabia,0.0,2.0,FIFA World Cup qualification,Riffa,Bahrain,False,2025,90,60,30,29.6,6150000.0,28.5,40680000.0,1.1000000000000014,-34530000.0,2,6,10,-4
2025-06-05,Australia,Japan,1.0,0.0,FIFA World Cup qualification,Perth,Australia,False,2025,26,18,8,27.4,77450000.0,27.8,270850000.0,-0.40000000000000213,-193400000.0,1,9,11,-2
2025-06-05,Indonesia,China,1.0,0.0,FIFA World Cup qualification,Jakarta,Indonesia,False,2025,122,93,29,25.7,19550000.0,27.9,14330000.0,-2.1999999999999993,5220000.0,1,4,6,-2
2025-06-06,Colombia,Peru,0.0,0.0,FIFA World Cup qualification,Barranquilla,Colombia,False,2025,13,51,-38,30.1,302350000.0,27.1,30580000.0,3.0,271770000.0,0,4,4,0
2025-06-06,Venezuela,Bolivia,2.0,0.0,FIFA World Cup qualification,Maturín,Venezuela,False,2025,48,76,-28,25.6,79000000.0,23.8,18050000.0,1.8000000000000007,60950000.0,1,4,2,2
2025-06-06,Norway,Italy,3.0,0.0,FIFA World Cup qualification,Oslo,Norway,False,2025,29,12,17,26.8,589900000.0,21.0,315700000.0,5.800000000000001,274200000.0,1,12,7,5
2025-06-06,Estonia,Israel,1.0,3.0,FIFA World Cup qualification,Tallinn,Estonia,False,2025,130,77,53,25.5,13930000.0,25.4,68100000.0,0.10000000000000142,-54170000.0,2,4,7,-3
2025-06-06,Wales,Liechtenstein,3.0,0.0,FIFA World Cup qualification,Cardiff,Wales,False,2025,32,205,-173,26.6,180650000.0,26.4,625000.0,0.20000000000000284,180025000.0,1,11,2,9
2025-06-06,North Macedonia,Belgium,1.0,1.0,FIFA World Cup qualification,Skopje,North Macedonia,False,2025,66,8,58,27.8,34450000.0,27.6,547500000.0,0.1999999999999993,-513050000.0,0,13,3,10
2025-06-06,Czechia,Montenegro,2.0,0.0,FIFA World Cup qualification,Plzeň,Czechia,False,2025,44,83,-39,27.6,188180000.0,27.9,68550000.0,-0.29999999999999716,119630000.0,1,11,9,2
2025-06-06,Gibraltar,Croatia,0.0,7.0,FIFA World Cup qualification,Faro-Loulé,Portugal,True,2025,202,10,192,23.7,1840000.0,28.4,387300000.0,-4.699999999999999,-385460000.0,2,5,5,0
2025-06-06,Antigua and Barbuda,Cuba,0.0,1.0,FIFA World Cup qualification,Piggotts,Antigua and Barbuda,False,2025,165,166,-1,23.2,650000.0,24.0,2600000.0,-0.8000000000000007,-1950000.0,2,1,3,-2
2025-06-06,Trinidad and Tobago,St Kitts and Nevis,6.0,2.0,FIFA World Cup qualification,Port of Spain,Trinidad and Tobago,False,2025,98,154,-56,26.3,2150000.0,27.4,575000.0,-1.0999999999999979,1575000.0,1,9,10,-1
2025-06-06,Curaçao,St Lucia,4.0,0.0,FIFA World Cup qualification,Willemstad,Curaçao,False,2025,82,167,-85,28.0,25780000.0,23.5,250000.0,4.5,25530000.0,1,10,7,3
2025-06-06,Nicaragua,Guyana,1.0,0.0,FIFA World Cup qualification,Managua,Nicaragua,False,2025,132,151,-19,25.6,3780000.0,26.3,1500000.0,-0.6999999999999993,2280000.0,1,8,9,-1
2025-06-06,Guatemala,Dominican Republic,4.0,2.0,FIFA World Cup qualification,Guatemala City,Guatemala,False,2025,94,143,-49,25.8,7780000.0,25.5,12830000.0,0.3000000000000007,-5050000.0,1,7,15,-8
2025-06-06,Suriname,Puerto Rico,1.0,0.0,FIFA World Cup qualification,Paramaribo,Suriname,False,2025,123,156,-33,29.1,35930000.0,23.1,825000.0,6.0,35105000.0,1,7,9,-2
2025-06-07,Malta,Lithuania,0.0,0.0,FIFA World Cup qualification,Ta' Qali,Malta,False,2025,161,146,15,27.1,14950000.0,26.3,16180000.0,0.8000000000000007,-1230000.0,0,7,1,6
2025-06-07,Finland,Netherlands,0.0,2.0,FIFA World Cup qualification,Helsinki,Finland,False,2025,75,7,68,26.1,41850000.0,27.8,754200000.0,-1.6999999999999993,-712350000.0,2,4,6,-2
2025-06-07,Bosnia and Herzegovina,San Marino,1.0,0.0,FIFA World Cup qualification,Zenica,Bosnia and Herzegovina,False,2025,71,210,-139,26.4,151600000.0,23.8,1150000.0,2.599999999999998,150450000.0,1,7,4,3
2025-06-07,Austria,Romania,2.0,1.0,FIFA World Cup qualification,Vienna,Austria,False,2025,24,47,-23,28.6,245200000.0,26.0,56950000.0,2.6000000000000014,188250000.0,1,8,10,-2
2025-06-07,Andorra,England,0.0,1.0,FIFA World Cup qualification,Barcelona,Spain,True,2025,172,4,168,29.1,3710000.0,27.2,1360000000.0,1.9000000000000021,-1356290000.0,2,1,15,-14
2025-06-07,Albania,Serbia,0.0,0.0,FIFA World Cup qualification,Tirana,Albania,False,2025,63,37,26,27.4,88800000.0,23.0,209500000.0,4.399999999999999,-120700000.0,0,7,6,1
2025-06-07,Canada,Ukraine,4.0,2.0,Canadian Shield,Toronto,Canada,False,2025,27,28,-1,27.0,198650000.0,26.6,247000000.0,0.3999999999999986,-48350000.0,1,10,8,2
2025-06-07,Côte d'Ivoire,New Zealand,0.0,1.0,Canadian Shield,Toronto,Canada,True,2025,42,87,-45,25.9,522100000.0,28.1,34350000.0,-2.200000000000003,487750000.0,2,9,15,-6
2025-06-07,Cayman Islands,Honduras,0.0,1.0,FIFA World Cup qualification,George Town,Cayman Islands,False,2025,195,65,130,25.9,,25.4,20930000.0,0.5,,2,7,10,-3
2025-06-07,Bahamas,Costa Rica,0.0,8.0,FIFA World Cup qualification,Wildey,Barbados,True,2025,206,49,157,21.8,,24.8,28200000.0,-3.0,,2,4,10,-6
2025-06-07,Aruba,Haiti,0.0,5.0,FIFA World Cup qualification,Oranjestad,Aruba,False,2025,191,84,107,24.3,175000.0,27.6,55900000.0,-3.3000000000000007,-55725000.0,2,1,15,-14
2025-06-07,Belize,Panama,0.0,2.0,FIFA World Cup qualification,Belmopan,Belize,False,2025,181,30,151,27.0,350000.0,30.5,34550000.0,-3.5,-34200000.0,2,6,7,-1
2025-06-07,British Virgin Islands,Jamaica,0.0,1.0,FIFA World Cup qualification,Road Town,British Virgin Islands,False,2025,208,70,138,22.3,,23.1,9050000.0,-0.8000000000000007,,2,0,8,-8
2025-06-07,Anguilla,El Salvador,0.0,3.0,FIFA World Cup qualification,The Valley,Anguilla,False,2025,209,100,109,25.4,,26.8,7130000.0,-1.4000000000000021,,2,3,12,-9
2025-06-08,Germany,France,0.0,2.0,UEFA Nations League,Stuttgart,Germany,False,2025,9,3,6,28.1,947000000.0,27.0,1520000000.0,1.1000000000000014,-573000000.0,2,8,7,1
2025-06-08,Portugal,Spain,2.0,2.0,UEFA Nations League,Munich,Germany,True,2025,6,1,5,28.1,1010000000.0,26.8,1220000000.0,1.3000000000000007,-210000000.0,0,10,11,-1
2025-06-09,Italy,Moldova,2.0,0.0,FIFA World Cup qualification,Reggio Emilia,Italy,False,2025,12,158,-146,21.0,315700000.0,25.1,9700000.0,-4.100000000000001,306000000.0,1,4,6,-2
2025-06-09,Estonia,Norway,0.0,1.0,FIFA World Cup qualification,Tallinn,Estonia,False,2025,130,29,101,25.5,13930000.0,26.8,589900000.0,-1.3000000000000007,-575970000.0,2,4,15,-11
2025-06-09,Kazakhstan,North Macedonia,0.0,1.0,FIFA World Cup qualification,Astana,Kazakhstan,False,2025,114,66,48,26.0,16300000.0,27.8,34450000.0,-1.8000000000000007,-18150000.0,2,3,11,-8
2025-06-09,Belgium,Wales,4.0,3.0,FIFA World Cup qualification,Brussels,Belgium,False,2025,8,32,-24,27.6,547500000.0,26.6,180650000.0,1.0,366850000.0,1,4,11,-7
2025-06-09,Faroe Islands,Gibraltar,2.0,1.0,FIFA World Cup qualification,Tórshavn,Faroe Islands,False,2025,125,202,-77,27.5,5100000.0,23.7,1840000.0,3.8000000000000007,3260000.0,1,4,2,2
2025-06-09,Croatia,Czechia,5.0,1.0,FIFA World Cup qualification,Osijek,Croatia,False,2025,10,44,-34,28.4,387300000.0,27.6,188180000.0,0.7999999999999972,199120000.0,1,7,13,-6
2025-06-10,Timor-Leste,Maldives,1.0,0.0,AFC Asian Cup qualification,Darwin,Australia,True,2025,198,173,25,23.5,785000.0,29.6,675000.0,-6.100000000000001,110000.0,1,0,1,-1
2025-06-10,Philippines,Tajikistan,2.0,2.0,AFC Asian Cup qualification,Capas,Philippines,False,2025,136,101,35,26.3,3230000.0,26.0,7780000.0,0.3000000000000007,-4550000.0,0,10,4,6
2025-06-10,Brunei Darussalam,Bhutan,2.0,1.0,AFC Asian Cup qualification,Bandar Seri Begawan,Brunei Darussalam,False,2025,188,192,-4,28.5,800000.0,24.9,840000.0,3.6000000000000014,-40000.0,1,7,4,3
2025-06-10,Yemen,Lebanon,0.0,0.0,AFC Asian Cup qualification,Kuwait City,Kuwait,True,2025,149,108,41,26.8,2200000.0,28.9,5550000.0,-2.099999999999998,-3350000.0,0,5,10,-5
2025-06-10,Bangladesh,Singapore,1.0,2.0,AFC Asian Cup qualification,Dhaka,Bangladesh,False,2025,180,148,32,26.4,7250000.0,28.2,4380000.0,-1.8000000000000007,2870000.0,2,1,2,-1
2025-06-10,"Hong Kong, China",India,1.0,0.0,AFC Asian Cup qualification,Kowloon,"Hong Kong, China",False,2025,153,142,11,27.1,3450000.0,26.8,4000000.0,0.3000000000000007,-550000.0,1,13,3,10
2025-06-10,Sri Lanka,Chinese Taipei,3.0,1.0,AFC Asian Cup qualification,Colombo,Sri Lanka,False,2025,194,174,20,27.2,910000.0,26.4,1920000.0,0.8000000000000007,-1010000.0,1,6,3,3
2025-06-10,Turkmenistan,Thailand,3.0,1.0,AFC Asian Cup qualification,Ashgabat,Turkmenistan,False,2025,137,96,41,27.6,2950000.0,28.5,6550000.0,-0.8999999999999986,-3600000.0,1,4,6,-2
2025-06-10,Myanmar,Pakistan,1.0,0.0,AFC Asian Cup qualification,Yangon,Myanmar,False,2025,163,199,-36,26.5,3000000.0,25.7,3540000.0,0.8000000000000007,-540000.0,1,7,0,7
2025-06-10,Afghanistan,Syria,0.0,1.0,AFC Asian Cup qualification,Al Hofuf,Saudi Arabia,True,2025,162,86,76,24.8,1080000.0,28.0,7930000.0,-3.1999999999999993,-6850000.0,2,5,12,-7
2025-06-10,Laos,Nepal,2.0,1.0,AFC Asian Cup qualification,Vientiane,Laos,False,2025,190,182,8,23.2,1320000.0,27.5,1350000.0,-4.300000000000001,-30000.0,1,2,1,1
2025-06-10,Malaysia,Vietnam,4.0,0.0,AFC Asian Cup qualification,Kuala Lumpur,Malaysia,False,2025,121,107,14,28.6,7600000.0,28.1,6380000.0,0.5,1220000.0,1,8,15,-7
2025-06-10,Bolivia,Chile,2.0,0.0,FIFA World Cup qualification,El Alto,Bolivia,False,2025,76,52,24,23.8,18050000.0,25.9,66800000.0,-2.099999999999998,-48750000.0,1,2,5,-3
2025-06-10,Uruguay,Venezuela,2.0,0.0,FIFA World Cup qualification,Montevideo,Uruguay,False,2025,16,48,-32,28.8,359300000.0,25.6,79000000.0,3.1999999999999993,280300000.0,1,5,7,-2
2025-06-10,Peru,Ecuador,0.0,0.0,FIFA World Cup qualification,Lima,Peru,False,2025,51,23,28,27.1,30580000.0,26.1,368700000.0,1.0,-338120000.0,0,5,11,-6
2025-06-10,Argentina,Colombia,1.0,1.0,FIFA World Cup qualification,Buenos Aires,Argentina,False,2025,2,13,-11,29.1,807500000.0,30.1,302350000.0,-1.0,505150000.0,0,12,2,10
2025-06-10,Brazil,Paraguay,1.0,0.0,FIFA World Cup qualification,São Paulo,Brazil,False,2025,5,39,-34,29.4,928200000.0,29.1,153650000.0,0.29999999999999716,774550000.0,1,6,11,-5
2025-06-10,Uzbekistan,Qatar,3.0,0.0,FIFA World Cup qualification,Tashkent,Uzbekistan,False,2025,50,54,-4,28.5,85330000.0,29.5,19930000.0,-1.0,65400000.0,1,8,7,1
2025-06-10,IR Iran,Korea DPR,3.0,0.0,FIFA World Cup qualification,Tehran,IR Iran,False,2025,20,119,-99,30.4,32049999.999999996,25.9,6850000.0,4.5,25199999.999999996,1,10,1,9
2025-06-10,Kyrgyz Republic,United Arab Emirates,1.0,1.0,FIFA World Cup qualification,Bishkek,Kyrgyz Republic,False,2025,104,68,36,26.1,7050000.0,26.7,29050000.0,-0.5999999999999979,-22000000.0,0,4,5,-1
2025-06-10,Korea Republic,Kuwait,4.0,0.0,FIFA World Cup qualification,Seoul,Korea Republic,False,2025,22,135,-113,28.1,139050000.0,28.4,4230000.0,-0.29999999999999716,134820000.0,1,9,2,7
2025-06-10,Jordan,Iraq,0.0,1.0,FIFA World Cup qualification,Amman,Jordan,False,2025,64,58,6,28.5,20300000.0,26.9,21200000.0,1.6000000000000014,-900000.0,2,9,1,8
2025-06-10,Palestine,Oman,1.0,1.0,FIFA World Cup qualification,Amman,Jordan,True,2025,95,79,16,26.8,10280000.0,28.7,8330000.0,-1.8999999999999986,1950000.0,0,7,7,0
2025-06-10,China,Bahrain,1.0,0.0,FIFA World Cup qualification,Chongqing,China,False,2025,93,90,3,27.9,14330000.0,29.6,6150000.0,-1.7000000000000028,8180000.0,1,3,6,-3
2025-06-10,Japan,Indonesia,6.0,0.0,FIFA World Cup qualification,Suita,Japan,False,2025,18,122,-104,27.8,270850000.0,25.7,19550000.0,2.1000000000000014,251300000.0,1,10,6,4
2025-06-10,Saudi Arabia,Australia,1.0,2.0,FIFA World Cup qualification,Jeddah,Saudi Arabia,False,2025,60,26,34,28.5,40680000.0,27.4,77450000.0,1.1000000000000014,-36770000.0,2,10,11,-1
2025-06-10,Netherlands,Malta,8.0,0.0,FIFA World Cup qualification,Groningen,Netherlands,False,2025,7,161,-154,27.8,754200000.0,27.1,14950000.0,0.6999999999999993,739250000.0,1,9,5,4
2025-06-10,Finland,Poland,2.0,1.0,FIFA World Cup qualification,Helsinki,Finland,False,2025,75,31,44,26.1,41850000.0,26.3,231600000.0,-0.1999999999999993,-189750000.0,1,4,7,-3
2025-06-10,San Marino,Austria,0.0,4.0,FIFA World Cup qualification,Serravalle,San Marino,False,2025,210,24,186,23.8,1150000.0,28.6,245200000.0,-4.800000000000001,-244050000.0,2,4,8,-4
2025-06-10,Romania,Cyprus,2.0,0.0,FIFA World Cup qualification,Bucharest,Romania,False,2025,47,128,-81,26.0,56950000.0,26.8,19900000.0,-0.8000000000000007,37050000.0,1,7,6,1
2025-06-10,Serbia,Andorra,3.0,0.0,FIFA World Cup qualification,Leskovac,Serbia,False,2025,37,172,-135,23.0,209500000.0,29.1,3710000.0,-6.100000000000001,205790000.0,1,7,1,6
2025-06-10,Latvia,Albania,1.0,1.0,FIFA World Cup qualification,Riga,Latvia,False,2025,140,63,77,27.0,8230000.0,27.4,88800000.0,-0.3999999999999986,-80570000.0,0,4,5,-1
2025-06-10,New Zealand,Ukraine,1.0,2.0,Canadian Shield,Toronto,Canada,True,2025,87,28,59,28.1,34350000.0,26.6,247000000.0,1.5,-212650000.0,2,15,7,8
2025-06-10,Canada,Côte d'Ivoire,0.0,0.0,Canadian Shield,Toronto,Canada,False,2025,27,42,-15,27.0,198650000.0,25.9,522100000.0,1.1000000000000014,-323450000.0,0,12,9,3
2025-06-10,Cuba,Bermuda,1.0,2.0,FIFA World Cup qualification,Santiago de Cuba,Cuba,False,2025,166,169,-3,24.0,2600000.0,27.4,375000.0,-3.3999999999999986,2225000.0,2,6,6,0
2025-06-10,Honduras,Antigua and Barbuda,2.0,0.0,FIFA World Cup qualification,Tegucigalpa,Honduras,False,2025,65,165,-100,25.4,20930000.0,23.2,650000.0,2.1999999999999993,20280000.0,1,12,1,11
2025-06-10,St Kitts and Nevis,Grenada,2.0,3.0,FIFA World Cup qualification,Basseterre,St Kitts and Nevis,False,2025,154,164,-10,27.4,575000.0,25.4,1750000.0,2.0,-1175000.0,2,7,7,0
2025-06-10,Costa Rica,Trinidad and Tobago,2.0,1.0,FIFA World Cup qualification,San José,Costa Rica,False,2025,49,98,-49,24.8,28200000.0,26.3,2150000.0,-1.5,26050000.0,1,10,9,1
2025-06-10,St Lucia,Barbados,2.0,1.0,FIFA World Cup qualification,Gros Islet,St Lucia,False,2025,167,178,-11,23.5,250000.0,24.6,200000.0,-1.1000000000000014,50000.0,1,6,7,-1
2025-06-10,Haiti,Curaçao,1.0,5.0,FIFA World Cup qualification,Oranjestad,Aruba,True,2025,84,82,2,27.6,55900000.0,28.0,25780000.0,-0.3999999999999986,30120000.0,2,15,10,5
2025-06-10,Guyana,Montserrat,3.0,0.0,FIFA World Cup qualification,Leonora,Guyana,False,2025,151,175,-24,26.3,1500000.0,24.3,375000.0,2.0,1125000.0,1,9,3,6
2025-06-10,Panama,Nicaragua,3.0,0.0,FIFA World Cup qualification,Panama City,Panama,False,2025,30,132,-102,30.5,34550000.0,25.6,3780000.0,4.899999999999999,30770000.0,1,10,10,0
2025-06-10,Dominican Republic,Dominica,5.0,0.0,FIFA World Cup qualification,Santo Domingo,Dominican Republic,False,2025,143,183,-40,25.5,12830000.0,25.8,,-0.3000000000000007,,1,12,4,8
2025-06-10,Jamaica,Guatemala,3.0,0.0,FIFA World Cup qualification,Kingston,Jamaica,False,2025,70,94,-24,23.1,9050000.0,25.8,7780000.0,-2.6999999999999993,1270000.0,1,11,9,2
2025-06-10,Puerto Rico,St Vincent and the Grenadines,2.0,1.0,FIFA World Cup qualification,Mayagüez,Puerto Rico,False,2025,156,171,-15,23.1,825000.0,25.3,475000.0,-2.1999999999999993,350000.0,1,6,10,-4
2025-06-10,El Salvador,Suriname,1.0,1.0,FIFA World Cup qualification,San Salvador,El Salvador,False,2025,100,123,-23,26.8,7130000.0,29.1,35930000.0,-2.3000000000000007,-28800000.0,0,12,7,5
2025-06-14,Mexico,Dominican Republic,3.0,2.0,Gold Cup,Inglewood,USA,True,2025,15,143,-128,27.9,191850000.0,25.5,12830000.0,2.3999999999999986,179020000.0,1,10,12,-2
2025-06-15,Costa Rica,Suriname,4.0,3.0,Gold Cup,San Diego,USA,True,2025,49,123,-74,24.8,28200000.0,29.1,35930000.0,-4.300000000000001,-7730000.0,1,13,7,6
2025-06-15,USA,Trinidad and Tobago,5.0,0.0,Gold Cup,San Jose,USA,False,2025,14,98,-84,26.9,385650000.0,26.3,2150000.0,0.5999999999999979,383500000.0,1,6,6,0
2025-06-15,Haiti,Saudi Arabia,0.0,1.0,Gold Cup,San Diego,USA,True,2025,84,60,24,27.6,55900000.0,28.5,40680000.0,-0.8999999999999986,15220000.0,2,12,7,5
2025-06-16,Jamaica,Guatemala,0.0,1.0,Gold Cup,Carson,USA,True,2025,70,94,-24,23.1,9050000.0,25.8,7780000.0,-2.6999999999999993,1270000.0,2,13,6,7
2025-06-17,Curaçao,El Salvador,0.0,0.0,Gold Cup,San Jose,USA,True,2025,82,100,-18,28.0,25780000.0,26.8,7130000.0,1.1999999999999993,18650000.0,0,13,10,3
2025-06-17,Canada,Honduras,6.0,0.0,Gold Cup,Vancouver,Canada,False,2025,27,65,-38,27.0,198650000.0,25.4,20930000.0,1.6000000000000014,177720000.0,1,10,12,-2
2025-06-18,Costa Rica,Dominican Republic,2.0,1.0,Gold Cup,Arlington,USA,True,2025,49,143,-94,24.8,28200000.0,25.5,12830000.0,-0.6999999999999993,15370000.0,1,15,9,6
2025-06-18,Suriname,Mexico,0.0,2.0,Gold Cup,Arlington,USA,True,2025,123,15,108,29.1,35930000.0,27.9,191850000.0,1.2000000000000028,-155920000.0,2,4,12,-8
2025-06-19,Trinidad and Tobago,Haiti,1.0,1.0,Gold Cup,Houston,USA,True,2025,98,84,14,26.3,2150000.0,27.6,55900000.0,-1.3000000000000007,-53750000.0,0,3,9,-6
2025-06-19,USA,Saudi Arabia,1.0,0.0,Gold Cup,Austin,USA,False,2025,14,60,-46,26.9,385650000.0,28.5,40680000.0,-1.6000000000000014,344970000.0,1,9,10,-1
2025-06-20,Guatemala,Panama,0.0,1.0,Gold Cup,Austin,USA,True,2025,94,30,64,25.8,7780000.0,30.5,34550000.0,-4.699999999999999,-26770000.0,2,9,10,-1
2025-06-21,Curaçao,Canada,1.0,1.0,Gold Cup,Houston,USA,True,2025,82,27,55,28.0,25780000.0,27.0,198650000.0,1.0,-172870000.0,0,13,10,3
2025-06-21,Honduras,El Salvador,2.0,0.0,Gold Cup,Houston,USA,True,2025,65,100,-35,25.4,20930000.0,26.8,7130000.0,-1.4000000000000021,13800000.0,1,12,8,4
2025-06-22,Mexico,Costa Rica,0.0,0.0,Gold Cup,Paradise,USA,True,2025,15,49,-34,27.9,191850000.0,24.8,28200000.0,3.099999999999998,163650000.0,0,15,15,0
2025-06-22,Dominican Republic,Suriname,0.0,0.0,Gold Cup,Arlington,USA,True,2025,143,123,20,25.5,12830000.0,29.1,35930000.0,-3.6000000000000014,-23100000.0,0,6,4,2
2025-06-22,Saudi Arabia,Trinidad and Tobago,1.0,1.0,Gold Cup,Paradise,USA,True,2025,60,98,-38,28.5,40680000.0,26.3,2150000.0,2.1999999999999993,38530000.0,0,7,4,3
2025-06-22,USA,Haiti,2.0,1.0,Gold Cup,Arlington,USA,False,2025,14,84,-70,26.9,385650000.0,27.6,55900000.0,-0.7000000000000028,329750000.0,1,9,7,2
2025-06-24,Honduras,Curaçao,2.0,1.0,Gold Cup,San Jose,USA,True,2025,65,82,-17,25.4,20930000.0,28.0,25780000.0,-2.6000000000000014,-4850000.0,1,12,11,1
2025-06-24,Canada,El Salvador,2.0,0.0,Gold Cup,Houston,USA,True,2025,27,100,-73,27.0,198650000.0,26.8,7130000.0,0.1999999999999993,191520000.0,1,11,8,3
2025-06-24,Panama,Jamaica,4.0,1.0,Gold Cup,Austin,USA,True,2025,30,70,-40,30.5,34550000.0,23.1,9050000.0,7.399999999999999,25500000.0,1,12,10,2
2025-06-28,Panama,Honduras,1.0,1.0,Gold Cup,Glendale,USA,True,2025,30,65,-35,30.5,34550000.0,25.4,20930000.0,5.100000000000001,13620000.0,0,12,12,0
2025-06-28,Mexico,Saudi Arabia,2.0,0.0,Gold Cup,Glendale,USA,True,2025,15,60,-45,27.9,191850000.0,28.5,40680000.0,-0.6000000000000014,151170000.0,1,13,7,6
2025-06-29,Canada,Guatemala,1.0,1.0,Gold Cup,Minneapolis,USA,True,2025,27,94,-67,27.0,198650000.0,25.8,7780000.0,1.1999999999999993,190870000.0,0,11,9,2
2025-06-29,USA,Costa Rica,2.0,2.0,Gold Cup,Minneapolis,USA,False,2025,14,49,-35,26.9,385650000.0,24.8,28200000.0,2.099999999999998,357450000.0,0,9,13,-4
2025-07-02,USA,Guatemala,2.0,1.0,Gold Cup,St. Louis,USA,False,2025,14,94,-80,26.9,385650000.0,25.8,7780000.0,1.0999999999999979,377870000.0,1,10,7,3
2025-07-02,Mexico,Honduras,1.0,0.0,Gold Cup,Santa Clara,USA,True,2025,15,65,-50,27.9,191850000.0,25.4,20930000.0,2.5,170920000.0,1,13,10,3
2025-07-06,USA,Mexico,1.0,2.0,Gold Cup,Houston,USA,False,2025,14,15,-1,26.9,385650000.0,27.9,191850000.0,-1.0,193800000.0,2,13,13,0
2025-08-13,US Virgin Islands,Turks and Caicos Islands,1.0,1.0,Outrigger Challenge Cup,United States,USA,True,2025,207,204,3,24.7,125000.0,21.9,50000.0,2.8000000000000007,75000.0,0,2,4,-2
2025-09-03,Seychelles,Gabon,0.0,4.0,FIFA World Cup qualification,Saint Pierre,Mauritius,True,2025,203,78,125,24.5,1030000.0,27.6,35280000.0,-3.1000000000000014,-34250000.0,2,0,12,-12
2025-09-04,Colombia,Bolivia,3.0,0.0,FIFA World Cup qualification,Barranquilla,Colombia,False,2025,13,76,-63,30.1,302350000.0,23.8,18050000.0,6.300000000000001,284300000.0,1,3,5,-2
2025-09-04,Argentina,Venezuela,3.0,0.0,FIFA World Cup qualification,Buenos Aires,Argentina,False,2025,2,48,-46,29.1,807500000.0,25.6,79000000.0,3.5,728500000.0,1,13,6,7
2025-09-04,Paraguay,Ecuador,0.0,0.0,FIFA World Cup qualification,Asunción,Paraguay,False,2025,39,23,16,29.1,153650000.0,26.1,368700000.0,3.0,-215050000.0,0,8,9,-1
2025-09-04,Uruguay,Peru,3.0,0.0,FIFA World Cup qualification,Montevideo,Uruguay,False,2025,16,51,-35,28.8,359300000.0,27.1,30580000.0,1.6999999999999993,328720000.0,1,5,5,0
2025-09-04,Brazil,Chile,3.0,0.0,FIFA World Cup qualification,Rio de Janeiro,Brazil,False,2025,5,52,-47,29.4,928200000.0,25.9,66800000.0,3.5,861400000.0,1,8,4,4
2025-09-04,Guinea-Bissau,Sierra Leone,1.0,1.0,FIFA World Cup qualification,Bissau,Guinea-Bissau,False,2025,133,120,13,26.6,39450000.0,24.3,13330000.0,2.3000000000000007,26120000.0,0,2,7,-5
2025-09-04,Angola,Libya,0.0,1.0,FIFA World Cup qualification,Luanda,Angola,False,2025,89,111,-22,29.4,46550000.0,26.6,10130000.0,2.799999999999997,36420000.0,2,6,5,1
2025-09-04,Cameroon,Eswatini,3.0,0.0,FIFA World Cup qualification,Yaoundé,Cameroon,False,2025,57,159,-102,23.7,198700000.0,26.5,1080000.0,-2.8000000000000007,197620000.0,1,11,3,8
2025-09-04,Mauritius,Cabo Verde,0.0,2.0,FIFA World Cup qualification,Saint Pierre,Mauritius,False,2025,176,67,109,28.3,800000.0,29.7,54500000.0,-1.3999999999999986,-53700000.0,2,5,7,-2
2025-09-04,Algeria,Botswana,3.0,1.0,FIFA World Cup qualification,Tizi Ouzou,Algeria,False,2025,34,138,-104,26.9,256899999.99999997,30.1,3050000.0,-3.200000000000003,253849999.99999997,1,13,8,5
2025-09-04,São Tomé and Príncipe,Equatorial Guinea,2.0,3.0,FIFA World Cup qualification,Oujda,Morocco,True,2025,189,97,92,25.8,1430000.0,26.2,4200000.0,-0.3999999999999986,-2770000.0,2,1,8,-7
2025-09-04,Tunisia,Liberia,3.0,0.0,FIFA World Cup qualification,Radès,Tunisia,False,2025,41,141,-100,26.7,69950000.0,24.5,14330000.0,2.1999999999999993,55620000.0,1,10,6,4
2025-09-04,Chad,Ghana,1.0,1.0,FIFA World Cup qualification,N'Djamena,Chad,False,2025,177,72,105,24.3,8550000.0,26.8,234600000.0,-2.5,-226050000.0,0,1,9,-8
2025-09-04,Madagascar,Central African Republic,2.0,0.0,FIFA World Cup qualification,Casablanca,Morocco,True,2025,105,139,-34,28.0,6800000.0,25.8,8199999.999999999,2.1999999999999993,-1399999.999999999,1,3,1,2
2025-09-04,Mali,Comoros,3.0,0.0,FIFA World Cup qualification,Berkane,Morocco,True,2025,53,109,-56,25.6,116550000.0,23.7,3800000.0,1.9000000000000021,112750000.0,1,11,10,1
2025-09-04,Luxembourg,Northern Ireland,1.0,3.0,FIFA World Cup qualification,Luxembourg,Luxembourg,False,2025,103,69,34,26.2,14700000.0,23.8,79900000.0,2.3999999999999986,-65200000.0,2,3,8,-5
2025-09-04,Slovakia,Germany,2.0,0.0,FIFA World Cup qualification,Bratislava,Slovakia,False,2025,45,9,36,26.9,59850000.0,28.1,947000000.0,-1.2000000000000028,-887150000.0,1,7,5,2
2025-09-04,Georgia,Turkey,2.0,3.0,FIFA World Cup qualification,Tbilisi,Georgia,False,2025,73,25,48,26.3,260600000.00000003,27.7,473700000.0,-1.3999999999999986,-213099999.99999997,2,7,10,-3
2025-09-04,Bulgaria,Spain,0.0,3.0,FIFA World Cup qualification,Sofia,Bulgaria,False,2025,88,1,87,25.7,30050000.0,26.8,1220000000.0,-1.1000000000000014,-1189950000.0,2,4,9,-5
2025-09-04,Lithuania,Malta,1.0,1.0,FIFA World Cup qualification,Kaunas,Lithuania,False,2025,146,161,-15,26.3,16180000.0,27.1,14950000.0,-0.8000000000000007,1230000.0,0,2,2,0
2025-09-04,Netherlands,Poland,1.0,1.0,FIFA World Cup qualification,Rotterdam,Netherlands,False,2025,7,31,-24,27.8,754200000.0,26.3,231600000.0,1.5,522600000.0,0,9,6,3
2025-09-04,Kazakhstan,Wales,0.0,1.0,FIFA World Cup qualification,Astana,Kazakhstan,False,2025,114,32,82,26.0,16300000.0,26.6,180650000.0,-0.6000000000000014,-164350000.0,2,3,10,-7
2025-09-04,Liechtenstein,Belgium,0.0,6.0,FIFA World Cup qualification,Vaduz,Liechtenstein,False,2025,205,8,197,26.4,625000.0,27.6,547500000.0,-1.2000000000000028,-546875000.0,2,1,7,-6
2025-09-04,Iraq,"Hong Kong, China",2.0,1.0,King's Cup,Kanchanaburi,Thailand,True,2025,58,153,-95,26.9,21200000.0,27.1,3450000.0,-0.20000000000000284,17750000.0,1,4,13,-9
2025-09-04,Thailand,Fiji,3.0,0.0,King's Cup,Kanchanaburi,Thailand,False,2025,96,155,-59,28.5,6550000.0,28.3,2450000.0,0.1999999999999993,4100000.0,1,6,6,0
2025-09-04,Suriname,Panama,0.0,0.0,FIFA World Cup qualification,Paramaribo,Suriname,False,2025,123,30,93,29.1,35930000.0,30.5,34550000.0,-1.3999999999999986,1380000.0,0,5,13,-8
2025-09-04,Guatemala,El Salvador,0.0,1.0,FIFA World Cup qualification,Guatemala City,Guatemala,False,2025,94,100,-6,25.8,7780000.0,26.8,7130000.0,-1.0,650000.0,2,4,5,-1
2025-09-05,Australia,New Zealand,1.0,0.0,Soccer Ashes,Canberra,Australia,False,2025,26,87,-61,27.4,77450000.0,28.1,34350000.0,-0.7000000000000028,43100000.0,1,13,12,1
2025-09-05,Djibouti,Burkina Faso,0.0,6.0,FIFA World Cup qualification,Bissau,Guinea-Bissau,True,2025,196,62,134,26.3,575000.0,25.0,110500000.0,1.3000000000000007,-109925000.0,2,2,10,-8
2025-09-05,Egypt,Ethiopia,2.0,0.0,FIFA World Cup qualification,Cairo,Egypt,False,2025,35,147,-112,29.1,116480000.0,27.6,2900000.0,1.5,113580000.0,1,11,6,5
2025-09-05,South Sudan,Congo DR,1.0,4.0,FIFA World Cup qualification,Juba,South Sudan,False,2025,168,56,112,25.3,1600000.0,29.1,143900000.0,-3.8000000000000007,-142300000.0,2,4,9,-5
2025-09-05,Mauritania,Togo,2.0,0.0,FIFA World Cup qualification,Nouadhibou,Mauritania,False,2025,115,124,-9,26.9,25350000.0,25.7,27800000.0,1.1999999999999993,-2450000.0,1,5,4,1
2025-09-05,Senegal,Sudan,2.0,0.0,FIFA World Cup qualification,Diamniadio,Senegal,False,2025,19,117,-98,27.1,478100000.0,29.2,3280000.0,-2.099999999999998,474820000.0,1,13,6,7
2025-09-05,Benin,Zimbabwe,1.0,0.0,FIFA World Cup qualification,Ebimpé,Côte d'Ivoire,True,2025,92,129,-37,26.2,18080000.0,26.0,25330000.0,0.1999999999999993,-7250000.0,1,3,6,-3
2025-09-05,South Africa,Lesotho,3.0,0.0,FIFA World Cup qualification,Bloemfontein,South Africa,False,2025,61,144,-83,26.8,49250000.0,28.3,575000.0,-1.5,48675000.0,1,10,7,3
2025-09-05,Congo,Tanzania,1.0,1.0,FIFA World Cup qualification,Brazzaville,Congo,False,2025,134,112,22,24.6,2550000.0,26.3,9030000.0,-1.6999999999999993,-6480000.0,0,1,6,-5
2025-09-05,Morocco,Niger,5.0,0.0,FIFA World Cup qualification,Rabat,Morocco,False,2025,11,110,-99,26.6,447700000.0,26.4,10700000.0,0.20000000000000284,437000000.0,1,15,6,9
2025-09-05,Kenya,The Gambia,1.0,3.0,FIFA World Cup qualification,Nairobi,Kenya,False,2025,113,116,-3,23.8,3300000.0,25.2,78780000.0,-1.3999999999999986,-75480000.0,2,6,7,-1
2025-09-05,Côte d'Ivoire,Burundi,1.0,0.0,FIFA World Cup qualification,Abidjan,Côte d'Ivoire,False,2025,42,145,-103,25.9,522100000.0,26.6,10930000.0,-0.7000000000000028,511170000.0,1,10,4,6
2025-09-05,Somalia,Guinea,0.0,3.0,FIFA World Cup qualification,Kampala,Uganda,True,2025,200,81,119,25.9,760000.0,24.6,74130000.0,1.2999999999999972,-73370000.0,2,2,7,-5
2025-09-05,Uganda,Mozambique,4.0,0.0,FIFA World Cup qualification,Kampala,Uganda,False,2025,85,102,-17,28.0,8630000.0,27.5,1480000.0,0.5,7150000.0,1,9,9,0
2025-09-05,Namibia,Malawi,1.0,2.0,FIFA World Cup qualification,Francistown,Botswana,True,2025,118,126,-8,27.3,2080000.0,26.4,1950000.0,0.9000000000000021,130000.0,2,6,4,2
2025-09-05,Slovenia,Sweden,2.0,2.0,FIFA World Cup qualification,Ljubljana,Slovenia,False,2025,55,43,12,26.6,100500000.0,27.6,406080000.0,-1.0,-305580000.0,0,8,13,-5
2025-09-05,Switzerland,Kosovo,4.0,0.0,FIFA World Cup qualification,Basel,Switzerland,False,2025,17,80,-63,28.3,332500000.0,26.5,147480000.0,1.8000000000000007,185020000.0,1,2,13,-11
2025-09-05,Denmark,Scotland,0.0,0.0,FIFA World Cup qualification,Copenhagen,Denmark,False,2025,21,36,-15,25.5,365000000.0,29.2,170250000.0,-3.6999999999999993,194750000.0,0,5,10,-5
2025-09-05,Greece,Belarus,5.0,1.0,FIFA World Cup qualification,Athens,Greece,False,2025,46,99,-53,26.3,275600000.0,26.3,15380000.0,0.0,260220000.0,1,9,6,3
2025-09-05,Iceland,Azerbaijan,5.0,0.0,FIFA World Cup qualification,Reykjavík,Iceland,False,2025,74,127,-53,27.7,89100000.0,27.6,19080000.0,0.09999999999999787,70020000.0,1,3,1,2
2025-09-05,Ukraine,France,0.0,2.0,FIFA World Cup qualification,Wrocław,Poland,True,2025,28,3,25,26.6,247000000.0,27.0,1520000000.0,-0.3999999999999986,-1273000000.0,2,9,9,0
2025-09-05,Italy,Estonia,5.0,0.0,FIFA World Cup qualification,Bergamo,Italy,False,2025,12,130,-118,21.0,315700000.0,25.5,13930000.0,-4.5,301770000.0,1,4,3,1
2025-09-05,Moldova,Israel,0.0,4.0,FIFA World Cup qualification,Chișinău,Moldova,False,2025,158,77,81,25.1,9700000.0,25.4,68100000.0,-0.29999999999999716,-58400000.0,2,3,10,-7
2025-09-05,Faroe Islands,Croatia,0.0,1.0,FIFA World Cup qualification,Tórshavn,Faroe Islands,False,2025,125,10,115,27.5,5100000.0,28.4,387300000.0,-0.8999999999999986,-382200000.0,2,6,10,-4
2025-09-05,Montenegro,Czechia,0.0,2.0,FIFA World Cup qualification,Podgorica,Montenegro,False,2025,83,44,39,27.9,68550000.0,27.6,188180000.0,0.29999999999999716,-119630000.0,2,9,12,-3
2025-09-05,Bermuda,Jamaica,0.0,4.0,FIFA World Cup qualification,Devonshire Parish,Bermuda,False,2025,169,70,99,27.4,375000.0,23.1,9050000.0,4.299999999999997,-8675000.0,2,6,7,-1
2025-09-05,Trinidad and Tobago,Curaçao,0.0,0.0,FIFA World Cup qualification,Port of Spain,Trinidad and Tobago,False,2025,98,82,16,26.3,2150000.0,28.0,25780000.0,-1.6999999999999993,-23630000.0,0,5,8,-3
2025-09-05,Haiti,Honduras,0.0,0.0,FIFA World Cup qualification,Willemstad,Curaçao,True,2025,84,65,19,27.6,55900000.0,25.4,20930000.0,2.200000000000003,34970000.0,0,4,7,-3
2025-09-05,Nicaragua,Costa Rica,1.0,1.0,FIFA World Cup qualification,Managua,Nicaragua,False,2025,132,49,83,25.6,3780000.0,24.8,28200000.0,0.8000000000000007,-24420000.0,0,7,11,-4
2025-09-06,Sri Lanka,Maldives,0.0,3.0,South Asian Super Cup,Colombo,Sri Lanka,False,2025,194,173,21,27.2,910000.0,29.6,675000.0,-2.400000000000002,235000.0,2,8,1,7
2025-09-06,Nigeria,Rwanda,1.0,0.0,FIFA World Cup qualification,Uyo,Nigeria,False,2025,38,131,-93,26.6,172050000.0,27.1,6950000.0,-0.5,165100000.0,1,8,7,1
2025-09-06,Republic of Ireland,Hungary,2.0,2.0,FIFA World Cup qualification,Dublin,Republic of Ireland,False,2025,59,40,19,24.9,146850000.0,25.7,209200000.0,-0.8000000000000007,-62350000.0,0,9,4,5
2025-09-06,Armenia,Portugal,0.0,5.0,FIFA World Cup qualification,Yerevan,Armenia,False,2025,106,6,100,26.0,42230000.0,28.1,1010000000.0,-2.1000000000000014,-967770000.0,2,3,8,-5
2025-09-06,Austria,Cyprus,1.0,0.0,FIFA World Cup qualification,Linz,Austria,False,2025,24,128,-104,28.6,245200000.0,26.8,19900000.0,1.8000000000000007,225300000.0,1,8,6,2
2025-09-06,San Marino,Bosnia and Herzegovina,0.0,6.0,FIFA World Cup qualification,Serravalle,San Marino,False,2025,210,71,139,23.8,1150000.0,26.4,151600000.0,-2.599999999999998,-150450000.0,2,3,10,-7
2025-09-06,Latvia,Serbia,0.0,1.0,FIFA World Cup qualification,Riga,Latvia,False,2025,140,37,103,27.0,8230000.0,23.0,209500000.0,4.0,-201270000.0,2,4,9,-5
2025-09-06,England,Andorra,2.0,0.0,FIFA World Cup qualification,London,England,False,2025,4,172,-168,27.2,1360000000.0,29.1,3710000.0,-1.9000000000000021,1356290000.0,1,15,1,14
2025-09-07,Central African Republic,Comoros,0.0,2.0,FIFA World Cup qualification,Meknes,Morocco,True,2025,139,109,30,25.8,8199999.999999999,23.7,3800000.0,2.1000000000000014,4399999.999999999,2,1,9,-8
2025-09-07,Germany,Northern Ireland,3.0,1.0,FIFA World Cup qualification,Cologne,Germany,False,2025,9,69,-60,28.1,947000000.0,23.8,79900000.0,4.300000000000001,867100000.0,1,4,11,-7
2025-09-07,Luxembourg,Slovakia,0.0,1.0,FIFA World Cup qualification,Luxembourg,Luxembourg,False,2025,103,45,58,26.2,14700000.0,26.9,59850000.0,-0.6999999999999993,-45150000.0,2,3,7,-4
2025-09-07,Georgia,Bulgaria,3.0,0.0,FIFA World Cup qualification,Tbilisi,Georgia,False,2025,73,88,-15,26.3,260600000.00000003,25.7,30050000.0,0.6000000000000014,230550000.00000003,1,7,4,3
2025-09-07,Turkey,Spain,0.0,6.0,FIFA World Cup qualification,Konya,Turkey,False,2025,25,1,24,27.7,473700000.0,26.8,1220000000.0,0.8999999999999986,-746300000.0,2,10,9,1
2025-09-07,Lithuania,Netherlands,2.0,3.0,FIFA World Cup qualification,Kaunas,Lithuania,False,2025,146,7,139,26.3,16180000.0,27.8,754200000.0,-1.5,-738020000.0,2,3,9,-6
2025-09-07,Poland,Finland,3.0,1.0,FIFA World Cup qualification,Chorzów,Poland,False,2025,31,75,-44,26.3,231600000.0,26.1,41850000.0,0.1999999999999993,189750000.0,1,7,7,0
2025-09-07,North Macedonia,Liechtenstein,5.0,0.0,FIFA World Cup qualification,Skopje,North Macedonia,False,2025,66,205,-139,27.8,34450000.0,26.4,625000.0,1.4000000000000021,33825000.0,1,11,0,11
2025-09-07,Belgium,Kazakhstan,6.0,0.0,FIFA World Cup qualification,Anderlecht,Belgium,False,2025,8,114,-106,27.6,547500000.0,26.0,16300000.0,1.6000000000000014,531200000.0,1,10,3,7
2025-09-07,Fiji,"Hong Kong, China",0.0,8.0,King's Cup,Kanchanaburi,Thailand,True,2025,155,153,2,28.3,2450000.0,27.1,3450000.0,1.1999999999999993,-1000000.0,2,5,10,-5
2025-09-07,Thailand,Iraq,0.0,1.0,King's Cup,Kanchanaburi,Thailand,False,2025,96,58,38,28.5,6550000.0,26.9,21200000.0,1.6000000000000014,-14650000.0,2,6,7,-1
2025-09-08,Guinea-Bissau,Djibouti,2.0,0.0,FIFA World Cup qualification,Bissau,Guinea-Bissau,False,2025,133,196,-63,26.6,39450000.0,26.3,575000.0,0.3000000000000007,38875000.0,1,2,1,1
2025-09-08,Libya,Eswatini,2.0,0.0,FIFA World Cup qualification,Benghazi,Libya,False,2025,111,159,-48,26.6,10130000.0,26.5,1080000.0,0.10000000000000142,9050000.0,1,8,3,5
2025-09-08,Zambia,Morocco,0.0,2.0,FIFA World Cup qualification,Ndola,Zambia,False,2025,91,11,80,26.3,14130000.0,26.6,447700000.0,-0.3000000000000007,-433570000.0,2,13,15,-2
2025-09-08,Mozambique,Botswana,2.0,0.0,FIFA World Cup qualification,Maputo,Mozambique,False,2025,102,138,-36,27.5,1480000.0,30.1,3050000.0,-2.6000000000000014,-1570000.0,1,6,5,1
2025-09-08,Guinea,Algeria,0.0,0.0,FIFA World Cup qualification,Casablanca,Morocco,True,2025,81,34,47,24.6,74130000.0,26.9,256899999.99999997,-2.299999999999997,-182769999.99999997,0,7,13,-6
2025-09-08,Uganda,Somalia,2.0,0.0,FIFA World Cup qualification,Kampala,Uganda,False,2025,85,200,-115,28.0,8630000.0,25.9,760000.0,2.1000000000000014,7870000.0,1,9,1,8
2025-09-08,Equatorial Guinea,Tunisia,0.0,1.0,FIFA World Cup qualification,Malabo,Equatorial Guinea,False,2025,97,41,56,26.2,4200000.0,26.7,69950000.0,-0.5,-65750000.0,2,8,12,-4
2025-09-08,Malawi,Liberia,2.0,2.0,FIFA World Cup qualification,Lilongwe,Malawi,False,2025,126,141,-15,26.4,1950000.0,24.5,14330000.0,1.8999999999999986,-12380000.0,0,7,6,1
2025-09-08,Madagascar,Chad,3.0,1.0,FIFA World Cup qualification,Casablanca,Morocco,True,2025,105,177,-72,28.0,6800000.0,24.3,8550000.0,3.6999999999999993,-1750000.0,1,6,2,4
2025-09-08,Ghana,Mali,1.0,0.0,FIFA World Cup qualification,Accra,Ghana,False,2025,72,53,19,26.8,234600000.0,25.6,116550000.0,1.1999999999999993,118050000.0,1,10,13,-3
2025-09-08,Kosovo,Sweden,2.0,0.0,FIFA World Cup qualification,Pristina,Kosovo,False,2025,80,43,37,26.5,147480000.0,27.6,406080000.0,-1.1000000000000014,-258600000.0,1,10,11,-1
2025-09-08,Switzerland,Slovenia,3.0,0.0,FIFA World Cup qualification,Basel,Switzerland,False,2025,17,55,-38,28.3,332500000.0,26.6,100500000.0,1.6999999999999993,232000000.0,1,5,6,-1
2025-09-08,Belarus,Scotland,0.0,2.0,FIFA World Cup qualification,Zalaegerszeg,Hungary,True,2025,99,36,63,26.3,15380000.0,29.2,170250000.0,-2.8999999999999986,-154870000.0,2,3,10,-7
2025-09-08,Greece,Denmark,0.0,3.0,FIFA World Cup qualification,Athens,Greece,False,2025,46,21,25,26.3,275600000.0,25.5,365000000.0,0.8000000000000007,-89400000.0,2,9,5,4
2025-09-08,Israel,Italy,4.0,5.0,FIFA World Cup qualification,Debrecen,Hungary,True,2025,77,12,65,25.4,68100000.0,21.0,315700000.0,4.399999999999999,-247600000.0,2,12,7,5
2025-09-08,Croatia,Montenegro,4.0,0.0,FIFA World Cup qualification,Zagreb,Croatia,False,2025,10,83,-73,28.4,387300000.0,27.9,68550000.0,0.5,318750000.0,1,12,9,3
2025-09-08,Gibraltar,Faroe Islands,0.0,1.0,FIFA World Cup qualification,Gibraltar,Gibraltar,False,2025,202,125,77,23.7,1840000.0,27.5,5100000.0,-3.8000000000000007,-3260000.0,2,1,3,-2
2025-09-08,El Salvador,Suriname,1.0,2.0,FIFA World Cup qualification,San Salvador,El Salvador,False,2025,100,123,-23,26.8,7130000.0,29.1,35930000.0,-2.3000000000000007,-28800000.0,2,5,3,2
2025-09-08,Panama,Guatemala,1.0,1.0,FIFA World Cup qualification,Panama City,Panama,False,2025,30,94,-64,30.5,34550000.0,25.8,7780000.0,4.699999999999999,26770000.0,0,11,4,7
2025-09-09,New Zealand,Australia,1.0,3.0,Soccer Ashes,Auckland,New Zealand,False,2025,87,26,61,28.1,34350000.0,27.4,77450000.0,0.7000000000000028,-43100000.0,2,9,15,-6
2025-09-09,Ecuador,Argentina,1.0,0.0,FIFA World Cup qualification,Guayaquil,Ecuador,False,2025,23,2,21,26.1,368700000.0,29.1,807500000.0,-3.0,-438800000.0,1,7,13,-6
2025-09-09,Peru,Paraguay,0.0,1.0,FIFA World Cup qualification,Lima,Peru,False,2025,51,39,12,27.1,30580000.0,29.1,153650000.0,-2.0,-123070000.0,2,5,8,-3
2025-09-09,Bolivia,Brazil,1.0,0.0,FIFA World Cup qualification,El Alto,Bolivia,False,2025,76,5,71,23.8,18050000.0,29.4,928200000.0,-5.599999999999998,-910150000.0,1,4,10,-6
2025-09-09,Venezuela,Colombia,3.0,6.0,FIFA World Cup qualification,Maturín,Venezuela,False,2025,48,13,35,25.6,79000000.0,30.1,302350000.0,-4.5,-223350000.0,2,6,6,0
2025-09-09,Chile,Uruguay,0.0,0.0,FIFA World Cup qualification,Santiago,Chile,False,2025,52,16,36,25.9,66800000.0,28.8,359300000.0,-2.900000000000002,-292500000.0,0,1,7,-6
2025-09-09,Sierra Leone,Ethiopia,2.0,0.0,FIFA World Cup qualification,Monrovia,Liberia,True,2025,120,147,-27,24.3,13330000.0,27.6,2900000.0,-3.3000000000000007,10430000.0,1,5,6,-1
2025-09-09,Burkina Faso,Egypt,0.0,0.0,FIFA World Cup qualification,Ouagadougou,Burkina Faso,False,2025,62,35,27,25.0,110500000.0,29.1,116480000.0,-4.100000000000001,-5980000.0,0,13,11,2
2025-09-09,Togo,Sudan,1.0,0.0,FIFA World Cup qualification,Lomé,Togo,False,2025,124,117,7,25.7,27800000.0,29.2,3280000.0,-3.5,24520000.0,1,4,3,1
2025-09-09,Congo DR,Senegal,2.0,3.0,FIFA World Cup qualification,Kinshasa,Congo DR,False,2025,56,19,37,29.1,143900000.0,27.1,478100000.0,2.0,-334200000.0,2,9,13,-4
2025-09-09,Mauritania,South Sudan,0.0,0.0,FIFA World Cup qualification,Nouadhibou,Mauritania,False,2025,115,168,-53,26.9,25350000.0,25.3,1600000.0,1.5999999999999979,23750000.0,0,8,4,4
2025-09-09,Zimbabwe,Rwanda,0.0,1.0,FIFA World Cup qualification,Johannesburg,South Africa,True,2025,129,131,-2,26.0,25330000.0,27.1,6950000.0,-1.1000000000000014,18380000.0,2,3,4,-1
2025-09-09,South Africa,Nigeria,1.0,1.0,FIFA World Cup qualification,Bloemfontein,South Africa,False,2025,61,38,23,26.8,49250000.0,26.6,172050000.0,0.1999999999999993,-122800000.0,0,12,11,1
2025-09-09,Benin,Lesotho,4.0,0.0,FIFA World Cup qualification,Abidjan,Côte d'Ivoire,True,2025,92,144,-52,26.2,18080000.0,28.3,575000.0,-2.1000000000000014,17505000.0,1,6,7,-1
2025-09-09,Cabo Verde,Cameroon,1.0,0.0,FIFA World Cup qualification,Praia,Cabo Verde,False,2025,67,57,10,29.7,54500000.0,23.7,198700000.0,6.0,-144200000.0,1,10,11,-1
2025-09-09,Angola,Mauritius,3.0,1.0,FIFA World Cup qualification,Luanda,Angola,False,2025,89,176,-87,29.4,46550000.0,28.3,800000.0,1.0999999999999979,45750000.0,1,3,2,1
2025-09-09,Tanzania,Niger,0.0,1.0,FIFA World Cup qualification,Unguja,Tanzania,False,2025,112,110,2,26.3,9030000.0,26.4,10700000.0,-0.09999999999999787,-1670000.0,2,4,6,-2
2025-09-09,Kenya,Seychelles,5.0,0.0,FIFA World Cup qualification,Nairobi,Kenya,False,2025,113,203,-90,23.8,3300000.0,24.5,1030000.0,-0.6999999999999993,2270000.0,1,5,0,5
2025-09-09,Gabon,Côte d'Ivoire,0.0,0.0,FIFA World Cup qualification,Franceville,Gabon,False,2025,78,42,36,27.6,35280000.0,25.9,522100000.0,1.7000000000000028,-486820000.0,0,12,10,2
2025-09-09,The Gambia,Burundi,2.0,0.0,FIFA World Cup qualification,Nairobi,Kenya,True,2025,116,145,-29,25.2,78780000.0,26.6,10930000.0,-1.4000000000000021,67850000.0,1,7,4,3
2025-09-09,Namibia,São Tomé and Príncipe,3.0,0.0,FIFA World Cup qualification,Francistown,Botswana,True,2025,118,189,-71,27.3,2080000.0,25.8,1430000.0,1.5,650000.0,1,6,0,6
2025-09-09,Azerbaijan,Ukraine,1.0,1.0,FIFA World Cup qualification,Baku,Azerbaijan,False,2025,127,28,99,27.6,19080000.0,26.6,247000000.0,1.0,-227920000.0,0,1,6,-5
2025-09-09,France,Iceland,2.0,1.0,FIFA World Cup qualification,Paris,France,False,2025,3,74,-71,27.0,1520000000.0,27.7,89100000.0,-0.6999999999999993,1430900000.0,1,9,6,3
2025-09-09,Armenia,Republic of Ireland,2.0,1.0,FIFA World Cup qualification,Yerevan,Armenia,False,2025,106,59,47,26.0,42230000.0,24.9,146850000.0,1.1000000000000014,-104620000.0,1,3,10,-7
2025-09-09,Hungary,Portugal,2.0,3.0,FIFA World Cup qualification,Budapest,Hungary,False,2025,40,6,34,25.7,209200000.0,28.1,1010000000.0,-2.400000000000002,-800800000.0,2,2,10,-8
2025-09-09,Bosnia and Herzegovina,Austria,1.0,2.0,FIFA World Cup qualification,Zenica,Bosnia and Herzegovina,False,2025,71,24,47,26.4,151600000.0,28.6,245200000.0,-2.200000000000003,-93600000.0,2,13,10,3
2025-09-09,Cyprus,Romania,2.0,2.0,FIFA World Cup qualification,Nicosia,Cyprus,False,2025,128,47,81,26.8,19900000.0,26.0,56950000.0,0.8000000000000007,-37050000.0,0,3,9,-6
2025-09-09,Norway,Moldova,11.0,1.0,FIFA World Cup qualification,Oslo,Norway,False,2025,29,158,-129,26.8,589900000.0,25.1,9700000.0,1.6999999999999993,580200000.0,1,15,3,12
2025-09-09,Albania,Latvia,1.0,0.0,FIFA World Cup qualification,Tirana,Albania,False,2025,63,140,-77,27.4,88800000.0,27.0,8230000.0,0.3999999999999986,80570000.0,1,5,4,1
2025-09-09,Serbia,England,0.0,5.0,FIFA World Cup qualification,Belgrade,Serbia,False,2025,37,4,33,23.0,209500000.0,27.2,1360000000.0,-4.199999999999999,-1150500000.0,2,11,15,-4
2025-09-09,Jamaica,Trinidad and Tobago,2.0,0.0,FIFA World Cup qualification,Kingston,Jamaica,False,2025,70,98,-28,23.1,9050000.0,26.3,2150000.0,-3.1999999999999993,6900000.0,1,9,3,6
2025-09-09,Curaçao,Bermuda,3.0,2.0,FIFA World Cup qualification,Willemstad,Curaçao,False,2025,82,169,-87,28.0,25780000.0,27.4,375000.0,0.6000000000000014,25405000.0,1,6,6,0
2025-09-09,Costa Rica,Haiti,3.0,3.0,FIFA World Cup qualification,San José,Costa Rica,False,2025,49,84,-35,24.8,28200000.0,27.6,55900000.0,-2.8000000000000007,-27700000.0,0,9,2,7
2025-09-09,Honduras,Nicaragua,2.0,0.0,FIFA World Cup qualification,Tegucigalpa,Honduras,False,2025,65,132,-67,25.4,20930000.0,25.6,3780000.0,-0.20000000000000284,17150000.0,1,8,5,3
2025-10-08,Qatar,Oman,0.0,0.0,FIFA World Cup qualification,Al Rayyan,Qatar,False,2025,54,79,-25,29.5,19930000.0,28.7,8330000.0,0.8000000000000007,11600000.0,0,7,5,2
2025-10-08,Saudi Arabia,Indonesia,3.0,2.0,FIFA World Cup qualification,Jeddah,Saudi Arabia,False,2025,60,122,-62,28.5,40680000.0,25.7,19550000.0,2.8000000000000007,21130000.0,1,4,6,-2
2025-10-08,Ethiopia,Guinea-Bissau,1.0,0.0,FIFA World Cup qualification,Kigali,Rwanda,True,2025,147,133,14,27.6,2900000.0,26.6,39450000.0,1.0,-36550000.0,1,6,4,2
2025-10-08,Sierra Leone,Burkina Faso,0.0,1.0,FIFA World Cup qualification,Monrovia,Liberia,True,2025,120,62,58,24.3,13330000.0,25.0,110500000.0,-0.6999999999999993,-97170000.0,2,7,13,-6
2025-10-08,Djibouti,Egypt,0.0,3.0,FIFA World Cup qualification,Casablanca,Morocco,True,2025,196,35,161,26.3,575000.0,29.1,116480000.0,-2.8000000000000007,-115905000.0,2,1,11,-10
2025-10-08,Libya,Cabo Verde,3.0,3.0,FIFA World Cup qualification,Tripoli,Libya,False,2025,111,67,44,26.6,10130000.0,29.7,54500000.0,-3.099999999999998,-44370000.0,0,8,12,-4
2025-10-08,Eswatini,Angola,2.0,2.0,FIFA World Cup qualification,Lobamba,Eswatini,False,2025,159,89,70,26.5,1080000.0,29.4,46550000.0,-2.8999999999999986,-45470000.0,0,2,5,-3
2025-10-08,Mauritius,Cameroon,0.0,2.0,FIFA World Cup qualification,Saint Pierre,Mauritius,False,2025,176,57,119,28.3,800000.0,23.7,198700000.0,4.600000000000001,-197900000.0,2,1,10,-9
2025-10-08,Niger,Congo,3.0,1.0,FIFA World Cup qualification,Ouagadougou,Burkina Faso,True,2025,110,134,-24,26.4,10700000.0,24.6,2550000.0,1.7999999999999972,8150000.0,1,9,2,7
2025-10-08,Tanzania,Zambia,0.0,1.0,FIFA World Cup qualification,Unguja,Tanzania,False,2025,112,91,21,26.3,9030000.0,26.3,14130000.0,0.0,-5100000.0,2,1,10,-9
2025-10-08,Comoros,Madagascar,1.0,2.0,FIFA World Cup qualification,Abidjan,Côte d'Ivoire,True,2025,109,105,4,23.7,3800000.0,28.0,6800000.0,-4.300000000000001,-3000000.0,2,9,9,0
2025-10-08,Central African Republic,Ghana,0.0,5.0,FIFA World Cup qualification,El Jadida,Morocco,True,2025,139,72,67,25.8,8199999.999999999,26.8,234600000.0,-1.0,-226400000.0,2,1,10,-9
2025-10-08,Chad,Mali,0.0,2.0,FIFA World Cup qualification,N'Djamena,Chad,False,2025,177,53,124,24.3,8550000.0,25.6,116550000.0,-1.3000000000000007,-108000000.0,2,1,10,-9
2025-10-09,Burundi,Kenya,0.0,1.0,FIFA World Cup qualification,Bujumbura,Burundi,False,2025,145,113,32,26.6,10930000.0,23.8,3300000.0,2.8000000000000007,7630000.0,2,3,7,-4
2025-10-09,Algeria,Somalia,3.0,0.0,FIFA World Cup qualification,Bir El Djir,Algeria,False,2025,34,200,-166,26.9,256899999.99999997,25.9,760000.0,1.0,256139999.99999997,1,13,1,12
2025-10-09,Botswana,Uganda,0.0,1.0,FIFA World Cup qualification,Francistown,Botswana,False,2025,138,85,53,30.1,3050000.0,28.0,8630000.0,2.1000000000000014,-5580000.0,2,4,12,-8
2025-10-09,Mozambique,Guinea,1.0,2.0,FIFA World Cup qualification,Maputo,Mozambique,False,2025,102,81,21,27.5,1480000.0,24.6,74130000.0,2.8999999999999986,-72650000.0,2,9,5,4
2025-10-09,Malawi,Equatorial Guinea,3.0,0.0,FIFA World Cup qualification,Lilongwe,Malawi,False,2025,126,97,29,26.4,1950000.0,26.2,4200000.0,0.1999999999999993,-2250000.0,1,7,7,0
2025-10-09,Scotland,Greece,3.0,1.0,FIFA World Cup qualification,Glasgow,Scotland,False,2025,36,46,-10,29.2,170250000.0,26.3,275600000.0,2.8999999999999986,-105350000.0,1,10,9,1
2025-10-09,Belarus,Denmark,0.0,6.0,FIFA World Cup qualification,Zalaegerszeg,Hungary,True,2025,99,21,78,26.3,15380000.0,25.5,365000000.0,0.8000000000000007,-349620000.0,2,2,8,-6
2025-10-09,Malta,Netherlands,0.0,4.0,FIFA World Cup qualification,Ta' Qali,Malta,False,2025,161,7,154,27.1,14950000.0,27.8,754200000.0,-0.6999999999999993,-739250000.0,2,2,11,-9
2025-10-09,Finland,Lithuania,2.0,1.0,FIFA World Cup qualification,Helsinki,Finland,False,2025,75,146,-71,26.1,41850000.0,26.3,16180000.0,-0.1999999999999993,25670000.0,1,7,3,4
2025-10-09,Austria,San Marino,10.0,0.0,FIFA World Cup qualification,Vienna,Austria,False,2025,24,210,-186,28.6,245200000.0,23.8,1150000.0,4.800000000000001,244050000.0,1,12,0,12
2025-10-09,Cyprus,Bosnia and Herzegovina,2.0,2.0,FIFA World Cup qualification,Larnaca,Cyprus,False,2025,128,71,57,26.8,19900000.0,26.4,151600000.0,0.40000000000000213,-131700000.0,0,4,12,-8
2025-10-09,Faroe Islands,Montenegro,4.0,0.0,FIFA World Cup qualification,Tórshavn,Faroe Islands,False,2025,125,83,42,27.5,5100000.0,27.9,68550000.0,-0.3999999999999986,-63450000.0,1,6,6,0
2025-10-09,Czechia,Croatia,0.0,0.0,FIFA World Cup qualification,Prague,Czechia,False,2025,44,10,34,27.6,188180000.0,28.4,387300000.0,-0.7999999999999972,-199120000.0,0,12,12,0
2025-10-09,Tajikistan,Maldives,2.0,0.0,AFC Asian Cup qualification,Hisor,Tajikistan,False,2025,101,173,-72,26.0,7780000.0,29.6,675000.0,-3.6000000000000014,7105000.0,1,5,4,1
2025-10-09,Timor-Leste,Philippines,1.0,4.0,AFC Asian Cup qualification,Darwin,Australia,True,2025,198,136,62,23.5,785000.0,26.3,3230000.0,-2.8000000000000007,-2445000.0,2,3,10,-7
2025-10-09,Brunei Darussalam,Yemen,0.0,2.0,AFC Asian Cup qualification,Bandar Seri Begawan,Brunei Darussalam,False,2025,188,149,39,28.5,800000.0,26.8,2200000.0,1.6999999999999993,-1400000.0,2,7,5,2
2025-10-09,Lebanon,Bhutan,2.0,0.0,AFC Asian Cup qualification,Doha,Qatar,True,2025,108,192,-84,28.9,5550000.0,24.9,840000.0,4.0,4710000.0,1,10,4,6
2025-10-09,Singapore,India,1.0,1.0,AFC Asian Cup qualification,Kallang,Singapore,False,2025,148,142,6,28.2,4380000.0,26.8,4000000.0,1.3999999999999986,380000.0,0,5,2,3
2025-10-09,Bangladesh,"Hong Kong, China",3.0,4.0,AFC Asian Cup qualification,Dhaka,Bangladesh,False,2025,180,153,27,26.4,7250000.0,27.1,3450000.0,-0.7000000000000028,3800000.0,2,1,10,-9
2025-10-09,Sri Lanka,Turkmenistan,1.0,0.0,AFC Asian Cup qualification,Colombo,Sri Lanka,False,2025,194,137,57,27.2,910000.0,27.6,2950000.0,-0.40000000000000213,-2040000.0,1,5,7,-2
2025-10-09,Thailand,Chinese Taipei,2.0,0.0,AFC Asian Cup qualification,Bangkok,Thailand,False,2025,96,174,-78,28.5,6550000.0,26.4,1920000.0,2.1000000000000014,4630000.0,1,6,3,3
2025-10-09,Pakistan,Afghanistan,0.0,0.0,AFC Asian Cup qualification,Islamabad,Pakistan,False,2025,199,162,37,25.7,3540000.0,24.8,1080000.0,0.8999999999999986,2460000.0,0,0,4,-4
2025-10-09,Syria,Myanmar,5.0,1.0,AFC Asian Cup qualification,Al Hofuf,Saudi Arabia,True,2025,86,163,-77,28.0,7930000.0,26.5,3000000.0,1.5,4930000.0,1,12,10,2
2025-10-09,Laos,Malaysia,0.0,3.0,AFC Asian Cup qualification,Vientiane,Laos,False,2025,190,121,69,23.2,1320000.0,28.6,7600000.0,-5.400000000000002,-6280000.0,2,5,10,-5
2025-10-09,Vietnam,Nepal,3.0,1.0,AFC Asian Cup qualification,Ho Chi Minh City,Vietnam,False,2025,107,182,-75,28.1,6380000.0,27.5,1350000.0,0.6000000000000014,5030000.0,1,12,1,11
2025-10-09,Liberia,Namibia,3.0,1.0,FIFA World Cup qualification,Monrovia,Liberia,False,2025,141,118,23,24.5,14330000.0,27.3,2080000.0,-2.8000000000000007,12250000.0,1,4,8,-4
2025-10-09,Nicaragua,Haiti,0.0,3.0,FIFA World Cup qualification,Managua,Nicaragua,False,2025,132,84,48,25.6,3780000.0,27.6,55900000.0,-2.0,-52120000.0,2,4,3,1
2025-10-09,Honduras,Costa Rica,0.0,0.0,FIFA World Cup qualification,San Pedro Sula,Honduras,False,2025,65,49,16,25.4,20930000.0,24.8,28200000.0,0.5999999999999979,-7270000.0,0,8,7,1
2025-10-10,Japan,Paraguay,2.0,2.0,Kirin Cup,Osaka,Japan,False,2025,18,39,-21,27.8,270850000.0,29.1,153650000.0,-1.3000000000000007,117200000.0,0,10,8,2
2025-10-10,Togo,Congo DR,0.0,1.0,FIFA World Cup qualification,Lomé,Togo,False,2025,124,56,68,25.7,27800000.0,29.1,143900000.0,-3.400000000000002,-116100000.0,2,7,9,-2
2025-10-10,South Sudan,Senegal,0.0,5.0,FIFA World Cup qualification,Juba,South Sudan,False,2025,168,19,149,25.3,1600000.0,27.1,478100000.0,-1.8000000000000007,-476500000.0,2,2,13,-11
2025-10-10,Sudan,Mauritania,0.0,0.0,FIFA World Cup qualification,Dar es Salaam,Tanzania,True,2025,117,115,2,29.2,3280000.0,26.9,25350000.0,2.3000000000000007,-22070000.0,0,3,8,-5
2025-10-10,Lesotho,Nigeria,1.0,2.0,FIFA World Cup qualification,Polokwane,South Africa,True,2025,144,38,106,28.3,575000.0,26.6,172050000.0,1.6999999999999993,-171475000.0,2,4,9,-5
2025-10-10,Rwanda,Benin,0.0,1.0,FIFA World Cup qualification,Kigali,Rwanda,False,2025,131,92,39,27.1,6950000.0,26.2,18080000.0,0.9000000000000021,-11130000.0,2,7,8,-1
2025-10-10,South Africa,Zimbabwe,0.0,0.0,FIFA World Cup qualification,Durban,South Africa,False,2025,61,129,-68,26.8,49250000.0,26.0,25330000.0,0.8000000000000007,23920000.0,0,10,2,8
2025-10-10,The Gambia,Gabon,3.0,4.0,FIFA World Cup qualification,Nairobi,Kenya,True,2025,116,78,38,25.2,78780000.0,27.6,35280000.0,-2.400000000000002,43500000.0,2,10,13,-3
2025-10-10,Seychelles,Côte d'Ivoire,0.0,7.0,FIFA World Cup qualification,Saint Pierre,Mauritius,True,2025,203,42,161,24.5,1030000.0,25.9,522100000.0,-1.3999999999999986,-521070000.0,2,0,8,-8
2025-10-10,Tunisia,São Tomé and Príncipe,6.0,0.0,FIFA World Cup qualification,Radès,Tunisia,False,2025,41,189,-148,26.7,69950000.0,25.8,1430000.0,0.8999999999999986,68520000.0,1,12,0,12
2025-10-10,Northern Ireland,Slovakia,2.0,0.0,FIFA World Cup qualification,Belfast,Northern Ireland,False,2025,69,45,24,23.8,79900000.0,26.9,59850000.0,-3.099999999999998,20050000.0,1,10,10,0
2025-10-10,Germany,Luxembourg,4.0,0.0,FIFA World Cup qualification,Sinsheim,Germany,False,2025,9,103,-94,28.1,947000000.0,26.2,14700000.0,1.9000000000000021,932300000.0,1,4,2,2
2025-10-10,Kosovo,Slovenia,0.0,0.0,FIFA World Cup qualification,Pristina,Kosovo,False,2025,80,55,25,26.5,147480000.0,26.6,100500000.0,-0.10000000000000142,46980000.0,0,12,6,6
2025-10-10,Sweden,Switzerland,0.0,2.0,FIFA World Cup qualification,Solna,Sweden,False,2025,43,17,26,27.6,406080000.0,28.3,332500000.0,-0.6999999999999993,73580000.0,2,10,8,2
2025-10-10,Iceland,Ukraine,3.0,5.0,FIFA World Cup qualification,Reykjavík,Iceland,False,2025,74,28,46,27.7,89100000.0,26.6,247000000.0,1.0999999999999979,-157900000.0,2,3,4,-1
2025-10-10,France,Azerbaijan,3.0,0.0,FIFA World Cup qualification,Paris,France,False,2025,3,127,-124,27.0,1520000000.0,27.6,19080000.0,-0.6000000000000014,1500920000.0,1,12,2,10
2025-10-10,Kazakhstan,Liechtenstein,4.0,0.0,FIFA World Cup qualification,Astana,Kazakhstan,False,2025,114,205,-91,26.0,16300000.0,26.4,625000.0,-0.3999999999999986,15675000.0,1,3,0,3
2025-10-10,Belgium,North Macedonia,0.0,0.0,FIFA World Cup qualification,Gent,Belgium,False,2025,8,66,-58,27.6,547500000.0,27.8,34450000.0,-0.1999999999999993,513050000.0,0,13,11,2
2025-10-10,Suriname,Guatemala,1.0,1.0,FIFA World Cup qualification,Paramaribo,Suriname,False,2025,123,94,29,29.1,35930000.0,25.8,7780000.0,3.3000000000000007,28150000.0,0,5,2,3
2025-10-10,El Salvador,Panama,0.0,1.0,FIFA World Cup qualification,San Salvador,El Salvador,False,2025,100,30,70,26.8,7130000.0,30.5,34550000.0,-3.6999999999999993,-27420000.0,2,4,9,-5
2025-10-10,Bermuda,Trinidad and Tobago,0.0,3.0,FIFA World Cup qualification,Devonshire Parish,Bermuda,False,2025,169,98,71,27.4,375000.0,26.3,2150000.0,1.0999999999999979,-1775000.0,2,6,3,3
2025-10-10,Curaçao,Jamaica,2.0,0.0,FIFA World Cup qualification,Willemstad,Curaçao,False,2025,82,70,12,28.0,25780000.0,23.1,9050000.0,4.899999999999999,16730000.0,1,6,9,-3
2025-10-11,United Arab Emirates,Oman,2.0,1.0,FIFA World Cup qualification,Al Rayyan,Qatar,True,2025,68,79,-11,26.7,29050000.0,28.7,8330000.0,-2.0,20720000.0,1,6,6,0
2025-10-11,Iraq,Indonesia,1.0,0.0,FIFA World Cup qualification,Jeddah,Saudi Arabia,True,2025,58,122,-64,26.9,21200000.0,25.7,19550000.0,1.1999999999999993,1650000.0,1,9,6,3
2025-10-11,Spain,Georgia,2.0,0.0,FIFA World Cup qualification,Elche,Spain,False,2025,1,73,-72,26.8,1220000000.0,26.3,260600000.00000003,0.5,959400000.0,1,11,9,2
2025-10-11,Bulgaria,Turkey,1.0,6.0,FIFA World Cup qualification,Sofia,Bulgaria,False,2025,88,25,63,25.7,30050000.0,27.7,473700000.0,-2.0,-443650000.0,2,1,9,-8
2025-10-11,Hungary,Armenia,2.0,0.0,FIFA World Cup qualification,Budapest,Hungary,False,2025,40,106,-66,25.7,209200000.0,26.0,42230000.0,-0.3000000000000007,166970000.0,1,2,6,-4
2025-10-11,Portugal,Republic of Ireland,1.0,0.0,FIFA World Cup qualification,Lisbon,Portugal,False,2025,6,59,-53,28.1,1010000000.0,24.9,146850000.0,3.200000000000003,863150000.0,1,13,7,6
2025-10-11,Norway,Israel,5.0,0.0,FIFA World Cup qualification,Oslo,Norway,False,2025,29,77,-48,26.8,589900000.0,25.4,68100000.0,1.4000000000000021,521800000.0,1,15,9,6
2025-10-11,Estonia,Italy,1.0,3.0,FIFA World Cup qualification,Tallinn,Estonia,False,2025,130,12,118,25.5,13930000.0,21.0,315700000.0,4.5,-301770000.0,2,3,10,-7
2025-10-11,Latvia,Andorra,2.0,2.0,FIFA World Cup qualification,Riga,Latvia,False,2025,140,172,-32,27.0,8230000.0,29.1,3710000.0,-2.1000000000000014,4520000.0,0,4,0,4
2025-10-11,Serbia,Albania,0.0,1.0,FIFA World Cup qualification,Leskovac,Serbia,False,2025,37,63,-26,23.0,209500000.0,27.4,88800000.0,-4.399999999999999,120700000.0,2,10,8,2
2025-10-12,Burkina Faso,Ethiopia,3.0,1.0,FIFA World Cup qualification,Ouagadougou,Burkina Faso,False,2025,62,147,-85,25.0,110500000.0,27.6,2900000.0,-2.6000000000000014,107600000.0,1,13,6,7
2025-10-12,Djibouti,Sierra Leone,1.0,2.0,FIFA World Cup qualification,Casablanca,Morocco,True,2025,196,120,76,26.3,575000.0,24.3,13330000.0,2.0,-12755000.0,2,0,7,-7
2025-10-12,Egypt,Guinea-Bissau,1.0,0.0,FIFA World Cup qualification,Cairo,Egypt,False,2025,35,133,-98,29.1,116480000.0,26.6,39450000.0,2.5,77030000.0,1,13,4,9
2025-10-12,Zambia,Niger,0.0,1.0,FIFA World Cup qualification,Ndola,Zambia,False,2025,91,110,-19,26.3,14130000.0,26.4,10700000.0,-0.09999999999999787,3430000.0,2,12,9,3
2025-10-12,Chad,Central African Republic,2.0,3.0,FIFA World Cup qualification,N'Djamena,Chad,False,2025,177,139,38,24.3,8550000.0,25.8,8199999.999999999,-1.5,350000.00000000093,2,1,1,0
2025-10-12,Ghana,Comoros,1.0,0.0,FIFA World Cup qualification,Accra,Ghana,False,2025,72,109,-37,26.8,234600000.0,23.7,3800000.0,3.1000000000000014,230800000.0,1,10,6,4
2025-10-12,Mali,Madagascar,4.0,1.0,FIFA World Cup qualification,Bamako,Mali,False,2025,53,105,-52,25.6,116550000.0,28.0,6800000.0,-2.3999999999999986,109750000.0,1,10,12,-2
2025-10-12,Scotland,Belarus,2.0,1.0,FIFA World Cup qualification,Glasgow,Scotland,False,2025,36,99,-63,29.2,170250000.0,26.3,15380000.0,2.8999999999999986,154870000.0,1,10,1,9
2025-10-12,Denmark,Greece,3.0,1.0,FIFA World Cup qualification,Copenhagen,Denmark,False,2025,21,46,-25,25.5,365000000.0,26.3,275600000.0,-0.8000000000000007,89400000.0,1,10,6,4
2025-10-12,Netherlands,Finland,4.0,0.0,FIFA World Cup qualification,Amsterdam,Netherlands,False,2025,7,75,-68,27.8,754200000.0,26.1,41850000.0,1.6999999999999993,712350000.0,1,13,7,6
2025-10-12,Lithuania,Poland,0.0,2.0,FIFA World Cup qualification,Kaunas,Lithuania,False,2025,146,31,115,26.3,16180000.0,26.3,231600000.0,0.0,-215420000.0,2,3,10,-7
2025-10-12,San Marino,Cyprus,0.0,4.0,FIFA World Cup qualification,Serravalle,San Marino,False,2025,210,128,82,23.8,1150000.0,26.8,19900000.0,-3.0,-18750000.0,2,0,2,-2
2025-10-12,Romania,Austria,1.0,0.0,FIFA World Cup qualification,Bucharest,Romania,False,2025,47,24,23,26.0,56950000.0,28.6,245200000.0,-2.6000000000000014,-188250000.0,1,7,15,-8
2025-10-12,Faroe Islands,Czechia,2.0,1.0,FIFA World Cup qualification,Tórshavn,Faroe Islands,False,2025,125,44,81,27.5,5100000.0,27.6,188180000.0,-0.10000000000000142,-183080000.0,1,9,10,-1
2025-10-12,Croatia,Gibraltar,3.0,0.0,FIFA World Cup qualification,Varaždin,Croatia,False,2025,10,202,-192,28.4,387300000.0,23.7,1840000.0,4.699999999999999,385460000.0,1,13,0,13
2025-10-13,South Sudan,Togo,0.0,0.0,FIFA World Cup qualification,Juba,South Sudan,False,2025,168,124,44,25.3,1600000.0,25.7,27800000.0,-0.3999999999999986,-26200000.0,0,2,4,-2
2025-10-13,Lesotho,Zimbabwe,1.0,0.0,FIFA World Cup qualification,Polokwane,South Africa,True,2025,144,129,15,28.3,575000.0,26.0,25330000.0,2.3000000000000007,-24755000.0,1,4,3,1
2025-10-13,Cabo Verde,Eswatini,3.0,0.0,FIFA World Cup qualification,Praia,Cabo Verde,False,2025,67,159,-92,29.7,54500000.0,26.5,1080000.0,3.1999999999999993,53420000.0,1,13,3,10
2025-10-13,Cameroon,Angola,0.0,0.0,FIFA World Cup qualification,Yaoundé,Cameroon,False,2025,57,89,-32,23.7,198700000.0,29.4,46550000.0,-5.699999999999999,152150000.0,0,10,5,5
2025-10-13,Mauritius,Libya,0.0,0.0,FIFA World Cup qualification,Saint Pierre,Mauritius,False,2025,176,111,65,28.3,800000.0,26.6,10130000.0,1.6999999999999993,-9330000.0,0,1,8,-7
2025-10-13,Equatorial Guinea,Liberia,1.0,1.0,FIFA World Cup qualification,Malabo,Equatorial Guinea,False,2025,97,141,-44,26.2,4200000.0,24.5,14330000.0,1.6999999999999993,-10130000.0,0,7,7,0
2025-10-13,São Tomé and Príncipe,Malawi,1.0,0.0,FIFA World Cup qualification,Sousse,Tunisia,True,2025,189,126,63,25.8,1430000.0,26.4,1950000.0,-0.5999999999999979,-520000.0,1,0,7,-7
2025-10-13,Tunisia,Namibia,3.0,0.0,FIFA World Cup qualification,Radès,Tunisia,False,2025,41,118,-77,26.7,69950000.0,27.3,2080000.0,-0.6000000000000014,67870000.0,1,15,7,8
2025-10-13,Northern Ireland,Germany,0.0,1.0,FIFA World Cup qualification,Belfast,Northern Ireland,False,2025,69,9,60,23.8,79900000.0,28.1,947000000.0,-4.300000000000001,-867100000.0,2,10,6,4
2025-10-13,Slovakia,Luxembourg,2.0,0.0,FIFA World Cup qualification,Trnava,Slovakia,False,2025,45,103,-58,26.9,59850000.0,26.2,14700000.0,0.6999999999999993,45150000.0,1,7,1,6
2025-10-13,Slovenia,Switzerland,0.0,0.0,FIFA World Cup qualification,Ljubljana,Slovenia,False,2025,55,17,38,26.6,100500000.0,28.3,332500000.0,-1.6999999999999993,-232000000.0,0,6,10,-4
2025-10-13,Sweden,Kosovo,0.0,1.0,FIFA World Cup qualification,Gothenburg,Sweden,False,2025,43,80,-37,27.6,406080000.0,26.5,147480000.0,1.1000000000000014,258600000.0,2,7,10,-3
2025-10-13,Iceland,France,2.0,2.0,FIFA World Cup qualification,Reykjavík,Iceland,False,2025,74,3,71,27.7,89100000.0,27.0,1520000000.0,0.6999999999999993,-1430900000.0,0,3,12,-9
2025-10-13,Ukraine,Azerbaijan,2.0,1.0,FIFA World Cup qualification,Kraków,Poland,True,2025,28,127,-99,26.6,247000000.0,27.6,19080000.0,-1.0,227920000.0,1,7,2,5
2025-10-13,Wales,Belgium,2.0,4.0,FIFA World Cup qualification,Cardiff,Wales,False,2025,32,8,24,26.6,180650000.0,27.6,547500000.0,-1.0,-366850000.0,2,10,11,-1
2025-10-13,North Macedonia,Kazakhstan,1.0,1.0,FIFA World Cup qualification,Skopje,North Macedonia,False,2025,66,114,-48,27.8,34450000.0,26.0,16300000.0,1.8000000000000007,18150000.0,0,9,6,3
2025-10-13,Honduras,Haiti,3.0,0.0,FIFA World Cup qualification,Tegucigalpa,Honduras,False,2025,65,84,-19,25.4,20930000.0,27.6,55900000.0,-2.200000000000003,-34970000.0,1,6,6,0
2025-10-13,Costa Rica,Nicaragua,4.0,1.0,FIFA World Cup qualification,San José,Costa Rica,False,2025,49,132,-83,24.8,28200000.0,25.6,3780000.0,-0.8000000000000007,24420000.0,1,5,4,1
2025-10-14,Japan,Brazil,3.0,2.0,Kirin Cup,Tokyo,Japan,False,2025,18,5,13,27.8,270850000.0,29.4,928200000.0,-1.5999999999999979,-657350000.0,1,8,7,1
2025-10-14,Qatar,United Arab Emirates,2.0,1.0,FIFA World Cup qualification,Al Rayyan,Qatar,False,2025,54,68,-14,29.5,19930000.0,26.7,29050000.0,2.8000000000000007,-9120000.0,1,7,8,-1
2025-10-14,Saudi Arabia,Iraq,0.0,0.0,FIFA World Cup qualification,Jeddah,Saudi Arabia,False,2025,60,58,2,28.5,40680000.0,26.9,21200000.0,1.6000000000000014,19480000.0,0,7,12,-5
2025-10-14,Senegal,Mauritania,4.0,0.0,FIFA World Cup qualification,Diamniadio,Senegal,False,2025,19,115,-96,27.1,478100000.0,26.9,25350000.0,0.20000000000000284,452750000.0,1,13,6,7
2025-10-14,Congo DR,Sudan,1.0,0.0,FIFA World Cup qualification,Kinshasa,Congo DR,False,2025,56,117,-61,29.1,143900000.0,29.2,3280000.0,-0.09999999999999787,140620000.0,1,12,3,9
2025-10-14,Nigeria,Benin,4.0,0.0,FIFA World Cup qualification,Uyo,Nigeria,False,2025,38,92,-54,26.6,172050000.0,26.2,18080000.0,0.40000000000000213,153970000.0,1,11,10,1
2025-10-14,South Africa,Rwanda,3.0,0.0,FIFA World Cup qualification,Mbombela,South Africa,False,2025,61,131,-70,26.8,49250000.0,27.1,6950000.0,-0.3000000000000007,42300000.0,1,8,4,4
2025-10-14,Morocco,Congo,1.0,0.0,FIFA World Cup qualification,Rabat,Morocco,False,2025,11,134,-123,26.6,447700000.0,24.6,2550000.0,2.0,445150000.0,1,15,2,13
2025-10-14,Seychelles,The Gambia,0.0,7.0,FIFA World Cup qualification,Saint Pierre,Mauritius,True,2025,203,116,87,24.5,1030000.0,25.2,78780000.0,-0.6999999999999993,-77750000.0,2,0,7,-7
2025-10-14,Côte d'Ivoire,Kenya,3.0,0.0,FIFA World Cup qualification,Ebimpé,Côte d'Ivoire,False,2025,42,113,-71,25.9,522100000.0,23.8,3300000.0,2.099999999999998,518800000.0,1,8,7,1
2025-10-14,Gabon,Burundi,2.0,0.0,FIFA World Cup qualification,Franceville,Gabon,False,2025,78,145,-67,27.6,35280000.0,26.6,10930000.0,1.0,24350000.0,1,13,3,10
2025-10-14,Algeria,Uganda,2.0,1.0,FIFA World Cup qualification,Tizi Ouzou,Algeria,False,2025,34,85,-51,26.9,256899999.99999997,28.0,8630000.0,-1.1000000000000014,248269999.99999997,1,13,12,1
2025-10-14,Guinea,Botswana,2.0,2.0,FIFA World Cup qualification,Casablanca,Morocco,True,2025,81,138,-57,24.6,74130000.0,30.1,3050000.0,-5.5,71080000.0,0,8,3,5
2025-10-14,Somalia,Mozambique,0.0,1.0,FIFA World Cup qualification,Bir El Djir,Algeria,True,2025,200,102,98,25.9,760000.0,27.5,1480000.0,-1.6000000000000014,-720000.0,2,1,6,-5
2025-10-14,Spain,Bulgaria,4.0,0.0,FIFA World Cup qualification,Valladolid,Spain,False,2025,1,88,-87,26.8,1220000000.0,25.7,30050000.0,1.1000000000000014,1189950000.0,1,13,0,13
2025-10-14,Turkey,Georgia,4.0,1.0,FIFA World Cup qualification,Izmit,Turkey,False,2025,25,73,-48,27.7,473700000.0,26.3,260600000.00000003,1.3999999999999986,213099999.99999997,1,12,9,3
2025-10-14,Portugal,Hungary,2.0,2.0,FIFA World Cup qualification,Lisbon,Portugal,False,2025,6,40,-34,28.1,1010000000.0,25.7,209200000.0,2.400000000000002,800800000.0,0,13,4,9
2025-10-14,Republic of Ireland,Armenia,1.0,0.0,FIFA World Cup qualification,Dublin,Republic of Ireland,False,2025,59,106,-47,24.9,146850000.0,26.0,42230000.0,-1.1000000000000014,104620000.0,1,7,3,4
2025-10-14,Estonia,Moldova,1.0,1.0,FIFA World Cup qualification,Tallinn,Estonia,False,2025,130,158,-28,25.5,13930000.0,25.1,9700000.0,0.3999999999999986,4230000.0,0,3,0,3
2025-10-14,Italy,Israel,3.0,0.0,FIFA World Cup qualification,Udine,Italy,False,2025,12,77,-65,21.0,315700000.0,25.4,68100000.0,-4.399999999999999,247600000.0,1,12,6,6
2025-10-14,Andorra,Serbia,1.0,3.0,FIFA World Cup qualification,Encamp,Andorra,False,2025,172,37,135,29.1,3710000.0,23.0,209500000.0,6.100000000000001,-205790000.0,2,1,7,-6
2025-10-14,Latvia,England,0.0,5.0,FIFA World Cup qualification,Riga,Latvia,False,2025,140,4,136,27.0,8230000.0,27.2,1360000000.0,-0.1999999999999993,-1351770000.0,2,2,15,-13
2025-10-14,Maldives,Tajikistan,0.0,3.0,AFC Asian Cup qualification,Malé,Maldives,False,2025,173,101,72,29.6,675000.0,26.0,7780000.0,3.6000000000000014,-7105000.0,2,3,7,-4
2025-10-14,Philippines,Timor-Leste,3.0,1.0,AFC Asian Cup qualification,Capas,Philippines,False,2025,136,198,-62,26.3,3230000.0,23.5,785000.0,2.8000000000000007,2445000.0,1,10,3,7
2025-10-14,Bhutan,Lebanon,0.0,4.0,AFC Asian Cup qualification,Al Wakrah,Qatar,True,2025,192,108,84,24.9,840000.0,28.9,5550000.0,-4.0,-4710000.0,2,1,10,-9
2025-10-14,Yemen,Brunei Darussalam,9.0,0.0,AFC Asian Cup qualification,Kuwait City,Kuwait,True,2025,149,188,-39,26.8,2200000.0,28.5,800000.0,-1.6999999999999993,1400000.0,1,8,4,4
2025-10-14,India,Singapore,1.0,2.0,AFC Asian Cup qualification,Margao,India,False,2025,142,148,-6,26.8,4000000.0,28.2,4380000.0,-1.3999999999999986,-380000.0,2,3,5,-2
2025-10-14,"Hong Kong, China",Bangladesh,1.0,1.0,AFC Asian Cup qualification,Kowloon,"Hong Kong, China",False,2025,153,180,-27,27.1,3450000.0,26.4,7250000.0,0.7000000000000028,-3800000.0,0,10,1,9
2025-10-14,Chinese Taipei,Thailand,1.0,6.0,AFC Asian Cup qualification,Taipei,Chinese Taipei,False,2025,174,96,78,26.4,1920000.0,28.5,6550000.0,-2.1000000000000014,-4630000.0,2,3,9,-6
2025-10-14,Turkmenistan,Sri Lanka,2.0,1.0,AFC Asian Cup qualification,Arkadag,Turkmenistan,False,2025,137,194,-57,27.6,2950000.0,27.2,910000.0,0.40000000000000213,2040000.0,1,7,7,0
2025-10-14,Myanmar,Syria,0.0,3.0,AFC Asian Cup qualification,Yangon,Myanmar,False,2025,163,86,77,26.5,3000000.0,28.0,7930000.0,-1.5,-4930000.0,2,9,12,-3
2025-10-14,Afghanistan,Pakistan,1.0,1.0,AFC Asian Cup qualification,Al Farwaniyah,Kuwait,True,2025,162,199,-37,24.8,1080000.0,25.7,3540000.0,-0.8999999999999986,-2460000.0,0,2,1,1
2025-10-14,Vietnam,Nepal,1.0,0.0,AFC Asian Cup qualification,Ho Chi Minh City,Vietnam,False,2025,107,182,-75,28.1,6380000.0,27.5,1350000.0,0.6000000000000014,5030000.0,1,12,1,11
2025-10-14,Malaysia,Laos,5.0,1.0,AFC Asian Cup qualification,Kuala Lumpur,Malaysia,False,2025,121,190,-69,28.6,7600000.0,23.2,1320000.0,5.400000000000002,6280000.0,1,10,4,6
2025-10-14,Panama,Suriname,1.0,1.0,FIFA World Cup qualification,Panama City,Panama,False,2025,30,123,-93,30.5,34550000.0,29.1,35930000.0,1.3999999999999986,-1380000.0,0,9,6,3
2025-10-14,El Salvador,Guatemala,0.0,1.0,FIFA World Cup qualification,San Salvador,El Salvador,False,2025,100,94,6,26.8,7130000.0,25.8,7780000.0,1.0,-650000.0,2,3,3,0
2025-10-14,Curaçao,Trinidad and Tobago,1.0,1.0,FIFA World Cup qualification,Willemstad,Curaçao,False,2025,82,98,-16,28.0,25780000.0,26.3,2150000.0,1.6999999999999993,23630000.0,0,8,6,2
2025-10-14,Jamaica,Bermuda,4.0,0.0,FIFA World Cup qualification,Kingston,Jamaica,False,2025,70,169,-99,23.1,9050000.0,27.4,375000.0,-4.299999999999997,8675000.0,1,6,6,0
2025-11-12,Cuba,St Lucia,3.0,0.0,CONCACAF Series,Santiago de los Caballeros,Dominican Republic,True,2025,166,167,-1,24.0,2600000.0,23.5,250000.0,0.5,2350000.0,1,6,6,0
2025-11-12,Dominican Republic,St Vincent and the Grenadines,2.0,0.0,CONCACAF Series,Santiago de los Caballeros,Dominican Republic,False,2025,143,171,-28,25.5,12830000.0,25.3,475000.0,0.1999999999999993,12355000.0,1,4,7,-3
2025-11-12,Antigua and Barbuda,Aruba,0.0,0.0,CONCACAF Series,North Sound,Antigua and Barbuda,False,2025,165,191,-26,23.2,650000.0,24.3,175000.0,-1.1000000000000014,475000.0,0,1,1,0
2025-11-12,Bahamas,Anguilla,1.0,2.0,CONCACAF Series,George Town,Cayman Islands,True,2025,206,209,-3,21.8,,25.4,,-3.599999999999998,,2,3,0,3
2025-11-12,Cayman Islands,British Virgin Islands,1.0,2.0,CONCACAF Series,George Town,Cayman Islands,False,2025,195,208,-13,25.9,,22.3,,3.599999999999998,,2,4,0,4
2025-11-13,United Arab Emirates,Iraq,1.0,1.0,FIFA World Cup qualification,Abu Dhabi,United Arab Emirates,False,2025,68,58,10,26.7,29050000.0,26.9,21200000.0,-0.1999999999999993,7850000.0,0,8,13,-5
2025-11-13,Cameroon,Congo DR,0.0,1.0,FIFA World Cup qualification,Rabat,Morocco,True,2025,57,56,1,23.7,198700000.0,29.1,143900000.0,-5.400000000000002,54800000.0,2,10,12,-2
2025-11-13,Nigeria,Gabon,4.0,1.0,FIFA World Cup qualification,Rabat,Morocco,True,2025,38,78,-40,26.6,172050000.0,27.6,35280000.0,-1.0,136770000.0,1,11,13,-2
2025-11-13,France,Ukraine,4.0,0.0,FIFA World Cup qualification,Paris,France,False,2025,3,28,-25,27.0,1520000000.0,26.6,247000000.0,0.3999999999999986,1273000000.0,1,13,10,3
2025-11-13,Azerbaijan,Iceland,0.0,2.0,FIFA World Cup qualification,Baku,Azerbaijan,False,2025,127,74,53,27.6,19080000.0,27.7,89100000.0,-0.09999999999999787,-70020000.0,2,1,4,-3
2025-11-13,Republic of Ireland,Portugal,2.0,0.0,FIFA World Cup qualification,Dublin,Republic of Ireland,False,2025,59,6,53,24.9,146850000.0,28.1,1010000000.0,-3.200000000000003,-863150000.0,1,7,11,-4
2025-11-13,Armenia,Hungary,0.0,1.0,FIFA World Cup qualification,Yerevan,Armenia,False,2025,106,40,66,26.0,42230000.0,25.7,209200000.0,0.3000000000000007,-166970000.0,2,3,5,-2
2025-11-13,Norway,Estonia,4.0,1.0,FIFA World Cup qualification,Oslo,Norway,False,2025,29,130,-101,26.8,589900000.0,25.5,13930000.0,1.3000000000000007,575970000.0,1,15,1,14
2025-11-13,Moldova,Italy,0.0,2.0,FIFA World Cup qualification,Chișinău,Moldova,False,2025,158,12,146,25.1,9700000.0,21.0,315700000.0,4.100000000000001,-306000000.0,2,1,15,-14
2025-11-13,England,Serbia,2.0,0.0,FIFA World Cup qualification,London,England,False,2025,4,37,-33,27.2,1360000000.0,23.0,209500000.0,4.199999999999999,1150500000.0,1,15,9,6
2025-11-13,Andorra,Albania,0.0,1.0,FIFA World Cup qualification,Encamp,Andorra,False,2025,172,63,109,29.1,3710000.0,27.4,88800000.0,1.7000000000000028,-85090000.0,2,1,11,-10
2025-11-13,IR Iran,Cabo Verde,0.0,0.0,Al Ain International Cup,Al Ain,United Arab Emirates,True,2025,20,67,-47,30.4,32049999.999999996,29.7,54500000.0,0.6999999999999993,-22450000.000000004,0,10,13,-3
2025-11-13,Papua New Guinea,Solomon Islands,1.0,0.0,MSG Prime Minister's Cup,Port Moresby,Papua New Guinea,False,2025,170,152,18,29.6,,25.6,450000.0,4.0,,1,8,6,2
2025-11-13,Suriname,El Salvador,4.0,0.0,FIFA World Cup qualification,Paramaribo,Suriname,False,2025,123,100,23,29.1,35930000.0,26.8,7130000.0,2.3000000000000007,28800000.0,1,7,3,4
2025-11-13,Guatemala,Panama,2.0,3.0,FIFA World Cup qualification,Guatemala City,Guatemala,False,2025,94,30,64,25.8,7780000.0,30.5,34550000.0,-4.699999999999999,-26770000.0,2,5,7,-2
2025-11-13,Bermuda,Curaçao,0.0,7.0,FIFA World Cup qualification,Devonshire Parish,Bermuda,False,2025,169,82,87,27.4,375000.0,28.0,25780000.0,-0.6000000000000014,-25405000.0,2,3,8,-5
2025-11-13,Trinidad and Tobago,Jamaica,1.0,1.0,FIFA World Cup qualification,Port of Spain,Trinidad and Tobago,False,2025,98,70,28,26.3,2150000.0,23.1,9050000.0,3.1999999999999993,-6900000.0,0,6,9,-3
2025-11-13,Haiti,Costa Rica,1.0,0.0,FIFA World Cup qualification,Willemstad,Curaçao,True,2025,84,49,35,27.6,55900000.0,24.8,28200000.0,2.8000000000000007,27700000.0,1,5,7,-2
2025-11-13,Nicaragua,Honduras,2.0,0.0,FIFA World Cup qualification,Managua,Nicaragua,False,2025,132,65,67,25.6,3780000.0,25.4,20930000.0,0.20000000000000284,-17150000.0,1,1,8,-7
2025-11-14,Japan,Ghana,2.0,0.0,Kirin Cup,Toyota,Japan,False,2025,18,72,-54,27.8,270850000.0,26.8,234600000.0,1.0,36250000.0,1,8,13,-5
2025-11-14,Luxembourg,Germany,0.0,2.0,FIFA World Cup qualification,Luxembourg,Luxembourg,False,2025,103,9,94,26.2,14700000.0,28.1,947000000.0,-1.9000000000000021,-932300000.0,2,1,9,-8
2025-11-14,Slovakia,Northern Ireland,1.0,0.0,FIFA World Cup qualification,Košice,Slovakia,False,2025,45,69,-24,26.9,59850000.0,23.8,79900000.0,3.099999999999998,-20050000.0,1,9,7,2
2025-11-14,Finland,Malta,0.0,1.0,FIFA World Cup qualification,Helsinki,Finland,False,2025,75,161,-86,26.1,41850000.0,27.1,14950000.0,-1.0,26900000.0,2,6,2,4
2025-11-14,Poland,Netherlands,1.0,1.0,FIFA World Cup qualification,Warsaw,Poland,False,2025,31,7,24,26.3,231600000.0,27.8,754200000.0,-1.5,-522600000.0,0,10,13,-3
2025-11-14,Croatia,Faroe Islands,3.0,1.0,FIFA World Cup qualification,Rijeka,Croatia,False,2025,10,125,-115,28.4,387300000.0,27.5,5100000.0,0.8999999999999986,382200000.0,1,13,12,1
2025-11-14,Gibraltar,Montenegro,1.0,2.0,FIFA World Cup qualification,Gibraltar,Gibraltar,False,2025,202,83,119,23.7,1840000.0,27.9,68550000.0,-4.199999999999999,-66710000.0,2,0,3,-3
2025-11-14,Uzbekistan,Egypt,2.0,0.0,Al Ain International Cup,Al Ain,United Arab Emirates,True,2025,50,35,15,28.5,85330000.0,29.1,116480000.0,-0.6000000000000014,-31150000.0,1,11,13,-2
2025-11-15,Slovenia,Kosovo,0.0,2.0,FIFA World Cup qualification,Ljubljana,Slovenia,False,2025,55,80,-25,26.6,100500000.0,26.5,147480000.0,0.10000000000000142,-46980000.0,2,6,10,-4
2025-11-15,Switzerland,Sweden,4.0,1.0,FIFA World Cup qualification,Geneva,Switzerland,False,2025,17,43,-26,28.3,332500000.0,27.6,406080000.0,0.6999999999999993,-73580000.0,1,10,4,6
2025-11-15,Denmark,Belarus,2.0,2.0,FIFA World Cup qualification,Copenhagen,Denmark,False,2025,21,99,-78,25.5,365000000.0,26.3,15380000.0,-0.8000000000000007,349620000.0,0,10,1,9
2025-11-15,Greece,Scotland,3.0,2.0,FIFA World Cup qualification,Piraeus,Greece,False,2025,46,36,10,26.3,275600000.0,29.2,170250000.0,-2.8999999999999986,105350000.0,1,6,10,-4
2025-11-15,Turkey,Bulgaria,2.0,0.0,FIFA World Cup qualification,Bursa,Turkey,False,2025,25,88,-63,27.7,473700000.0,25.7,30050000.0,2.0,443650000.0,1,12,0,12
2025-11-15,Georgia,Spain,0.0,4.0,FIFA World Cup qualification,Tbilisi,Georgia,False,2025,73,1,72,26.3,260600000.00000003,26.8,1220000000.0,-0.5,-959400000.0,2,6,13,-7
2025-11-15,Cyprus,Austria,0.0,2.0,FIFA World Cup qualification,Limassol,Cyprus,False,2025,128,24,104,26.8,19900000.0,28.6,245200000.0,-1.8000000000000007,-225300000.0,2,5,12,-7
2025-11-15,Bosnia and Herzegovina,Romania,3.0,1.0,FIFA World Cup qualification,Zenica,Bosnia and Herzegovina,False,2025,71,47,24,26.4,151600000.0,26.0,56950000.0,0.3999999999999986,94650000.0,1,10,10,0
2025-11-15,Liechtenstein,Wales,0.0,1.0,FIFA World Cup qualification,Vaduz,Liechtenstein,False,2025,205,32,173,26.4,625000.0,26.6,180650000.0,-0.20000000000000284,-180025000.0,2,0,7,-7
2025-11-15,Kazakhstan,Belgium,1.0,1.0,FIFA World Cup qualification,Astana,Kazakhstan,False,2025,114,8,106,26.0,16300000.0,27.6,547500000.0,-1.6000000000000014,-531200000.0,0,4,13,-9
2025-11-15,St Vincent and the Grenadines,St Lucia,3.0,1.0,CONCACAF Series,Santiago de los Caballeros,Dominican Republic,True,2025,171,167,4,25.3,475000.0,23.5,250000.0,1.8000000000000007,225000.0,1,4,3,1
2025-11-15,Barbados,Aruba,0.0,3.0,CONCACAF Series,North Sound,Antigua and Barbuda,True,2025,178,191,-13,24.6,200000.0,24.3,175000.0,0.3000000000000007,25000.0,2,4,2,2
2025-11-15,Bahamas,British Virgin Islands,0.0,6.0,CONCACAF Series,George Town,Cayman Islands,True,2025,206,208,-2,21.8,,22.3,,-0.5,,2,3,3,0
2025-11-15,Cayman Islands,Anguilla,4.0,0.0,CONCACAF Series,George Town,Cayman Islands,False,2025,195,209,-14,25.9,,25.4,,0.5,,1,4,3,1
2025-11-16,Nigeria,Congo DR,1.0,1.0,FIFA World Cup qualification,Rabat,Morocco,True,2025,38,56,-18,26.6,172050000.0,29.1,143900000.0,-2.5,28150000.0,0,13,12,1
2025-11-16,Ukraine,Iceland,2.0,0.0,FIFA World Cup qualification,Warsaw,Poland,True,2025,28,74,-46,26.6,247000000.0,27.7,89100000.0,-1.0999999999999979,157900000.0,1,7,7,0
2025-11-16,Azerbaijan,France,1.0,3.0,FIFA World Cup qualification,Baku,Azerbaijan,False,2025,127,3,124,27.6,19080000.0,27.0,1520000000.0,0.6000000000000014,-1500920000.0,2,1,13,-12
2025-11-16,Portugal,Armenia,9.0,1.0,FIFA World Cup qualification,Porto,Portugal,False,2025,6,106,-100,28.1,1010000000.0,26.0,42230000.0,2.1000000000000014,967770000.0,1,10,3,7
2025-11-16,Hungary,Republic of Ireland,2.0,3.0,FIFA World Cup qualification,Budapest,Hungary,False,2025,40,59,-19,25.7,209200000.0,24.9,146850000.0,0.8000000000000007,62350000.0,2,8,7,1
2025-11-16,Moldova,Israel,1.0,4.0,FIFA World Cup qualification,Chișinău,Moldova,False,2025,158,77,81,25.1,9700000.0,25.4,68100000.0,-0.29999999999999716,-58400000.0,2,1,6,-5
2025-11-16,Italy,Norway,1.0,4.0,FIFA World Cup qualification,Milan,Italy,False,2025,12,29,-17,21.0,315700000.0,26.8,589900000.0,-5.800000000000001,-274200000.0,2,15,15,0
2025-11-16,Albania,England,0.0,2.0,FIFA World Cup qualification,Tirana,Albania,False,2025,63,4,59,27.4,88800000.0,27.2,1360000000.0,0.1999999999999993,-1271200000.0,2,11,15,-4
2025-11-16,Serbia,Latvia,2.0,1.0,FIFA World Cup qualification,Leskovac,Serbia,False,2025,37,140,-103,23.0,209500000.0,27.0,8230000.0,-4.0,201270000.0,1,6,2,4
2025-11-17,Northern Ireland,Luxembourg,1.0,0.0,FIFA World Cup qualification,Belfast,Northern Ireland,False,2025,69,103,-34,23.8,79900000.0,26.2,14700000.0,-2.3999999999999986,65200000.0,1,6,0,6
2025-11-17,Germany,Slovakia,6.0,0.0,FIFA World Cup qualification,Leipzig,Germany,False,2025,9,45,-36,28.1,947000000.0,26.9,59850000.0,1.2000000000000028,887150000.0,1,12,12,0
2025-11-17,Malta,Poland,2.0,3.0,FIFA World Cup qualification,Ta' Qali,Malta,False,2025,161,31,130,27.1,14950000.0,26.3,231600000.0,0.8000000000000007,-216650000.0,2,5,8,-3
2025-11-17,Netherlands,Lithuania,4.0,0.0,FIFA World Cup qualification,Amsterdam,Netherlands,False,2025,7,146,-139,27.8,754200000.0,26.3,16180000.0,1.5,738020000.0,1,11,2,9
2025-11-17,Czechia,Gibraltar,6.0,0.0,FIFA World Cup qualification,Olomouc,Czechia,False,2025,44,202,-158,27.6,188180000.0,23.7,1840000.0,3.900000000000002,186340000.0,1,7,0,7
2025-11-17,Montenegro,Croatia,2.0,3.0,FIFA World Cup qualification,Podgorica,Montenegro,False,2025,83,10,73,27.9,68550000.0,28.4,387300000.0,-0.5,-318750000.0,2,3,13,-10
2025-11-17,Cabo Verde,Egypt,1.0,1.0,Al Ain International Cup,Al Ain,United Arab Emirates,True,2025,67,35,32,29.7,54500000.0,29.1,116480000.0,0.5999999999999979,-61980000.0,0,11,10,1
2025-11-17,Vanuatu,Fiji,2.0,0.0,MSG Prime Minister's Cup,Port Moresby,Papua New Guinea,True,2025,160,155,5,29.7,535000.0,28.3,2450000.0,1.3999999999999986,-1915000.0,1,1,4,-3
2025-11-18,Japan,Bolivia,3.0,0.0,Kirin Cup,Tokyo,Japan,False,2025,18,76,-58,27.8,270850000.0,23.8,18050000.0,4.0,252800000.0,1,10,7,3
2025-11-18,Maldives,Philippines,0.0,2.0,AFC Asian Cup qualification,Malé,Maldives,False,2025,173,136,37,29.6,675000.0,26.3,3230000.0,3.3000000000000007,-2555000.0,2,3,10,-7
2025-11-18,Timor-Leste,Tajikistan,0.0,5.0,AFC Asian Cup qualification,Darwin,Australia,True,2025,198,101,97,23.5,785000.0,26.0,7780000.0,-2.5,-6995000.0,2,3,10,-7
2025-11-18,Yemen,Bhutan,7.0,1.0,AFC Asian Cup qualification,Kuwait City,Kuwait,True,2025,149,192,-43,26.8,2200000.0,24.9,840000.0,1.9000000000000021,1360000.0,1,11,1,10
2025-11-18,Brunei Darussalam,Lebanon,0.0,3.0,AFC Asian Cup qualification,Bandar Seri Begawan,Brunei Darussalam,False,2025,188,108,80,28.5,800000.0,28.9,5550000.0,-0.3999999999999986,-4750000.0,2,4,10,-6
2025-11-18,Bangladesh,India,1.0,0.0,AFC Asian Cup qualification,Dhaka,Bangladesh,False,2025,180,142,38,26.4,7250000.0,26.8,4000000.0,-0.40000000000000213,3250000.0,1,2,2,0
2025-11-18,"Hong Kong, China",Singapore,1.0,2.0,AFC Asian Cup qualification,Kowloon,"Hong Kong, China",False,2025,153,148,5,27.1,3450000.0,28.2,4380000.0,-1.0999999999999979,-930000.0,2,10,8,2
2025-11-18,Sri Lanka,Thailand,0.0,4.0,AFC Asian Cup qualification,Colombo,Sri Lanka,False,2025,194,96,98,27.2,910000.0,28.5,6550000.0,-1.3000000000000007,-5640000.0,2,6,9,-3
2025-11-18,Turkmenistan,Chinese Taipei,3.0,1.0,AFC Asian Cup qualification,Arkadag,Turkmenistan,False,2025,137,174,-37,27.6,2950000.0,26.4,1920000.0,1.2000000000000028,1030000.0,1,10,0,10
2025-11-18,Pakistan,Syria,0.0,5.0,AFC Asian Cup qualification,Islamabad,Pakistan,False,2025,199,86,113,25.7,3540000.0,28.0,7930000.0,-2.3000000000000007,-4390000.0,2,2,12,-10
2025-11-18,Malaysia,Nepal,1.0,0.0,AFC Asian Cup qualification,Kuala Lumpur,Malaysia,False,2025,121,182,-61,28.6,7600000.0,27.5,1350000.0,1.1000000000000014,6250000.0,1,13,1,12
2025-11-18,Iraq,United Arab Emirates,2.0,1.0,FIFA World Cup qualification,Basra,Iraq,False,2025,58,68,-10,26.9,21200000.0,26.7,29050000.0,0.1999999999999993,-7850000.0,1,11,6,5
2025-11-18,Kosovo,Switzerland,1.0,1.0,FIFA World Cup qualification,Pristina,Kosovo,False,2025,80,17,63,26.5,147480000.0,28.3,332500000.0,-1.8000000000000007,-185020000.0,0,10,13,-3
2025-11-18,Sweden,Slovenia,1.0,1.0,FIFA World Cup qualification,Solna,Sweden,False,2025,43,55,-12,27.6,406080000.0,26.6,100500000.0,1.0,305580000.0,0,1,3,-2
2025-11-18,Scotland,Denmark,4.0,2.0,FIFA World Cup qualification,Glasgow,Scotland,False,2025,36,21,15,29.2,170250000.0,25.5,365000000.0,3.6999999999999993,-194750000.0,1,10,11,-1
2025-11-18,Belarus,Greece,0.0,0.0,FIFA World Cup qualification,Zalaegerszeg,Hungary,True,2025,99,46,53,26.3,15380000.0,26.3,275600000.0,0.0,-260220000.0,0,1,6,-5
2025-11-18,Spain,Turkey,2.0,2.0,FIFA World Cup qualification,Seville,Spain,False,2025,1,25,-24,26.8,1220000000.0,27.7,473700000.0,-0.8999999999999986,746300000.0,0,15,12,3
2025-11-18,Bulgaria,Georgia,2.0,1.0,FIFA World Cup qualification,Sofia,Bulgaria,False,2025,88,73,15,25.7,30050000.0,26.3,260600000.00000003,-0.6000000000000014,-230550000.00000003,1,0,3,-3
2025-11-18,Austria,Bosnia and Herzegovina,1.0,1.0,FIFA World Cup qualification,Vienna,Austria,False,2025,24,71,-47,28.6,245200000.0,26.4,151600000.0,2.200000000000003,93600000.0,0,12,10,2
2025-11-18,Romania,San Marino,7.0,1.0,FIFA World Cup qualification,Ploiești,Romania,False,2025,47,210,-163,26.0,56950000.0,23.8,1150000.0,2.1999999999999993,55800000.0,1,7,0,7
2025-11-18,Wales,North Macedonia,7.0,1.0,FIFA World Cup qualification,Cardiff,Wales,False,2025,32,66,-34,26.6,180650000.0,27.8,34450000.0,-1.1999999999999993,146200000.0,1,9,9,0
2025-11-18,Belgium,Liechtenstein,7.0,0.0,FIFA World Cup qualification,Liège,Belgium,False,2025,8,205,-197,27.6,547500000.0,26.4,625000.0,1.2000000000000028,546875000.0,1,11,0,11
2025-11-18,St Kitts and Nevis,Belize,2.0,6.0,CONCACAF Series,Basseterre,St Kitts and Nevis,False,2025,154,181,-27,27.4,575000.0,27.0,350000.0,0.3999999999999986,225000.0,2,4,3,1
2025-11-18,Antigua and Barbuda,Guyana,1.0,4.0,CONCACAF Series,North Sound,Antigua and Barbuda,False,2025,165,151,14,23.2,650000.0,26.3,1500000.0,-3.1000000000000014,-850000.0,2,2,9,-7
2025-11-18,IR Iran,Uzbekistan,0.0,0.0,Al Ain International Cup,Al Ain,United Arab Emirates,True,2025,20,50,-30,30.4,32049999.999999996,28.5,85330000.0,1.8999999999999986,-53280000.0,0,8,11,-3
2025-11-18,Guatemala,Suriname,3.0,1.0,FIFA World Cup qualification,Guatemala City,Guatemala,False,2025,94,123,-29,25.8,7780000.0,29.1,35930000.0,-3.3000000000000007,-28150000.0,1,5,9,-4
2025-11-18,Panama,El Salvador,3.0,0.0,FIFA World Cup qualification,Panama City,Panama,False,2025,30,100,-70,30.5,34550000.0,26.8,7130000.0,3.6999999999999993,27420000.0,1,9,3,6
2025-11-18,Jamaica,Curaçao,0.0,0.0,FIFA World Cup qualification,Kingston,Jamaica,False,2025,70,82,-12,23.1,9050000.0,28.0,25780000.0,-4.899999999999999,-16730000.0,0,10,11,-1
2025-11-18,Trinidad and Tobago,Bermuda,2.0,2.0,FIFA World Cup qualification,Port of Spain,Trinidad and Tobago,False,2025,98,169,-71,26.3,2150000.0,27.4,375000.0,-1.0999999999999979,1775000.0,0,6,0,6
2025-11-18,Costa Rica,Honduras,0.0,0.0,FIFA World Cup qualification,San José,Costa Rica,False,2025,49,65,-16,24.8,28200000.0,25.4,20930000.0,-0.5999999999999979,7270000.0,0,6,8,-2
2025-11-18,Haiti,Nicaragua,2.0,0.0,FIFA World Cup qualification,Willemstad,Curaçao,True,2025,84,132,-48,27.6,55900000.0,25.6,3780000.0,2.0,52120000.0,1,8,4,4
2025-11-19,Laos,Vietnam,0.0,2.0,AFC Asian Cup qualification,Vientiane,Laos,False,2025,190,107,83,23.2,1320000.0,28.1,6380000.0,-4.900000000000002,-5060000.0,2,3,12,-9
2025-11-20,Vanuatu,Solomon Islands,2.0,1.0,MSG Prime Minister's Cup,Port Moresby,Papua New Guinea,True,2025,160,152,8,29.7,535000.0,25.6,450000.0,4.099999999999998,85000.0,1,4,6,-2
2025-11-20,Papua New Guinea,Fiji,2.0,0.0,MSG Prime Minister's Cup,Port Moresby,Papua New Guinea,False,2025,170,155,15,29.6,,28.3,2450000.0,1.3000000000000007,,1,10,3,7
2025-11-23,Papua New Guinea,Vanuatu,2.0,2.0,MSG Prime Minister's Cup,Port Moresby,Papua New Guinea,False,2025,170,160,10,29.6,,29.7,535000.0,-0.09999999999999787,,0,13,7,6
2025-11-25,Mauritania,Kuwait,0.0,2.0,Arab Cup qualification,Al Rayyan,Qatar,True,2025,115,135,-20,26.9,25350000.0,28.4,4230000.0,-1.5,21120000.0,2,5,1,4
2025-11-25,Syria,South Sudan,2.0,0.0,Arab Cup qualification,Doha,Qatar,True,2025,86,168,-82,28.0,7930000.0,25.3,1600000.0,2.6999999999999993,6330000.0,1,15,3,12
2025-11-25,Palestine,Libya,0.0,0.0,Arab Cup qualification,Al Rayyan,Qatar,True,2025,95,111,-16,26.8,10280000.0,26.6,10130000.0,0.1999999999999993,150000.0,0,8,8,0
2025-11-26,Oman,Somalia,0.0,0.0,Arab Cup qualification,Doha,Qatar,True,2025,79,200,-121,28.7,8330000.0,25.9,760000.0,2.8000000000000007,7570000.0,0,5,0,5
2025-11-26,Bahrain,Djibouti,1.0,0.0,Arab Cup qualification,Al Rayyan,Qatar,True,2025,90,196,-106,29.6,6150000.0,26.3,575000.0,3.3000000000000007,5575000.0,1,3,0,3
2025-11-26,Sudan,Lebanon,2.0,1.0,Arab Cup qualification,Al Rayyan,Qatar,True,2025,117,108,9,29.2,3280000.0,28.9,5550000.0,0.3000000000000007,-2270000.0,1,2,13,-11
2025-11-26,Comoros,Yemen,4.0,4.0,Arab Cup qualification,Doha,Qatar,True,2025,109,149,-40,23.7,3800000.0,26.8,2200000.0,-3.1000000000000014,1600000.0,0,6,11,-5
2025-12-01,Tunisia,Syria,0.0,1.0,Arab Cup,Al Rayyan,Qatar,True,2025,41,86,-45,26.7,69950000.0,28.0,7930000.0,-1.3000000000000007,62020000.0,2,15,15,0
2025-12-01,Qatar,Palestine,0.0,1.0,Arab Cup,Al Khor,Qatar,False,2025,54,95,-41,29.5,19930000.0,26.8,10280000.0,2.6999999999999993,9650000.0,2,7,8,-1
2025-12-02,Morocco,Comoros,3.0,1.0,Arab Cup,Al Rayyan,Qatar,True,2025,11,109,-98,26.6,447700000.0,23.7,3800000.0,2.900000000000002,443900000.0,1,15,4,11
2025-12-02,Saudi Arabia,Oman,2.0,1.0,Arab Cup,Al Rayyan,Qatar,True,2025,60,79,-19,28.5,40680000.0,28.7,8330000.0,-0.1999999999999993,32350000.0,1,5,3,2
2025-12-02,Egypt,Kuwait,1.0,1.0,Arab Cup,Lusail,Qatar,True,2025,35,135,-100,29.1,116480000.0,28.4,4230000.0,0.7000000000000028,112250000.0,0,8,4,4
2025-12-03,Jordan,United Arab Emirates,2.0,1.0,Arab Cup,Al Khor,Qatar,True,2025,64,68,-4,28.5,20300000.0,26.7,29050000.0,1.8000000000000007,-8750000.0,1,8,5,3
2025-12-03,Algeria,Sudan,0.0,0.0,Arab Cup,Al Rayyan,Qatar,True,2025,34,117,-83,26.9,256899999.99999997,29.2,3280000.0,-2.3000000000000007,253619999.99999997,0,13,4,9
2025-12-03,Iraq,Bahrain,2.0,1.0,Arab Cup,Doha,Qatar,True,2025,58,90,-32,26.9,21200000.0,29.6,6150000.0,-2.700000000000003,15050000.0,1,11,3,8
2025-12-04,Palestine,Tunisia,2.0,2.0,Arab Cup,Lusail,Qatar,True,2025,95,41,54,26.8,10280000.0,26.7,69950000.0,0.10000000000000142,-59670000.0,0,11,12,-1
2025-12-04,Qatar,Syria,1.0,1.0,Arab Cup,Al Rayyan,Qatar,False,2025,54,86,-32,29.5,19930000.0,28.0,7930000.0,1.5,12000000.0,0,7,15,-8
2025-12-05,Oman,Morocco,0.0,0.0,Arab Cup,Al Rayyan,Qatar,True,2025,79,11,68,28.7,8330000.0,26.6,447700000.0,2.099999999999998,-439370000.0,0,3,15,-12
2025-12-05,Comoros,Saudi Arabia,1.0,3.0,Arab Cup,Al Khor,Qatar,True,2025,109,60,49,23.7,3800000.0,28.5,40680000.0,-4.800000000000001,-36880000.0,2,4,8,-4
2025-12-06,Kuwait,Jordan,1.0,3.0,Arab Cup,Al Rayyan,Qatar,True,2025,135,64,71,28.4,4230000.0,28.5,20300000.0,-0.10000000000000142,-16070000.0,2,4,10,-6
2025-12-06,United Arab Emirates,Egypt,1.0,1.0,Arab Cup,Lusail,Qatar,True,2025,68,35,33,26.7,29050000.0,29.1,116480000.0,-2.400000000000002,-87430000.0,0,4,8,-4
2025-12-06,Bahrain,Algeria,1.0,5.0,Arab Cup,Al Rayyan,Qatar,True,2025,90,34,56,29.6,6150000.0,26.9,256899999.99999997,2.700000000000003,-250749999.99999997,2,3,11,-8
2025-12-06,Sudan,Iraq,0.0,2.0,Arab Cup,Doha,Qatar,True,2025,117,58,59,29.2,3280000.0,26.9,21200000.0,2.3000000000000007,-17920000.0,2,5,11,-6
2025-12-07,Qatar,Tunisia,0.0,3.0,Arab Cup,Al Khor,Qatar,False,2025,54,41,13,29.5,19930000.0,26.7,69950000.0,2.8000000000000007,-50020000.0,2,5,10,-5
2025-12-07,Syria,Palestine,0.0,0.0,Arab Cup,Al Rayyan,Qatar,True,2025,86,95,-9,28.0,7930000.0,26.8,10280000.0,1.1999999999999993,-2350000.0,0,13,9,4
2025-12-08,Morocco,Saudi Arabia,1.0,0.0,Arab Cup,Lusail,Qatar,True,2025,11,60,-49,26.6,447700000.0,28.5,40680000.0,-1.8999999999999986,407020000.0,1,13,10,3
2025-12-08,Oman,Comoros,2.0,1.0,Arab Cup,Doha,Qatar,True,2025,79,109,-30,28.7,8330000.0,23.7,3800000.0,5.0,4530000.0,1,3,1,2
2025-12-09,Egypt,Jordan,0.0,3.0,Arab Cup,Al Khor,Qatar,True,2025,35,64,-29,29.1,116480000.0,28.5,20300000.0,0.6000000000000014,96180000.0,2,6,10,-4
2025-12-09,United Arab Emirates,Kuwait,3.0,1.0,Arab Cup,Doha,Qatar,True,2025,68,135,-67,26.7,29050000.0,28.4,4230000.0,-1.6999999999999993,24820000.0,1,2,4,-2
2025-12-09,Algeria,Iraq,2.0,0.0,Arab Cup,Al Rayyan,Qatar,True,2025,34,58,-24,26.9,256899999.99999997,26.9,21200000.0,0.0,235699999.99999997,1,11,11,0
2025-12-09,Bahrain,Sudan,3.0,1.0,Arab Cup,Al Rayyan,Qatar,True,2025,90,117,-27,29.6,6150000.0,29.2,3280000.0,0.40000000000000213,2870000.0,1,3,5,-2
2025-12-11,Morocco,Syria,1.0,0.0,Arab Cup,Al Rayyan,Qatar,True,2025,11,86,-75,26.6,447700000.0,28.0,7930000.0,-1.3999999999999986,439770000.0,1,13,11,2
2025-12-11,Palestine,Saudi Arabia,1.0,2.0,Arab Cup,Lusail,Qatar,True,2025,95,60,35,26.8,10280000.0,28.5,40680000.0,-1.6999999999999993,-30400000.0,2,7,10,-3
2025-12-12,Jordan,Iraq,1.0,0.0,Arab Cup,Al Rayyan,Qatar,True,2025,64,58,6,28.5,20300000.0,26.9,21200000.0,1.6000000000000014,-900000.0,1,12,10,2
2025-12-12,Algeria,United Arab Emirates,1.0,1.0,Arab Cup,Al Khor,Qatar,True,2025,34,68,-34,26.9,256899999.99999997,26.7,29050000.0,0.1999999999999993,227849999.99999997,0,13,5,8
2025-12-15,Morocco,United Arab Emirates,3.0,0.0,Arab Cup,Al Rayyan,Qatar,True,2025,11,68,-57,26.6,447700000.0,26.7,29050000.0,-0.09999999999999787,418650000.0,1,13,5,8
2025-12-15,Saudi Arabia,Jordan,0.0,1.0,Arab Cup,Al Khor,Qatar,True,2025,60,64,-4,28.5,40680000.0,28.5,20300000.0,0.0,20380000.0,2,10,12,-2
2025-12-18,Jordan,Morocco,2.0,3.0,Arab Cup,Lusail,Qatar,True,2025,64,11,53,28.5,20300000.0,26.6,447700000.0,1.8999999999999986,-427400000.0,2,15,13,2
2025-12-21,Morocco,Comoros,2.0,0.0,African Cup of Nations,Rabat,Morocco,False,2025,11,109,-98,26.6,447700000.0,23.7,3800000.0,2.900000000000002,443900000.0,1,13,1,12
2025-12-22,Mali,Zambia,1.0,1.0,African Cup of Nations,Casablanca,Morocco,True,2025,53,91,-38,25.6,116550000.0,26.3,14130000.0,-0.6999999999999993,102420000.0,0,10,9,1
2025-12-22,South Africa,Angola,2.0,1.0,African Cup of Nations,Marrakesh,Morocco,True,2025,61,89,-28,26.8,49250000.0,29.4,46550000.0,-2.599999999999998,2700000.0,1,11,5,6
2025-12-22,Egypt,Zimbabwe,2.0,1.0,African Cup of Nations,Agadir,Morocco,True,2025,35,129,-94,29.1,116480000.0,26.0,25330000.0,3.1000000000000014,91150000.0,1,3,2,1
2025-12-23,Nigeria,Tanzania,2.0,1.0,African Cup of Nations,Fez,Morocco,True,2025,38,112,-74,26.6,172050000.0,26.3,9030000.0,0.3000000000000007,163020000.0,1,11,1,10
2025-12-23,Tunisia,Uganda,3.0,1.0,African Cup of Nations,Rabat,Morocco,True,2025,41,85,-44,26.7,69950000.0,28.0,8630000.0,-1.3000000000000007,61320000.0,1,10,12,-2
2025-12-23,Congo DR,Benin,1.0,0.0,African Cup of Nations,Rabat,Morocco,True,2025,56,92,-36,29.1,143900000.0,26.2,18080000.0,2.900000000000002,125820000.0,1,10,9,1
2025-12-23,Senegal,Botswana,3.0,0.0,African Cup of Nations,Tangier,Morocco,True,2025,19,138,-119,27.1,478100000.0,30.1,3050000.0,-3.0,475050000.0,1,15,4,11
2025-12-24,Burkina Faso,Equatorial Guinea,2.0,1.0,African Cup of Nations,Casablanca,Morocco,True,2025,62,97,-35,25.0,110500000.0,26.2,4200000.0,-1.1999999999999993,106300000.0,1,13,5,8
2025-12-24,Algeria,Sudan,3.0,0.0,African Cup of Nations,Rabat,Morocco,True,2025,34,117,-83,26.9,256899999.99999997,29.2,3280000.0,-2.3000000000000007,253619999.99999997,1,11,4,7
2025-12-24,Côte d'Ivoire,Mozambique,1.0,0.0,African Cup of Nations,Marrakesh,Morocco,True,2025,42,102,-60,25.9,522100000.0,27.5,1480000.0,-1.6000000000000014,520620000.0,1,11,6,5
2025-12-24,Cameroon,Gabon,1.0,0.0,African Cup of Nations,Agadir,Morocco,True,2025,57,78,-21,23.7,198700000.0,27.6,35280000.0,-3.900000000000002,163420000.0,1,7,10,-3
2025-12-26,Zambia,Comoros,0.0,0.0,African Cup of Nations,Casablanca,Morocco,True,2025,91,109,-18,26.3,14130000.0,23.7,3800000.0,2.6000000000000014,10330000.0,0,7,1,6
2025-12-26,Morocco,Mali,1.0,1.0,African Cup of Nations,Rabat,Morocco,False,2025,11,53,-42,26.6,447700000.0,25.6,116550000.0,1.0,331150000.0,0,15,10,5
2025-12-26,Angola,Zimbabwe,1.0,1.0,African Cup of Nations,Marrakesh,Morocco,True,2025,89,129,-40,29.4,46550000.0,26.0,25330000.0,3.3999999999999986,21220000.0,0,5,1,4
2025-12-26,Egypt,South Africa,1.0,0.0,African Cup of Nations,Agadir,Morocco,True,2025,35,61,-26,29.1,116480000.0,26.8,49250000.0,2.3000000000000007,67230000.0,1,6,11,-5
2025-12-27,Uganda,Tanzania,1.0,1.0,African Cup of Nations,Rabat,Morocco,True,2025,85,112,-27,28.0,8630000.0,26.3,9030000.0,1.6999999999999993,-400000.0,0,9,1,8
2025-12-27,Nigeria,Tunisia,3.0,2.0,African Cup of Nations,Fez,Morocco,True,2025,38,41,-3,26.6,172050000.0,26.7,69950000.0,-0.09999999999999787,102100000.0,1,13,10,3
2025-12-27,Benin,Botswana,1.0,0.0,African Cup of Nations,Rabat,Morocco,True,2025,92,138,-46,26.2,18080000.0,30.1,3050000.0,-3.900000000000002,15030000.0,1,9,1,8
2025-12-27,Senegal,Congo DR,1.0,1.0,African Cup of Nations,Tangier,Morocco,True,2025,19,56,-37,27.1,478100000.0,29.1,143900000.0,-2.0,334200000.0,0,15,13,2
2025-12-28,Equatorial Guinea,Sudan,0.0,1.0,African Cup of Nations,Casablanca,Morocco,True,2025,97,117,-20,26.2,4200000.0,29.2,3280000.0,-3.0,920000.0,2,4,4,0
2025-12-28,Algeria,Burkina Faso,1.0,0.0,African Cup of Nations,Rabat,Morocco,True,2025,34,62,-28,26.9,256899999.99999997,25.0,110500000.0,1.8999999999999986,146399999.99999997,1,11,13,-2
2025-12-28,Gabon,Mozambique,2.0,3.0,African Cup of Nations,Agadir,Morocco,True,2025,78,102,-24,27.6,35280000.0,27.5,1480000.0,0.10000000000000142,33800000.0,2,7,6,1
2025-12-28,Côte d'Ivoire,Cameroon,1.0,1.0,African Cup of Nations,Marrakesh,Morocco,True,2025,42,57,-15,25.9,522100000.0,23.7,198700000.0,2.1999999999999993,323400000.0,0,13,7,6
2025-12-29,Morocco,Zambia,3.0,0.0,African Cup of Nations,Rabat,Morocco,False,2025,11,91,-80,26.6,447700000.0,26.3,14130000.0,0.3000000000000007,433570000.0,1,13,5,8
2025-12-29,Comoros,Mali,0.0,0.0,African Cup of Nations,Casablanca,Morocco,True,2025,109,53,56,23.7,3800000.0,25.6,116550000.0,-1.9000000000000021,-112750000.0,0,1,8,-7
2025-12-29,Angola,Egypt,0.0,0.0,African Cup of Nations,Agadir,Morocco,True,2025,89,35,54,29.4,46550000.0,29.1,116480000.0,0.29999999999999716,-69930000.0,0,6,8,-2
2025-12-29,Zimbabwe,South Africa,2.0,3.0,African Cup of Nations,Marrakesh,Morocco,True,2025,129,61,68,26.0,25330000.0,26.8,49250000.0,-0.8000000000000007,-23920000.0,2,2,8,-6
2025-12-30,Uganda,Nigeria,1.0,3.0,African Cup of Nations,Fez,Morocco,True,2025,85,38,47,28.0,8630000.0,26.6,172050000.0,1.3999999999999986,-163420000.0,2,7,13,-6
2025-12-30,Tanzania,Tunisia,1.0,1.0,African Cup of Nations,Rabat,Morocco,True,2025,112,41,71,26.3,9030000.0,26.7,69950000.0,-0.3999999999999986,-60920000.0,0,2,7,-5
2025-12-30,Benin,Senegal,0.0,3.0,African Cup of Nations,Tangier,Morocco,True,2025,92,19,73,26.2,18080000.0,27.1,478100000.0,-0.9000000000000021,-460020000.0,2,9,13,-4
2025-12-30,Botswana,Congo DR,0.0,3.0,African Cup of Nations,Rabat,Morocco,True,2025,138,56,82,30.1,3050000.0,29.1,143900000.0,1.0,-140850000.0,2,1,11,-10
2025-12-31,Equatorial Guinea,Algeria,1.0,3.0,African Cup of Nations,Rabat,Morocco,True,2025,97,34,63,26.2,4200000.0,26.9,256899999.99999997,-0.6999999999999993,-252699999.99999997,2,1,13,-12
2025-12-31,Sudan,Burkina Faso,0.0,2.0,African Cup of Nations,Casablanca,Morocco,True,2025,117,62,55,29.2,3280000.0,25.0,110500000.0,4.199999999999999,-107220000.0,2,4,10,-6
2025-12-31,Gabon,Côte d'Ivoire,2.0,3.0,African Cup of Nations,Marrakesh,Morocco,True,2025,78,42,36,27.6,35280000.0,25.9,522100000.0,1.7000000000000028,-486820000.0,2,6,11,-5
2025-12-31,Mozambique,Cameroon,1.0,2.0,African Cup of Nations,Agadir,Morocco,True,2025,102,57,45,27.5,1480000.0,23.7,198700000.0,3.8000000000000007,-197220000.0,2,9,8,1
2026-01-03,Senegal,Sudan,3.0,1.0,African Cup of Nations,Tangier,Morocco,True,2026,15,117,-102,27.1,478100000.0,29.2,3280000.0,-2.099999999999998,474820000.0,1,13,3,10
2026-01-03,Mali,Tunisia,1.0,1.0,African Cup of Nations,Casablanca,Morocco,True,2026,55,45,10,25.6,116550000.0,26.7,69950000.0,-1.0999999999999979,46600000.0,0,9,8,1
2026-01-04,Morocco,Tanzania,1.0,0.0,African Cup of Nations,Rabat,Morocco,False,2026,7,112,-105,26.6,447700000.0,26.3,9030000.0,0.3000000000000007,438670000.0,1,13,2,11
2026-01-04,South Africa,Cameroon,1.0,2.0,African Cup of Nations,Rabat,Morocco,True,2026,61,44,17,26.8,49250000.0,23.7,198700000.0,3.1000000000000014,-149450000.0,2,10,8,2
2026-01-05,Egypt,Benin,3.0,1.0,African Cup of Nations,Agadir,Morocco,True,2026,29,93,-64,29.1,116480000.0,26.2,18080000.0,2.900000000000002,98400000.0,1,8,6,2
2026-01-05,Nigeria,Mozambique,4.0,0.0,African Cup of Nations,Fez,Morocco,True,2026,26,103,-77,26.6,172050000.0,27.5,1480000.0,-0.8999999999999986,170570000.0,1,13,6,7
2026-01-06,Algeria,Congo DR,1.0,0.0,African Cup of Nations,Rabat,Morocco,True,2026,28,46,-18,26.9,256899999.99999997,29.1,143900000.0,-2.200000000000003,112999999.99999997,1,13,11,2
2026-01-06,Côte d'Ivoire,Burkina Faso,3.0,0.0,African Cup of Nations,Marrakesh,Morocco,True,2026,33,62,-29,25.9,522100000.0,25.0,110500000.0,0.8999999999999986,411600000.0,1,13,12,1
2026-01-09,Mali,Senegal,0.0,1.0,African Cup of Nations,Tangier,Morocco,True,2026,55,15,40,25.6,116550000.0,27.1,478100000.0,-1.5,-361550000.0,2,7,13,-6
2026-01-09,Morocco,Cameroon,2.0,0.0,African Cup of Nations,Rabat,Morocco,False,2026,7,44,-37,26.6,447700000.0,23.7,198700000.0,2.900000000000002,249000000.0,1,13,10,3
2026-01-10,Algeria,Nigeria,0.0,2.0,African Cup of Nations,Marrakesh,Morocco,True,2026,28,26,2,26.9,256899999.99999997,26.6,172050000.0,0.29999999999999716,84849999.99999997,2,13,13,0
2026-01-10,Egypt,Côte d'Ivoire,3.0,2.0,African Cup of Nations,Agadir,Morocco,True,2026,29,33,-4,29.1,116480000.0,25.9,522100000.0,3.200000000000003,-405620000.0,1,10,13,-3
2026-01-14,Senegal,Egypt,1.0,0.0,African Cup of Nations,Tangier,Morocco,True,2026,15,29,-14,27.1,478100000.0,29.1,116480000.0,-2.0,361620000.0,1,13,13,0
2026-01-14,Morocco,Nigeria,0.0,0.0,African Cup of Nations,Rabat,Morocco,False,2026,7,26,-19,26.6,447700000.0,26.6,172050000.0,0.0,275650000.0,0,13,15,-2
2026-01-17,Egypt,Nigeria,0.0,0.0,African Cup of Nations,Casablanca,Morocco,True,2026,29,26,3,29.1,116480000.0,26.6,172050000.0,2.5,-55570000.0,0,10,13,-3
2026-01-18,Morocco,Senegal,3.0,0.0,African Cup of Nations,Rabat,Morocco,False,2026,7,15,-8,26.6,447700000.0,27.1,478100000.0,-0.5,-30400000.0,1,11,13,-2
2026-03-25,Kazakhstan,Namibia,2.0,0.0,FIFA Series,Astana,Kazakhstan,False,2026,111,121,-10,26.0,16300000.0,27.3,2080000.0,-1.3000000000000007,14220000.0,1,5,4,1
2026-03-25,US Virgin Islands,American Samoa,5.0,2.0,FIFA Series,Bayamón,Puerto Rico,True,2026,208,191,17,24.7,125000.0,24.5,,0.1999999999999993,,1,2,0,2
2026-03-25,Puerto Rico,Guam,4.0,0.0,FIFA Series,Bayamón,Puerto Rico,False,2026,154,203,-49,23.1,825000.0,23.3,240000.0,-0.1999999999999993,585000.0,1,9,3,6
2026-03-26,New Caledonia,Jamaica,0.0,1.0,FIFA World Cup qualification,Zapopan,Mexico,True,2026,151,71,80,28.8,5200000.0,23.1,9050000.0,5.699999999999999,-3850000.0,2,10,8,2
2026-03-26,Bolivia,Suriname,2.0,1.0,FIFA World Cup qualification,Guadalupe,Mexico,True,2026,77,125,-48,23.8,18050000.0,29.1,35930000.0,-5.300000000000001,-17880000.0,1,6,8,-2
2026-03-26,Italy,Northern Ireland,2.0,0.0,FIFA World Cup qualification,Bergamo,Italy,False,2026,12,70,-58,21.0,315700000.0,23.8,79900000.0,-2.8000000000000007,235800000.0,1,12,6,6
2026-03-26,Wales,Bosnia and Herzegovina,1.0,1.0,FIFA World Cup qualification,Cardiff,Wales,False,2026,37,64,-27,26.6,180650000.0,26.4,151600000.0,0.20000000000000284,29050000.0,0,9,8,1
2026-03-26,Poland,Albania,2.0,1.0,FIFA World Cup qualification,Warsaw,Poland,False,2026,36,66,-30,26.3,231600000.0,27.4,88800000.0,-1.0999999999999979,142800000.0,1,11,10,1
2026-03-26,Ukraine,Sweden,1.0,3.0,FIFA World Cup qualification,Valencia,Spain,True,2026,32,38,-6,26.6,247000000.0,27.6,406080000.0,-1.0,-159080000.0,2,10,1,9
2026-03-26,Slovakia,Kosovo,3.0,4.0,FIFA World Cup qualification,Bratislava,Slovakia,False,2026,47,78,-31,26.9,59850000.0,26.5,147480000.0,0.3999999999999986,-87630000.0,2,9,11,-2
2026-03-26,Turkey,Romania,1.0,0.0,FIFA World Cup qualification,Istanbul,Turkey,False,2026,22,54,-32,27.7,473700000.0,26.0,56950000.0,1.6999999999999993,416750000.0,1,10,10,0
2026-03-26,Czechia,Republic of Ireland,2.0,2.0,FIFA World Cup qualification,Prague,Czechia,False,2026,40,58,-18,27.6,188180000.0,24.9,146850000.0,2.700000000000003,41330000.0,0,7,9,-2
2026-03-26,Denmark,North Macedonia,4.0,0.0,FIFA World Cup qualification,Copenhagen,Denmark,False,2026,21,69,-48,25.5,365000000.0,27.8,34450000.0,-2.3000000000000007,330550000.0,1,10,8,2
2026-03-26,Aruba,Macau,4.0,1.0,FIFA Series,Kigali,Rwanda,True,2026,189,193,-4,24.3,175000.0,24.6,335000.0,-0.3000000000000007,-160000.0,1,5,1,4
2026-03-26,Tanzania,Liechtenstein,0.0,1.0,FIFA Series,Kigali,Rwanda,True,2026,112,206,-94,26.3,9030000.0,26.4,625000.0,-0.09999999999999787,8405000.0,2,2,0,2
2026-03-26,Dominican Republic,El Salvador,2.0,2.0,CONCACAF Series,Santiago de los Caballeros,Dominican Republic,False,2026,144,100,44,25.5,12830000.0,26.8,7130000.0,-1.3000000000000007,5700000.0,0,7,0,7
2026-03-26,Bahamas,Anguilla,1.0,3.0,CONCACAF Series,George Town,Cayman Islands,True,2026,207,210,-3,21.8,,25.4,,-3.599999999999998,,2,0,3,-3
2026-03-26,Cayman Islands,British Virgin Islands,1.0,1.0,CONCACAF Series,George Town,Cayman Islands,False,2026,197,209,-12,25.9,,22.3,,3.599999999999998,,0,4,6,-2
2026-03-27,Guinea,Togo,2.0,2.0,"Morocco, Capital of African Football",Rabat,Morocco,True,2026,81,119,-38,24.6,74130000.0,25.7,27800000.0,-1.0999999999999979,46330000.0,0,8,4,4
2026-03-27,Liberia,Benin,0.0,1.0,"Morocco, Capital of African Football",Casablanca,Morocco,True,2026,140,93,47,24.5,14330000.0,26.2,18080000.0,-1.6999999999999993,-3750000.0,2,8,3,5
2026-03-27,Libya,Niger,0.0,0.0,"Morocco, Capital of African Football",Casablanca,Morocco,True,2026,110,114,-4,26.6,10130000.0,26.4,10700000.0,0.20000000000000284,-570000.0,0,9,9,0
2026-03-27,China,Curaçao,2.0,0.0,FIFA Series,Sydney,Australia,True,2026,91,82,9,27.9,14330000.0,28.0,25780000.0,-0.10000000000000142,-11450000.0,1,3,11,-8
2026-03-27,Australia,Cameroon,1.0,0.0,FIFA Series,Sydney,Australia,False,2026,27,44,-17,27.4,77450000.0,23.7,198700000.0,3.6999999999999993,-121250000.0,1,15,10,5
2026-03-27,Azerbaijan,St Lucia,6.0,1.0,FIFA Series,Sumgait,Azerbaijan,False,2026,126,166,-40,27.6,19080000.0,23.5,250000.0,4.100000000000001,18830000.0,1,1,3,-2
2026-03-27,Solomon Islands,Bulgaria,2.0,10.0,FIFA Series,Jakarta,Indonesia,True,2026,153,87,66,25.6,450000.0,25.7,30050000.0,-0.09999999999999787,-29600000.0,2,3,3,0
2026-03-27,Indonesia,St Kitts and Nevis,4.0,0.0,FIFA Series,Jakarta,Indonesia,False,2026,118,152,-34,25.7,19550000.0,27.4,575000.0,-1.6999999999999993,18975000.0,1,6,3,3
2026-03-27,Chile,Cabo Verde,4.0,2.0,FIFA Series,Auckland,New Zealand,True,2026,51,67,-16,25.9,66800000.0,29.7,54500000.0,-3.8000000000000007,12300000.0,1,2,9,-7
2026-03-27,New Zealand,Finland,0.0,2.0,FIFA Series,Auckland,New Zealand,False,2026,85,75,10,28.1,34350000.0,26.1,41850000.0,2.0,-7500000.0,2,6,6,0
2026-03-27,Kenya,Estonia,1.0,1.0,FIFA Series,Kigali,Rwanda,True,2026,109,127,-18,23.8,3300000.0,25.5,13930000.0,-1.6999999999999993,-10630000.0,0,6,1,5
2026-03-27,Rwanda,Grenada,4.0,0.0,FIFA Series,Kigali,Rwanda,False,2026,128,163,-35,27.1,6950000.0,25.4,1750000.0,1.7000000000000028,5200000.0,1,4,10,-6
2026-03-27,Venezuela,Trinidad and Tobago,4.0,1.0,FIFA Series,Tashkent,Uzbekistan,True,2026,49,102,-53,25.6,79000000.0,26.3,2150000.0,-0.6999999999999993,76850000.0,1,6,6,0
2026-03-27,Uzbekistan,Gabon,3.0,1.0,FIFA Series,Tashkent,Uzbekistan,False,2026,50,86,-36,28.5,85330000.0,27.6,35280000.0,0.8999999999999986,50050000.0,1,9,3,6
2026-03-27,Guyana,Dominica,2.0,0.0,CONCACAF Series,Santiago de los Caballeros,Dominican Republic,True,2026,150,182,-32,26.3,1500000.0,25.8,,0.5,,1,9,4,5
2026-03-28,Botswana,Zimbabwe,0.0,3.0,Mukuru 4 Nations,Francistown,Botswana,False,2026,147,130,17,30.1,3050000.0,26.0,25330000.0,4.100000000000001,-22280000.0,2,1,2,-1
2026-03-28,Namibia,Comoros,0.0,0.0,FIFA Series,Astana,Kazakhstan,True,2026,121,108,13,27.3,2080000.0,23.7,3800000.0,3.6000000000000014,-1720000.0,0,3,2,1
2026-03-28,American Samoa,Guam,0.0,6.0,FIFA Series,Bayamón,Puerto Rico,True,2026,191,203,-12,24.5,,23.3,240000.0,1.1999999999999993,,2,0,3,-3
2026-03-28,Puerto Rico,US Virgin Islands,2.0,0.0,FIFA Series,Bayamón,Puerto Rico,False,2026,154,208,-54,23.1,825000.0,24.7,125000.0,-1.5999999999999979,700000.0,1,9,4,5
2026-03-29,Macau,Tanzania,0.0,6.0,FIFA Series,Kigali,Rwanda,True,2026,193,112,81,24.6,335000.0,26.3,9030000.0,-1.6999999999999993,-8695000.0,2,1,2,-1
2026-03-29,Aruba,Liechtenstein,4.0,1.0,FIFA Series,Kigali,Rwanda,True,2026,189,206,-17,24.3,175000.0,26.4,625000.0,-2.099999999999998,-450000.0,1,8,3,5
2026-03-29,Dominican Republic,Cuba,1.0,1.0,CONCACAF Series,Santiago de los Caballeros,Dominican Republic,False,2026,144,164,-20,25.5,12830000.0,24.0,2600000.0,1.5,10230000.0,0,5,6,-1
2026-03-29,Barbados,St Vincent and the Grenadines,2.0,3.0,CONCACAF Series,Rincon,Bonaire,True,2026,179,170,9,24.6,200000.0,25.3,475000.0,-0.6999999999999993,-275000.0,2,1,6,-5
2026-03-29,British Virgin Islands,Anguilla,4.0,0.0,CONCACAF Series,George Town,Cayman Islands,True,2026,209,210,-1,22.3,,25.4,,-3.099999999999998,,1,7,6,1
2026-03-29,Cayman Islands,Bahamas,1.0,0.0,CONCACAF Series,George Town,Cayman Islands,False,2026,197,207,-10,25.9,,21.8,,4.099999999999998,,1,4,0,4
2026-03-30,Azerbaijan,Sierra Leone,1.0,1.0,FIFA Series,Sumgait,Azerbaijan,False,2026,126,122,4,27.6,19080000.0,24.3,13330000.0,3.3000000000000007,5750000.0,0,3,7,-4
2026-03-30,St Kitts and Nevis,Solomon Islands,4.0,2.0,FIFA Series,Jakarta,Indonesia,True,2026,152,153,-1,27.4,575000.0,25.6,450000.0,1.7999999999999972,125000.0,1,0,0,0
2026-03-30,Indonesia,Bulgaria,0.0,1.0,FIFA Series,Jakarta,Indonesia,False,2026,118,87,31,25.7,19550000.0,25.7,30050000.0,0.0,-10500000.0,2,6,6,0
2026-03-30,Cabo Verde,Finland,1.0,1.0,FIFA Series,Auckland,New Zealand,True,2026,67,75,-8,29.7,54500000.0,26.1,41850000.0,3.599999999999998,12650000.0,0,6,6,0
2026-03-30,New Zealand,Chile,4.0,1.0,FIFA Series,Auckland,New Zealand,False,2026,85,51,34,28.1,34350000.0,25.9,66800000.0,2.200000000000003,-32450000.0,1,3,4,-1
2026-03-30,Grenada,Kenya,0.0,3.0,FIFA Series,Kigali,Rwanda,True,2026,163,109,54,25.4,1750000.0,23.8,3300000.0,1.5999999999999979,-1550000.0,2,9,7,2
2026-03-30,Rwanda,Estonia,2.0,0.0,FIFA Series,Kigali,Rwanda,False,2026,128,127,1,27.1,6950000.0,25.5,13930000.0,1.6000000000000014,-6980000.0,1,6,2,4
2026-03-30,Gabon,Trinidad and Tobago,2.0,2.0,FIFA Series,Tashkent,Uzbekistan,True,2026,86,102,-16,27.6,35280000.0,26.3,2150000.0,1.3000000000000007,33130000.0,0,0,6,-6
2026-03-30,Uzbekistan,Venezuela,0.0,0.0,FIFA Series,Tashkent,Uzbekistan,False,2026,50,49,1,28.5,85330000.0,25.6,79000000.0,2.8999999999999986,6330000.0,0,11,6,5
2026-03-30,Guyana,Belize,3.0,1.0,CONCACAF Series,Santiago de los Caballeros,Dominican Republic,True,2026,150,180,-30,26.3,1500000.0,27.0,350000.0,-0.6999999999999993,1150000.0,1,9,3,6
2026-03-31,Benin,Guinea,1.0,0.0,"Morocco, Capital of African Football",Casablanca,Morocco,True,2026,93,81,12,26.2,18080000.0,24.6,74130000.0,1.5999999999999979,-56050000.0,1,6,9,-3
2026-03-31,Liberia,Libya,2.0,2.0,"Morocco, Capital of African Football",Casablanca,Morocco,True,2026,140,110,30,24.5,14330000.0,26.6,10130000.0,-2.1000000000000014,4200000.0,0,5,7,-2
2026-03-31,Botswana,Malawi,1.0,0.0,Mukuru 4 Nations,Francistown,Botswana,False,2026,147,129,18,30.1,3050000.0,26.4,1950000.0,3.700000000000003,1100000.0,1,1,7,-6
2026-03-31,Niger,Togo,0.0,1.0,"Morocco, Capital of African Football",Casablanca,Morocco,True,2026,114,119,-5,26.4,10700000.0,25.7,27800000.0,0.6999999999999993,-17100000.0,2,10,5,5
2026-03-31,Congo DR,Jamaica,1.0,0.0,FIFA World Cup qualification,Zapopan,Mexico,True,2026,46,71,-25,29.1,143900000.0,23.1,9050000.0,6.0,134850000.0,1,8,8,0
2026-03-31,Iraq,Bolivia,2.0,1.0,FIFA World Cup qualification,Guadalupe,Mexico,True,2026,57,77,-20,26.9,21200000.0,23.8,18050000.0,3.099999999999998,3150000.0,1,9,9,0
2026-03-31,Bosnia and Herzegovina,Italy,1.0,1.0,FIFA World Cup qualification,Zenica,Bosnia and Herzegovina,False,2026,64,12,52,26.4,151600000.0,21.0,315700000.0,5.399999999999999,-164100000.0,0,6,12,-6
2026-03-31,Sweden,Poland,3.0,2.0,FIFA World Cup qualification,Solna,Sweden,False,2026,38,36,2,27.6,406080000.0,26.3,231600000.0,1.3000000000000007,174480000.0,1,4,13,-9
2026-03-31,Kosovo,Turkey,0.0,1.0,FIFA World Cup qualification,Pristina,Kosovo,False,2026,78,22,56,26.5,147480000.0,27.7,473700000.0,-1.1999999999999993,-326220000.0,2,11,13,-2
2026-03-31,Czechia,Denmark,2.0,2.0,FIFA World Cup qualification,Prague,Czechia,False,2026,40,21,19,27.6,188180000.0,25.5,365000000.0,2.1000000000000014,-176820000.0,0,8,10,-2
2026-03-31,Cameroon,China,2.0,0.0,FIFA Series,Melbourne,Australia,True,2026,44,91,-47,23.7,198700000.0,27.9,14330000.0,-4.199999999999999,184370000.0,1,7,6,1
2026-03-31,Australia,Curaçao,5.0,1.0,FIFA Series,Melbourne,Australia,False,2026,27,82,-55,27.4,77450000.0,28.0,25780000.0,-0.6000000000000014,51670000.0,1,15,8,7
2026-03-31,Kazakhstan,Comoros,1.0,0.0,FIFA Series,Astana,Kazakhstan,False,2026,111,108,3,26.0,16300000.0,23.7,3800000.0,2.3000000000000007,12500000.0,1,8,3,5
2026-06-11,Mexico,South Africa,,,FIFA World Cup,Mexico City,Mexico,False,2026,13,61,-48,27.9,191850000.0,26.8,49250000.0,1.0999999999999979,142600000.0,,13,9,4
2026-06-11,Korea Republic,Czechia,,,FIFA World Cup,Zapopan,Mexico,True,2026,25,40,-15,28.1,139050000.0,27.6,188180000.0,0.5,-49130000.0,,9,6,3
2026-06-12,Canada,Bosnia and Herzegovina,,,FIFA World Cup,Toronto,Canada,False,2026,30,64,-34,27.0,198650000.0,26.4,151600000.0,0.6000000000000014,47050000.0,,9,7,2
2026-06-12,USA,Paraguay,,,FIFA World Cup,Inglewood,USA,False,2026,17,41,-24,26.9,385650000.0,29.1,153650000.0,-2.200000000000003,232000000.0,,10,8,2
2026-06-13,Qatar,Switzerland,,,FIFA World Cup,Santa Clara,USA,True,2026,56,19,37,29.5,19930000.0,28.3,332500000.0,1.1999999999999993,-312570000.0,,5,11,-6
2026-06-13,Brazil,Morocco,,,FIFA World Cup,East Rutherford,USA,True,2026,6,7,-1,29.4,928200000.0,26.6,447700000.0,2.799999999999997,480500000.0,,7,13,-6
2026-06-13,Haiti,Scotland,,,FIFA World Cup,Foxborough,USA,True,2026,83,42,41,27.6,55900000.0,29.2,170250000.0,-1.5999999999999979,-114350000.0,,10,12,-2
2026-06-13,Australia,Turkey,,,FIFA World Cup,Vancouver,Canada,True,2026,27,22,5,27.4,77450000.0,27.7,473700000.0,-0.3000000000000007,-396250000.0,,15,13,2
2026-06-14,Germany,Curaçao,,,FIFA World Cup,Houston,USA,True,2026,10,82,-72,28.1,947000000.0,28.0,25780000.0,0.10000000000000142,921220000.0,,15,5,10
2026-06-14,Côte d'Ivoire,Ecuador,,,FIFA World Cup,Philadelphia,USA,True,2026,33,23,10,25.9,522100000.0,26.1,368700000.0,-0.20000000000000284,153400000.0,,10,7,3
2026-06-14,Netherlands,Japan,,,FIFA World Cup,Arlington,USA,True,2026,8,18,-10,27.8,754200000.0,27.8,270850000.0,0.0,483350000.0,,13,13,0
2026-06-14,Sweden,Tunisia,,,FIFA World Cup,Guadalupe,Mexico,True,2026,38,45,-7,27.6,406080000.0,26.7,69950000.0,0.9000000000000021,336130000.0,,7,8,-1
2026-06-15,Belgium,Egypt,,,FIFA World Cup,Seattle,USA,True,2026,9,29,-20,27.6,547500000.0,29.1,116480000.0,-1.5,431020000.0,,11,8,3
2026-06-15,IR Iran,New Zealand,,,FIFA World Cup,Inglewood,USA,True,2026,20,85,-65,30.4,32049999.999999996,28.1,34350000.0,2.299999999999997,-2300000.0000000037,,6,3,3
2026-06-15,Spain,Cabo Verde,,,FIFA World Cup,Atlanta,USA,True,2026,2,67,-65,26.8,1220000000.0,29.7,54500000.0,-2.8999999999999986,1165500000.0,,13,6,7
2026-06-15,Saudi Arabia,Uruguay,,,FIFA World Cup,Miami Gardens,USA,True,2026,60,16,44,28.5,40680000.0,28.8,359300000.0,-0.3000000000000007,-318620000.0,,9,8,1
2026-06-16,France,Senegal,,,FIFA World Cup,East Rutherford,USA,True,2026,3,15,-12,27.0,1520000000.0,27.1,478100000.0,-0.10000000000000142,1041900000.0,,13,12,1
2026-06-16,Iraq,Norway,,,FIFA World Cup,Foxborough,USA,True,2026,57,31,26,26.9,21200000.0,26.8,589900000.0,0.09999999999999787,-568700000.0,,9,15,-6
2026-06-16,Argentina,Algeria,,,FIFA World Cup,Kansas City,USA,True,2026,1,28,-27,29.1,807500000.0,26.9,256899999.99999997,2.200000000000003,550600000.0,,10,12,-2
2026-06-16,Austria,Jordan,,,FIFA World Cup,Santa Clara,USA,True,2026,24,63,-39,28.6,245200000.0,28.5,20300000.0,0.10000000000000142,224900000.0,,10,12,-2
2026-06-17,Portugal,Congo DR,,,FIFA World Cup,Houston,USA,True,2026,5,46,-41,28.1,1010000000.0,29.1,143900000.0,-1.0,866100000.0,,10,10,0
2026-06-17,Uzbekistan,Colombia,,,FIFA World Cup,Mexico City,Mexico,True,2026,50,14,36,28.5,85330000.0,30.1,302350000.0,-1.6000000000000014,-217020000.0,,11,9,2
2026-06-17,England,Croatia,,,FIFA World Cup,Arlington,USA,True,2026,4,11,-7,27.2,1360000000.0,28.4,387300000.0,-1.1999999999999993,972700000.0,,15,13,2
2026-06-17,Ghana,Panama,,,FIFA World Cup,Toronto,Canada,True,2026,73,34,39,26.8,234600000.0,30.5,34550000.0,-3.6999999999999993,200050000.0,,10,11,-1
2026-06-18,Czechia,South Africa,,,FIFA World Cup,Atlanta,USA,True,2026,40,61,-21,27.6,188180000.0,26.8,49250000.0,0.8000000000000007,138930000.0,,6,9,-3
2026-06-18,Mexico,Korea Republic,,,FIFA World Cup,Zapopan,Mexico,False,2026,13,25,-12,27.9,191850000.0,28.1,139050000.0,-0.20000000000000284,52800000.0,,13,9,4
2026-06-18,Switzerland,Bosnia and Herzegovina,,,FIFA World Cup,Inglewood,USA,True,2026,19,64,-45,28.3,332500000.0,26.4,151600000.0,1.9000000000000021,180900000.0,,11,7,4
2026-06-18,Canada,Qatar,,,FIFA World Cup,Vancouver,Canada,False,2026,30,56,-26,27.0,198650000.0,29.5,19930000.0,-2.5,178720000.0,,9,5,4
2026-06-19,Scotland,Morocco,,,FIFA World Cup,Foxborough,USA,True,2026,42,7,35,29.2,170250000.0,26.6,447700000.0,2.599999999999998,-277450000.0,,12,13,-1
2026-06-19,Brazil,Haiti,,,FIFA World Cup,Philadelphia,USA,True,2026,6,83,-77,29.4,928200000.0,27.6,55900000.0,1.7999999999999972,872300000.0,,7,10,-3
2026-06-19,USA,Australia,,,FIFA World Cup,Seattle,USA,False,2026,17,27,-10,26.9,385650000.0,27.4,77450000.0,-0.5,308200000.0,,10,15,-5
2026-06-19,Turkey,Paraguay,,,FIFA World Cup,Santa Clara,USA,True,2026,22,41,-19,27.7,473700000.0,29.1,153650000.0,-1.4000000000000021,320050000.0,,13,8,5
2026-06-20,Germany,Côte d'Ivoire,,,FIFA World Cup,Toronto,Canada,True,2026,10,33,-23,28.1,947000000.0,25.9,522100000.0,2.200000000000003,424900000.0,,15,10,5
2026-06-20,Ecuador,Curaçao,,,FIFA World Cup,Kansas City,USA,True,2026,23,82,-59,26.1,368700000.0,28.0,25780000.0,-1.8999999999999986,342920000.0,,7,5,2
2026-06-20,Netherlands,Sweden,,,FIFA World Cup,Houston,USA,True,2026,8,38,-30,27.8,754200000.0,27.6,406080000.0,0.1999999999999993,348120000.0,,13,7,6
2026-06-20,Tunisia,Japan,,,FIFA World Cup,Guadalupe,Mexico,True,2026,45,18,27,26.7,69950000.0,27.8,270850000.0,-1.1000000000000014,-200900000.0,,8,13,-5
2026-06-21,Belgium,IR Iran,,,FIFA World Cup,Inglewood,USA,True,2026,9,20,-11,27.6,547500000.0,30.4,32049999.999999996,-2.799999999999997,515450000.0,,11,6,5
2026-06-21,New Zealand,Egypt,,,FIFA World Cup,Vancouver,Canada,True,2026,85,29,56,28.1,34350000.0,29.1,116480000.0,-1.0,-82130000.0,,3,8,-5
2026-06-21,Spain,Saudi Arabia,,,FIFA World Cup,Atlanta,USA,True,2026,2,60,-58,26.8,1220000000.0,28.5,40680000.0,-1.6999999999999993,1179320000.0,,13,9,4
2026-06-21,Uruguay,Cabo Verde,,,FIFA World Cup,Miami Gardens,USA,True,2026,16,67,-51,28.8,359300000.0,29.7,54500000.0,-0.8999999999999986,304800000.0,,8,6,2
2026-06-22,France,Iraq,,,FIFA World Cup,Philadelphia,USA,True,2026,3,57,-54,27.0,1520000000.0,26.9,21200000.0,0.10000000000000142,1498800000.0,,13,9,4
2026-06-22,Norway,Senegal,,,FIFA World Cup,East Rutherford,USA,True,2026,31,15,16,26.8,589900000.0,27.1,478100000.0,-0.3000000000000007,111800000.0,,15,12,3
2026-06-22,Argentina,Austria,,,FIFA World Cup,Arlington,USA,True,2026,1,24,-23,29.1,807500000.0,28.6,245200000.0,0.5,562300000.0,,10,10,0
2026-06-22,Jordan,Algeria,,,FIFA World Cup,Santa Clara,USA,True,2026,63,28,35,28.5,20300000.0,26.9,256899999.99999997,1.6000000000000014,-236599999.99999997,,12,12,0
2026-06-23,Portugal,Uzbekistan,,,FIFA World Cup,Houston,USA,True,2026,5,50,-45,28.1,1010000000.0,28.5,85330000.0,-0.3999999999999986,924670000.0,,10,11,-1
2026-06-23,Colombia,Congo DR,,,FIFA World Cup,Zapopan,Mexico,True,2026,14,46,-32,30.1,302350000.0,29.1,143900000.0,1.0,158450000.0,,9,10,-1
2026-06-23,England,Ghana,,,FIFA World Cup,Foxborough,USA,True,2026,4,73,-69,27.2,1360000000.0,26.8,234600000.0,0.3999999999999986,1125400000.0,,15,10,5
2026-06-23,Panama,Croatia,,,FIFA World Cup,Toronto,Canada,True,2026,34,11,23,30.5,34550000.0,28.4,387300000.0,2.1000000000000014,-352750000.0,,11,13,-2
2026-06-24,Mexico,Czechia,,,FIFA World Cup,Mexico City,Mexico,False,2026,13,40,-27,27.9,191850000.0,27.6,188180000.0,0.29999999999999716,3670000.0,,13,6,7
2026-06-24,South Africa,Korea Republic,,,FIFA World Cup,Guadalupe,Mexico,True,2026,61,25,36,26.8,49250000.0,28.1,139050000.0,-1.3000000000000007,-89800000.0,,9,9,0
2026-06-24,Canada,Switzerland,,,FIFA World Cup,Vancouver,Canada,False,2026,30,19,11,27.0,198650000.0,28.3,332500000.0,-1.3000000000000007,-133850000.0,,9,11,-2
2026-06-24,Bosnia and Herzegovina,Qatar,,,FIFA World Cup,Seattle,USA,True,2026,64,56,8,26.4,151600000.0,29.5,19930000.0,-3.1000000000000014,131670000.0,,7,5,2
2026-06-24,Scotland,Brazil,,,FIFA World Cup,Miami Gardens,USA,True,2026,42,6,36,29.2,170250000.0,29.4,928200000.0,-0.1999999999999993,-757950000.0,,12,7,5
2026-06-24,Morocco,Haiti,,,FIFA World Cup,Atlanta,USA,True,2026,7,83,-76,26.6,447700000.0,27.6,55900000.0,-1.0,391800000.0,,13,10,3
2026-06-25,USA,Turkey,,,FIFA World Cup,Inglewood,USA,False,2026,17,22,-5,26.9,385650000.0,27.7,473700000.0,-0.8000000000000007,-88050000.0,,10,13,-3
2026-06-25,Paraguay,Australia,,,FIFA World Cup,Santa Clara,USA,True,2026,41,27,14,29.1,153650000.0,27.4,77450000.0,1.7000000000000028,76200000.0,,8,15,-7
2026-06-25,Curaçao,Côte d'Ivoire,,,FIFA World Cup,Philadelphia,USA,True,2026,82,33,49,28.0,25780000.0,25.9,522100000.0,2.1000000000000014,-496320000.0,,5,10,-5
2026-06-25,Ecuador,Germany,,,FIFA World Cup,East Rutherford,USA,True,2026,23,10,13,26.1,368700000.0,28.1,947000000.0,-2.0,-578300000.0,,7,15,-8
2026-06-25,Japan,Sweden,,,FIFA World Cup,Arlington,USA,True,2026,18,38,-20,27.8,270850000.0,27.6,406080000.0,0.1999999999999993,-135230000.0,,13,7,6
2026-06-25,Tunisia,Netherlands,,,FIFA World Cup,Kansas City,USA,True,2026,45,8,37,26.7,69950000.0,27.8,754200000.0,-1.1000000000000014,-684250000.0,,8,13,-5
2026-06-26,Egypt,IR Iran,,,FIFA World Cup,Seattle,USA,True,2026,29,20,9,29.1,116480000.0,30.4,32049999.999999996,-1.2999999999999972,84430000.0,,8,6,2
2026-06-26,New Zealand,Belgium,,,FIFA World Cup,Vancouver,Canada,True,2026,85,9,76,28.1,34350000.0,27.6,547500000.0,0.5,-513150000.0,,3,11,-8
2026-06-26,Cabo Verde,Saudi Arabia,,,FIFA World Cup,Houston,USA,True,2026,67,60,7,29.7,54500000.0,28.5,40680000.0,1.1999999999999993,13820000.0,,6,9,-3
2026-06-26,Uruguay,Spain,,,FIFA World Cup,Zapopan,Mexico,True,2026,16,2,14,28.8,359300000.0,26.8,1220000000.0,2.0,-860700000.0,,8,13,-5
2026-06-26,Norway,France,,,FIFA World Cup,Foxborough,USA,True,2026,31,3,28,26.8,589900000.0,27.0,1520000000.0,-0.1999999999999993,-930100000.0,,15,13,2
2026-06-26,Senegal,Iraq,,,FIFA World Cup,Toronto,Canada,True,2026,15,57,-42,27.1,478100000.0,26.9,21200000.0,0.20000000000000284,456900000.0,,12,9,3
2026-06-27,Algeria,Austria,,,FIFA World Cup,Kansas City,USA,True,2026,28,24,4,26.9,256899999.99999997,28.6,245200000.0,-1.7000000000000028,11699999.99999997,,12,10,2
2026-06-27,Jordan,Argentina,,,FIFA World Cup,Arlington,USA,True,2026,63,1,62,28.5,20300000.0,29.1,807500000.0,-0.6000000000000014,-787200000.0,,12,10,2
2026-06-27,Colombia,Portugal,,,FIFA World Cup,Miami Gardens,USA,True,2026,14,5,9,30.1,302350000.0,28.1,1010000000.0,2.0,-707650000.0,,9,10,-1
2026-06-27,Congo DR,Uzbekistan,,,FIFA World Cup,Atlanta,USA,True,2026,46,50,-4,29.1,143900000.0,28.5,85330000.0,0.6000000000000014,58570000.0,,10,11,-1
2026-06-27,Panama,England,,,FIFA World Cup,East Rutherford,USA,True,2026,34,4,30,30.5,34550000.0,27.2,1360000000.0,3.3000000000000007,-1325450000.0,,11,15,-4
2026-06-27,Croatia,Ghana,,,FIFA World Cup,Philadelphia,USA,True,2026,11,73,-62,28.4,387300000.0,26.8,234600000.0,1.5999999999999979,152700000.0,,13,10,3
